{"type":"FeatureCollection","features":[{"type":"Feature","properties":{},"geometry":{"type":"MultiPolygon","coordinates":[[[[132.0,43.10054220837465],[131.95224,43.071967],[131.929942,43.069566],[131.886485,43.085639],[131.917247,43.107856],[131.920665,43.120429],[131.870942,43.090318],[131.859141,43.085639],[131.847179,43.089911],[131.911713,43.197577],[131.958588,43.229926],[132.0,43.243741077826336],[132.0,43.10054220837465]]],[[[131.999848,43.284084],[131.992035,43.273098],[131.968354,43.270575],[131.978119,43.29206],[131.956798,43.305854],[131.895274,43.31863],[131.846039,43.305365],[131.82602,43.317939],[131.838634,43.332709],[131.826671,43.337958],[131.815684,43.336737],[131.799327,43.315863],[131.774181,43.302069],[131.764252,43.291693],[131.750499,43.225287],[131.722667,43.209784],[131.722667,43.202338],[131.758311,43.19538],[131.763927,43.185858],[131.749848,43.174994],[131.730724,43.17414],[131.694672,43.202338],[131.683849,43.199286],[131.674164,43.18183],[131.646983,43.16885],[131.651459,43.155992],[131.666759,43.156887],[131.694672,43.174994],[131.664887,43.12519],[131.586762,43.049954],[131.562999,43.038316],[131.564952,42.996283],[131.547862,42.993109],[131.51767,43.009345],[131.499522,42.999986],[131.491954,42.98432],[131.49936,42.957099],[131.496104,42.942288],[131.438243,42.934149],[131.405528,42.950629],[131.393891,42.945014],[131.386241,42.914293],[131.406342,42.910061],[131.410737,42.900946],[131.400401,42.873358],[131.458995,42.884426],[131.471934,42.883938],[131.47169,42.873236],[131.409028,42.839342],[131.378917,42.831122],[131.360362,42.806627],[131.363617,42.782172],[131.352017,42.774328],[131.300134,42.793277],[131.273127,42.777331],[131.236447,42.706644],[131.261078,42.688056],[131.262299,42.681098],[131.254161,42.668199],[131.232677,42.667914],[131.224213,42.66059],[131.201182,42.614025],[131.224301,42.604926],[131.23409,42.588854],[131.212751,42.583939],[131.224376,42.570624],[131.213275,42.551393],[131.185346,42.55955],[131.167003,42.575629],[131.167003,42.585395],[131.179197,42.594382],[131.18065,42.605205],[131.158494,42.601305],[131.126903,42.617256],[131.127415,42.64681],[131.120347,42.66719],[131.105701,42.668348],[131.087027,42.640375],[131.034434,42.645209],[130.994884,42.640692],[130.95248,42.627798],[130.931163,42.60692],[130.889659,42.599595],[130.815478,42.634172],[130.838587,42.642995],[130.889481,42.638612],[130.911513,42.616826],[130.93214,42.618354],[130.944591,42.631171],[130.949714,42.653123],[130.847833,42.661317],[130.803441,42.651151],[130.786981,42.653764],[130.795947,42.66285],[130.832042,42.674058],[130.83701,42.691592],[130.825457,42.699322],[130.801786,42.696845],[130.769298,42.681586],[130.745349,42.681096],[130.720758,42.700025],[130.65667,42.66408],[130.660789,42.643185],[130.683442,42.643541],[130.732921,42.615546],[130.736908,42.607245],[130.729503,42.579169],[130.754649,42.597235],[130.774181,42.596829],[130.783539,42.579169],[130.842133,42.558539],[130.854991,42.539252],[130.86964,42.535468],[130.872895,42.527655],[130.870209,42.517971],[130.85849,42.524563],[130.843028,42.519761],[130.838145,42.51024],[130.844981,42.486314],[130.838715,42.472357],[130.823253,42.465033],[130.786632,42.461859],[130.743194,42.353687],[130.703603,42.295241],[130.597544,42.26278],[130.594981,42.298163],[130.569366,42.315259],[130.540501,42.318371],[130.51019,42.33578],[130.480684,42.339752],[130.465653,42.334752],[130.469396,42.322075],[130.45646,42.311769],[130.440098,42.309128],[130.419159,42.324398],[130.40745,42.324577],[130.405854,42.307115],[130.384157,42.291195],[130.386241,42.270657],[130.405854,42.26081],[130.40089,42.242499],[130.378182,42.257855],[130.367992,42.255687],[130.360655,42.243664],[130.369837,42.232011],[130.358829,42.229272],[130.351505,42.216083],[130.335057,42.213999],[130.330645,42.191508],[130.307026,42.183154],[130.315635,42.218883],[130.307418,42.236295],[130.294182,42.237045],[130.228986,42.182452],[130.202274,42.173551],[130.199311,42.101304],[130.17392,42.098782],[130.160248,42.08511],[130.166596,42.077094],[130.159432,42.072838],[130.120069,42.090081],[130.092772,42.089811],[130.073041,42.078459],[130.067015,42.051899],[130.052222,42.050365],[130.033879,41.995514],[130.026817,41.9927],[130.01495,42.014404],[130.002884,42.010912],[130.001297,41.990466],[129.982188,41.982652],[130.002696,41.962226],[129.985606,41.955268],[129.974864,41.941636],[129.978282,41.943793],[129.964692,41.898749],[129.954438,41.892035],[129.91362,41.911195],[129.89674,41.904263],[129.883393,41.857408],[129.884532,41.824164],[129.869652,41.791457],[129.855171,41.781792],[129.85246,41.764923],[129.842813,41.758783],[129.826546,41.778446],[129.813315,41.777733],[129.77476,41.759417],[129.741361,41.684018],[129.715019,41.675337],[129.690823,41.649716],[129.669409,41.575959],[129.648798,41.549403],[129.660655,41.525946],[129.65273,41.494124],[129.659403,41.464647],[129.714603,41.419646],[129.736056,41.421286],[129.758184,41.392594],[129.769298,41.386176],[129.796641,41.386176],[129.806163,41.376044],[129.786143,41.324774],[129.770356,41.315131],[129.759125,41.292873],[129.719574,41.166938],[129.711925,41.122626],[129.728282,41.08515],[129.719819,41.05622],[129.728282,40.978705],[129.750824,40.951728],[129.764891,40.944414],[129.755574,40.93897],[129.749229,40.91701],[129.752997,40.90994],[129.734272,40.891102],[129.737343,40.871456],[129.716558,40.834586],[129.706087,40.835661],[129.698357,40.845606],[129.662852,40.838772],[129.571773,40.839716],[129.553941,40.828932],[129.551051,40.810117],[129.531997,40.807277],[129.518081,40.795467],[129.476529,40.793878],[129.426954,40.781296],[129.351687,40.745343],[129.32783,40.718128],[129.303233,40.673651],[129.286632,40.68358],[129.270138,40.70798],[129.233482,40.705714],[129.217703,40.696353],[129.206426,40.675546],[129.197765,40.638007],[129.174555,40.60366],[129.172618,40.568915],[129.161235,40.565549],[129.150899,40.545897],[129.077564,40.472565],[129.030116,40.47397],[128.975812,40.459933],[128.860532,40.371848],[128.830534,40.367387],[128.813567,40.35498],[128.764042,40.34653],[128.752005,40.335095],[128.721645,40.338947],[128.687808,40.331197],[128.669669,40.310771],[128.656655,40.310763],[128.65534,40.320177],[128.636489,40.313217],[128.618948,40.297331],[128.616447,40.271443],[128.656722,40.25714],[128.66778,40.240309],[128.664561,40.201239],[128.628875,40.180266],[128.588611,40.186673],[128.543199,40.166767],[128.527681,40.143424],[128.510189,40.135456],[128.479799,40.134749],[128.434946,40.104002],[128.411388,40.096381],[128.364765,40.09689],[128.337765,40.067048],[128.327753,40.028216],[128.302094,40.033433],[128.280132,40.065477],[128.263444,40.077105],[128.236322,40.067904],[128.227837,40.056206],[128.234386,40.029364],[128.19337,40.029364],[128.155121,40.016303],[128.139415,40.02733],[128.006847,40.045152],[127.997813,40.020413],[127.963715,40.004096],[127.940033,39.974758],[127.930268,39.97191],[127.906659,39.983942],[127.891038,39.961225],[127.884044,39.902086],[127.874604,39.892808],[127.78183,39.885403],[127.796397,39.875637],[127.794037,39.865668],[127.762438,39.853534],[127.727383,39.857189],[127.69575,39.848201],[127.679629,39.816439],[127.663291,39.806801],[127.648699,39.820897],[127.623749,39.830935],[127.607188,39.810248],[127.56186,39.784003],[127.549408,39.761054],[127.514415,39.738593],[127.501313,39.707221],[127.512218,39.649482],[127.552745,39.636786],[127.570323,39.617865],[127.574555,39.595038],[127.53677,39.552012],[127.520439,39.510465],[127.562999,39.343736],[127.562104,39.31623],[127.543468,39.301947],[127.521821,39.31623],[127.5206,39.329413],[127.542247,39.371487],[127.507579,39.409247],[127.495128,39.433417],[127.482921,39.436998],[127.425548,39.392524],[127.378429,39.378852],[127.378429,39.371487],[127.425548,39.357123],[127.453868,39.367987],[127.46754,39.363837],[127.473399,39.347561],[127.466807,39.340155],[127.425548,39.330471],[127.408295,39.343248],[127.391938,39.341864],[127.398285,39.323676],[127.37203,39.240426],[127.393403,39.201728],[127.45224,39.165961],[127.471934,39.16828],[127.473399,39.193305],[127.491303,39.194892],[127.511729,39.15644],[127.531749,39.146145],[127.606944,39.152045],[127.631684,39.146145],[127.661388,39.121487],[127.675629,39.11815],[127.759288,39.117011],[127.823741,39.043036],[127.851573,39.00141],[127.885509,38.974189],[127.888682,38.961371],[127.892914,38.957465],[127.908702,38.96719],[127.914317,38.964179],[127.92628,38.934475],[127.961762,38.917914],[128.014659,38.85814],[128.091156,38.843736],[128.210216,38.727729],[128.282807,38.755072],[128.313243,38.717231],[128.347667,38.696723],[128.35963,38.678656],[128.364594,38.624742],[128.441417,38.505805],[128.474457,38.426093],[128.562755,38.288967],[128.631602,38.144965],[128.678722,38.094306],[128.692475,38.064927],[128.923839,37.802314],[129.06422,37.67886],[129.073334,37.613023],[129.108735,37.597398],[129.148204,37.505113],[129.161225,37.487616],[129.189952,37.469387],[129.235444,37.398261],[129.262787,37.370917],[129.282807,37.324449],[129.331065,37.282172],[129.346446,37.247504],[129.360118,37.17178],[129.378917,37.130113],[129.430186,37.073065],[129.434093,37.061103],[129.41269,37.018052],[129.428722,36.897406],[129.437999,36.856147],[129.471202,36.771877],[129.473888,36.730618],[129.463471,36.69245],[129.422618,36.616645],[129.447113,36.493313],[129.440929,36.407945],[129.434825,36.389594],[129.391856,36.342475],[129.386567,36.322699],[129.382335,36.20185],[129.385753,36.185452],[129.403901,36.167629],[129.417084,36.107571],[129.430512,36.097398],[129.418712,36.072984],[129.381783,36.055175],[129.380859,36.041487],[129.433051,35.996108],[129.453331,35.993287],[129.479015,36.009589],[129.554795,36.082478],[129.5713,36.071845],[129.58725,36.016913],[129.53559,35.939036],[129.522134,35.844552],[129.496216,35.785074],[129.497651,35.74787],[129.471126,35.683222],[129.443053,35.63609],[129.467275,35.599668],[129.4546,35.513251],[129.427989,35.478746],[129.412852,35.472073],[129.400401,35.512641],[129.387462,35.529853],[129.373546,35.532782],[129.365245,35.513251],[129.387055,35.502265],[129.391856,35.475735],[129.387462,35.462307],[129.357758,35.451809],[129.364581,35.40687],[129.346787,35.382273],[129.361814,35.367172],[129.360444,35.353583],[129.320513,35.338545],[129.29272,35.316049],[129.269206,35.316767],[129.2624,35.283989],[129.249735,35.266228],[129.255707,35.246975],[129.228479,35.200531],[129.194347,35.155504],[129.120257,35.149617],[129.119297,35.135567],[129.128601,35.114148],[129.12347,35.100845],[129.101078,35.092276],[129.06384,35.120847],[129.037627,35.097834],[129.021862,35.059983],[129.013754,35.055307],[128.997026,35.075728],[129.000402,35.04595],[128.985112,35.054284],[128.965125,35.043649],[128.95036,35.072913],[128.961341,35.118955],[128.962778,35.133386],[128.95801,35.136897],[128.91842,35.081882],[128.904593,35.081099],[128.904586,35.12051],[128.897926,35.121305],[128.882186,35.081485],[128.791555,35.082953],[128.781077,35.111062],[128.771988,35.083313],[128.761971,35.079392],[128.738689,35.087988],[128.727794,35.104722],[128.715831,35.105862],[128.70045,35.096137],[128.6963,35.1435],[128.680512,35.131415],[128.679942,35.115953],[128.638031,35.149848],[128.617931,35.143256],[128.622325,35.157375],[128.614024,35.177436],[128.617931,35.184882],[128.602061,35.213935],[128.578136,35.189358],[128.577891,35.178656],[128.601817,35.121243],[128.627045,35.090766],[128.624766,35.068183],[128.65211,35.061347],[128.634532,35.054633],[128.603608,35.056627],[128.596772,35.075019],[128.580333,35.087877],[128.511241,35.104234],[128.469086,35.095404],[128.481293,35.075019],[128.389171,35.049018],[128.37143,35.006781],[128.471202,35.050238],[128.488129,35.051174],[128.499604,35.009223],[128.491547,34.995917],[128.47877,34.990058],[128.426768,34.992499],[128.420014,34.982733],[128.441417,34.959947],[128.432953,34.890692],[128.442149,34.88349],[128.450938,34.885891],[128.460948,34.903713],[128.474457,34.890692],[128.435313,34.843166],[128.41293,34.837635],[128.382883,34.83929],[128.383397,34.854587],[128.410899,34.856024],[128.415863,34.862738],[128.35377,34.868476],[128.340831,34.872707],[128.326508,34.889065],[128.324474,34.897284],[128.357758,34.909898],[128.335053,34.947333],[128.318696,34.934068],[128.302257,34.908026],[128.279063,34.906806],[128.257904,34.930162],[128.224132,34.937893],[128.214122,34.932929],[128.208588,34.920844],[128.207042,34.890692],[128.139415,34.891913],[128.121104,34.900295],[128.117686,34.924221],[128.055675,34.931627],[128.051036,34.939643],[128.054047,35.035834],[128.069347,35.082465],[128.024994,35.035793],[128.000987,35.034084],[128.019298,34.998684],[128.006847,34.991767],[127.979747,34.992255],[127.953868,34.978827],[127.937022,35.012641],[127.925792,35.019761],[127.922862,34.987535],[127.91212,34.962063],[127.891205,34.946682],[127.84433,34.950181],[127.830333,34.944729],[127.798432,34.958645],[127.744395,34.960191],[127.719249,34.990058],[127.72047,34.965155],[127.709239,34.940416],[127.66212,34.906806],[127.641124,34.899115],[127.626069,34.909735],[127.607188,34.941311],[127.591563,34.946438],[127.580658,34.933661],[127.576427,34.896918],[127.601166,34.85635],[127.646007,34.816067],[127.656505,34.811916],[127.699962,34.842271],[127.756847,34.840806],[127.775645,34.849066],[127.749848,34.737128],[127.741547,34.725572],[127.706391,34.715888],[127.656261,34.731269],[127.63795,34.698228],[127.624278,34.698228],[127.63795,34.670966],[127.645274,34.626288],[127.640717,34.617987],[127.614024,34.636868],[127.572276,34.647406],[127.560802,34.662177],[127.555919,34.684556],[127.584483,34.746243],[127.555919,34.800727],[127.535411,34.808092],[127.539561,34.823065],[127.524425,34.84927],[127.528087,34.879828],[127.521251,34.889838],[127.510997,34.884711],[127.483897,34.839545],[127.444672,34.829169],[127.365326,34.824042],[127.425548,34.800727],[127.425548,34.79442],[127.361583,34.773342],[127.357921,34.759711],[127.366466,34.753974],[127.385265,34.760199],[127.395274,34.756659],[127.402354,34.747138],[127.3921,34.739814],[127.406016,34.700019],[127.466156,34.662177],[127.487559,34.636868],[127.45224,34.636868],[127.495209,34.623236],[127.50359,34.591325],[127.484141,34.576565],[127.45224,34.574774],[127.3921,34.602037],[127.349376,34.585842],[127.343598,34.578192],[127.357921,34.554267],[127.380408,34.547105],[127.418419,34.55528],[127.43922,34.540676],[127.374941,34.485037],[127.356618,34.491965],[127.327802,34.473929],[127.330821,34.456488],[127.343598,34.445014],[127.315926,34.444901],[127.260997,34.513332],[127.223481,34.54682],[127.172374,34.527574],[127.17921,34.513332],[127.1338,34.526313],[127.124522,34.540676],[127.123302,34.555365],[127.129649,34.56391],[127.159028,34.580024],[127.191661,34.623603],[127.21339,34.636868],[127.20753,34.60399],[127.192882,34.574774],[127.246674,34.583726],[127.261322,34.600409],[127.260997,34.62995],[127.241466,34.655829],[127.240571,34.670966],[127.27475,34.705146],[127.292003,34.694525],[127.288422,34.677191],[127.294444,34.66413],[127.314464,34.651923],[127.329926,34.656684],[127.357921,34.698228],[127.331554,34.741156],[127.290782,34.721381],[127.272716,34.733791],[127.248057,34.766547],[127.213715,34.705552],[127.199718,34.691474],[127.185313,34.686672],[127.136241,34.688056],[127.099132,34.654486],[127.010265,34.612494],[127.007172,34.581529],[126.986664,34.553697],[126.994151,34.540676],[126.938975,34.495917],[126.940766,34.454576],[126.931407,34.447699],[126.904796,34.458686],[126.896007,34.449937],[126.892345,34.429389],[126.89796,34.417711],[126.857026,34.437567],[126.809825,34.451239],[126.802013,34.470404],[126.806651,34.568549],[126.800059,34.582017],[126.788666,34.589057],[126.777843,34.586493],[126.755219,34.557685],[126.765961,34.523383],[126.735118,34.514879],[126.739106,34.502672],[126.761485,34.479193],[126.708751,34.449897],[126.727061,34.442776],[126.723643,34.430813],[126.690196,34.43594],[126.682221,34.414008],[126.633637,34.395697],[126.605317,34.321682],[126.603282,34.300442],[126.578868,34.304755],[126.532807,34.292222],[126.521251,34.294176],[126.527436,34.341376],[126.505707,34.349921],[126.479584,34.348822],[126.488536,34.380561],[126.500743,34.38231],[126.517589,34.413764],[126.5088,34.427232],[126.475841,34.433254],[126.483735,34.47016],[126.481944,34.476752],[126.465912,34.472357],[126.470307,34.496487],[126.490245,34.508612],[126.541759,34.513332],[126.531016,34.527004],[126.513764,34.53384],[126.539317,34.553616],[126.539643,34.562974],[126.527436,34.568549],[126.507579,34.554267],[126.479584,34.561103],[126.465912,34.540676],[126.417328,34.540351],[126.39088,34.53384],[126.389008,34.549709],[126.3567,34.568549],[126.346039,34.584621],[126.340099,34.574368],[126.324962,34.569648],[126.295258,34.589057],[126.29184,34.599107],[126.301524,34.608873],[126.315522,34.604071],[126.322765,34.608873],[126.318614,34.619127],[126.271088,34.642483],[126.269379,34.671291],[126.288585,34.725572],[126.290294,34.75023],[126.298432,34.753485],[126.319591,34.747748],[126.3567,34.698228],[126.347179,34.687893],[126.345958,34.66767],[126.369884,34.608873],[126.382335,34.602729],[126.431895,34.595893],[126.453136,34.583808],[126.46461,34.584662],[126.472748,34.602037],[126.434997,34.606786],[126.412567,34.629766],[126.416108,34.652737],[126.402902,34.650748],[126.396519,34.636604],[126.386134,34.635835],[126.376775,34.67947],[126.384379,34.693699],[126.378613,34.711182],[126.405969,34.713408],[126.447881,34.705879],[126.453336,34.697884],[126.452891,34.670966],[126.535711,34.623178],[126.54005,34.62759],[126.519111,34.65037],[126.531556,34.652597],[126.602701,34.625532],[126.623627,34.62995],[126.60255,34.63288],[126.555431,34.66352],[126.562755,34.670966],[126.541108,34.683987],[126.508393,34.718492],[126.465343,34.729682],[126.435767,34.728105],[126.415375,34.739],[126.390179,34.733397],[126.36706,34.739664],[126.364017,34.74916],[126.378317,34.763888],[126.392328,34.768607],[126.422128,34.764784],[126.460149,34.778755],[126.50587,34.751044],[126.521251,34.753485],[126.534923,34.746039],[126.532481,34.782864],[126.544444,34.795722],[126.56894,34.800727],[126.638194,34.788031],[126.631114,34.800727],[126.665294,34.808092],[126.650401,34.82217],[126.575776,34.821763],[126.575776,34.855292],[126.589122,34.87287],[126.589447,34.883246],[126.581391,34.898017],[126.567638,34.901435],[126.541759,34.883246],[126.548595,34.849066],[126.513276,34.782294],[126.493419,34.780829],[126.487153,34.787055],[126.500743,34.808092],[126.487153,34.813788],[126.456065,34.800727],[126.429454,34.805609],[126.42099,34.802314],[126.419318,34.791988],[126.384044,34.786322],[126.373546,34.790717],[126.370128,34.801337],[126.405121,34.837226],[126.410981,34.851264],[126.408702,34.873969],[126.425059,34.890692],[126.401703,34.915473],[126.397716,34.951483],[126.436371,34.981391],[126.399994,34.984565],[126.370616,34.968492],[126.377289,34.937893],[126.363292,34.927436],[126.345225,34.926418],[126.315196,34.937893],[126.328868,34.944729],[126.301524,34.972602],[126.312999,34.977444],[126.349213,34.972602],[126.346202,34.994086],[126.374115,35.016832],[126.36671,35.037787],[126.320649,35.083319],[126.301524,35.08869],[126.309418,35.06623],[126.302501,35.053371],[126.288341,35.052965],[126.274181,35.068183],[126.283539,35.078843],[126.257823,35.106838],[126.254242,35.12344],[126.268647,35.137152],[126.289073,35.13939],[126.307221,35.131781],[126.315196,35.115953],[126.327891,35.122626],[126.343028,35.156968],[126.35141,35.135972],[126.344981,35.096422],[126.3567,35.096137],[126.365326,35.074042],[126.411388,35.061347],[126.407237,35.038967],[126.425059,35.019761],[126.450287,35.066596],[126.452403,35.100287],[126.414154,35.119696],[126.403901,35.142157],[126.371104,35.173529],[126.363536,35.187974],[126.377289,35.211615],[126.361583,35.225653],[126.363536,35.239488],[126.30893,35.233303],[126.320079,35.244574],[126.377289,35.25259],[126.3567,35.259996],[126.380382,35.284166],[126.380707,35.327094],[126.411388,35.369859],[126.431895,35.349351],[126.458507,35.345445],[126.418224,35.394029],[126.469814,35.498526],[126.492663,35.525333],[126.594233,35.542488],[126.622977,35.568612],[126.642889,35.572775],[126.679047,35.538031],[126.692475,35.534369],[126.670177,35.58869],[126.65504,35.595771],[126.513158,35.576897],[126.463736,35.601973],[126.467559,35.639638],[126.490977,35.649115],[126.530335,35.683164],[126.597168,35.71389],[126.625132,35.745626],[126.629389,35.775481],[126.662154,35.792998],[126.733127,35.792415],[126.771332,35.775214],[126.781993,35.76024],[126.791026,35.791449],[126.700694,35.83983],[126.70338,35.848456],[126.729096,35.864976],[126.79713,35.86286],[126.806163,35.866685],[126.819347,35.888129],[126.837494,35.893297],[126.809825,35.911689],[126.733165,35.885565],[126.612289,35.890224],[126.608809,35.931127],[126.56974,35.945952],[126.525736,35.940359],[126.521417,35.97052],[126.711192,35.985785],[126.727306,35.993638],[126.744477,35.989569],[126.802338,36.020941],[126.849132,36.036038],[126.868907,36.047512],[126.870697,36.061957],[126.791515,36.042182],[126.754405,36.017727],[126.692475,35.999905],[126.677257,36.005927],[126.665294,36.034613],[126.631114,36.075588],[126.64503,36.084703],[126.612328,36.098992],[126.589447,36.130805],[126.571869,36.136979],[126.552282,36.130809],[126.551768,36.141823],[126.529172,36.153514],[126.509648,36.151025],[126.500255,36.125718],[126.493419,36.130805],[126.497401,36.160019],[126.531357,36.17394],[126.561341,36.181588],[126.603282,36.17182],[126.580089,36.199368],[126.56894,36.205959],[126.548595,36.205959],[126.534923,36.219631],[126.567963,36.286811],[126.582612,36.294664],[126.571544,36.305609],[126.513764,36.322659],[126.528819,36.333889],[126.573334,36.342597],[126.582612,36.353013],[126.576182,36.366278],[126.5206,36.373603],[126.500743,36.390937],[126.500743,36.397691],[126.513764,36.397691],[126.498779,36.420106],[126.537537,36.433221],[126.556778,36.45583],[126.617442,36.473456],[126.559093,36.473456],[126.545014,36.466986],[126.523448,36.441107],[126.507579,36.438666],[126.497651,36.448391],[126.483409,36.497016],[126.513927,36.528795],[126.510753,36.534247],[126.49158,36.52867],[126.470329,36.540199],[126.465685,36.549387],[126.469218,36.566934],[126.457657,36.595596],[126.512312,36.603209],[126.519867,36.626166],[126.483799,36.649603],[126.50803,36.670413],[126.49851,36.684273],[126.474535,36.687885],[126.469687,36.704587],[126.477349,36.716888],[126.500743,36.719875],[126.479584,36.747138],[126.437999,36.716457],[126.445636,36.700722],[126.44688,36.683762],[126.439513,36.664265],[126.443907,36.638081],[126.424238,36.606581],[126.405728,36.618196],[126.386391,36.618888],[126.36715,36.629065],[126.377909,36.702582],[126.366422,36.706972],[126.369884,36.732327],[126.359141,36.742662],[126.343028,36.740383],[126.324311,36.699652],[126.301524,36.699368],[126.329112,36.66059],[126.335704,36.64411],[126.324718,36.636623],[126.326182,36.628363],[126.343028,36.610012],[126.314789,36.60163],[126.295258,36.582709],[126.288585,36.610012],[126.302338,36.634426],[126.27296,36.673163],[126.281749,36.692572],[126.274181,36.719875],[126.255707,36.711575],[126.229259,36.684719],[126.177745,36.673245],[126.165619,36.6789],[126.156993,36.702053],[126.203136,36.705878],[126.213634,36.711615],[126.21339,36.726711],[126.202647,36.742418],[126.158214,36.76081],[126.150157,36.723944],[126.132823,36.703843],[126.128184,36.761298],[126.156586,36.794176],[126.165619,36.816067],[126.185395,36.781317],[126.21339,36.781317],[126.192231,36.80858],[126.220714,36.801744],[126.232432,36.804185],[126.240001,36.816067],[126.198741,36.823228],[126.196869,36.835679],[126.21339,36.857001],[126.190766,36.872016],[126.192231,36.885932],[126.233897,36.904202],[126.229991,36.873033],[126.275238,36.874742],[126.281749,36.883734],[126.285655,36.961127],[126.30893,36.966864],[126.306651,36.931464],[126.323497,36.883246],[126.301524,36.857001],[126.30893,36.829088],[126.281749,36.812323],[126.282725,36.803697],[126.29127,36.789252],[126.315278,36.804348],[126.327891,36.804633],[126.3567,36.788764],[126.328705,36.846991],[126.339366,36.857001],[126.365326,36.835354],[126.374115,36.849555],[126.404552,36.857001],[126.404552,36.863227],[126.377289,36.870673],[126.377289,36.876899],[126.401378,36.881415],[126.415538,36.899848],[126.4192,36.922309],[126.411388,36.93891],[126.376475,36.941596],[126.353852,36.955227],[126.350678,36.964504],[126.355479,36.96776],[126.369884,36.959418],[126.376475,36.974921],[126.369395,36.984117],[126.335704,36.986762],[126.353038,36.999986],[126.36378,37.001451],[126.391449,36.989814],[126.39088,37.00788],[126.445404,37.003404],[126.452891,36.99018],[126.432384,36.961982],[126.438731,36.945787],[126.468598,36.957587],[126.478526,36.935858],[126.479584,36.929023],[126.465912,36.911607],[126.465912,36.866929],[126.469249,36.85399],[126.483897,36.841498],[126.519135,36.947903],[126.548595,36.92593],[126.56837,36.898505],[126.582612,36.898017],[126.559093,36.942369],[126.493419,36.997016],[126.496837,37.007799],[126.505382,37.006578],[126.54005,36.976874],[126.562755,36.97309],[126.572113,36.977484],[126.566173,36.99079],[126.53297,37.000922],[126.512254,37.01643],[126.500743,37.054999],[126.535004,37.049262],[126.626095,36.996104],[126.636095,36.982453],[126.621674,36.959784],[126.633556,36.937405],[126.631114,36.911607],[126.646495,36.925116],[126.649449,36.966056],[126.665043,36.988525],[126.681544,36.994704],[126.757767,36.98222],[126.796235,36.955756],[126.797699,36.934394],[126.781993,36.891181],[126.812755,36.916938],[126.823009,36.918443],[126.83017,36.910224],[126.836518,36.866929],[126.829845,36.839342],[126.849132,36.788031],[126.846283,36.77912],[126.829845,36.775092],[126.836762,36.760932],[126.850841,36.753974],[126.871593,36.804023],[126.863292,36.829088],[126.904796,36.822252],[126.870453,36.852769],[126.860199,36.869574],[126.942475,36.893378],[126.989513,36.918606],[127.000336,36.928371],[127.007172,36.952623],[126.994151,36.966864],[127.039399,36.982001],[127.042003,36.993598],[126.982188,36.98017],[126.973155,36.969957],[126.976329,36.939032],[126.969086,36.932034],[126.945811,36.92593],[126.91269,36.929633],[126.873383,36.947984],[126.837901,36.975898],[126.82441,37.002616],[126.884288,37.00788],[126.884288,37.014106],[126.870697,37.02147],[126.892589,37.022162],[126.910981,37.014106],[126.906749,37.033149],[126.883149,37.069566],[126.890473,37.095933],[126.879161,37.100002],[126.870453,37.090766],[126.858653,37.041327],[126.849132,37.037299],[126.839692,37.044867],[126.80128,37.037746],[126.755219,37.048814],[126.751191,37.070092],[126.752859,37.100688],[126.778268,37.132804],[126.81121,37.144121],[126.863536,37.150295],[126.870697,37.175482],[126.864513,37.179104],[126.829845,37.158677],[126.807384,37.165269],[126.802338,37.18537],[126.759288,37.1647],[126.723643,37.133857],[126.702891,37.124701],[126.685639,37.130113],[126.686046,37.139309],[126.706879,37.164862],[126.668468,37.161811],[126.665294,37.175482],[126.670665,37.185614],[126.706879,37.199652],[126.719005,37.212877],[126.680186,37.217678],[126.658458,37.254299],[126.67213,37.261705],[126.679454,37.257229],[126.709972,37.261705],[126.752208,37.248277],[126.767589,37.254299],[126.767589,37.232327],[126.781993,37.22016],[126.792491,37.223456],[126.802338,37.254299],[126.819184,37.2744],[126.848643,37.265326],[126.870697,37.26789],[126.852143,37.2862],[126.828891,37.287984],[126.822544,37.295607],[126.783573,37.295268],[126.73331,37.30617],[126.689793,37.332486],[126.687488,37.344028],[126.720045,37.377053],[126.717162,37.383839],[126.66475,37.389168],[126.64034,37.36439],[126.615087,37.379745],[126.638629,37.413791],[126.630308,37.425013],[126.595985,37.439657],[126.595018,37.472273],[126.604761,37.485697],[126.642022,37.496062],[126.644163,37.504385],[126.630675,37.507301],[126.627025,37.498595],[126.606451,37.496812],[126.601106,37.506802],[126.603792,37.549297],[126.560515,37.607353],[126.531016,37.754706],[126.534923,37.768215],[126.548188,37.770168],[126.603282,37.754543],[126.648529,37.765041],[126.661876,37.757961],[126.66684,37.746161],[126.661469,37.672431],[126.692149,37.652045],[126.731049,37.639065],[126.755219,37.637885],[126.678803,37.686265],[126.700531,37.742987],[126.68686,37.773627],[126.684906,37.793606],[126.699962,37.829657],[126.692475,37.837104],[126.682628,37.836005],[126.655772,37.814521],[126.651622,37.799262],[126.593272,37.7744],[126.576182,37.777533],[126.436615,37.848375],[126.397716,37.89175],[126.378673,37.889594],[126.259532,37.845445],[126.199962,37.844224],[126.158214,37.829657],[126.147716,37.819037],[126.165375,37.768256],[126.158214,37.733466],[126.110362,37.740912],[126.086925,37.80036],[126.062836,37.802232],[126.055756,37.870592],[126.026134,37.853664],[126.012787,37.854315],[126.000743,37.885565],[125.959483,37.912177],[125.944102,37.901923],[125.950531,37.88935],[125.972504,37.874335],[125.986176,37.822821],[125.955903,37.840318],[125.921641,37.844875],[125.895518,37.864814],[125.834972,37.943549],[125.805186,37.951565],[125.803966,37.988959],[125.799327,37.992906],[125.746593,38.007758],[125.687348,38.012274],[125.647309,38.027289],[125.596934,38.032213],[125.578949,38.025133],[125.578217,38.009019],[125.596528,37.992255],[125.640717,37.973619],[125.675385,37.977607],[125.685313,37.972113],[125.678315,37.952541],[125.698985,37.958197],[125.71933,37.952541],[125.698822,37.925238],[125.732921,37.932685],[125.739757,37.925238],[125.715343,37.908271],[125.685069,37.898586],[125.668956,37.899156],[125.630626,37.925238],[125.627452,37.902167],[125.641205,37.856391],[125.623057,37.837104],[125.644135,37.822821],[125.633556,37.809556],[125.609223,37.806301],[125.620128,37.765326],[125.602794,37.761786],[125.583995,37.767524],[125.575206,37.7744],[125.582774,37.781887],[125.570567,37.787095],[125.551606,37.782701],[125.548595,37.771308],[125.528901,37.772528],[125.520518,37.780178],[125.527599,37.796129],[125.50351,37.778795],[125.47462,37.731187],[125.438731,37.719794],[125.385265,37.716376],[125.361583,37.68008],[125.347504,37.675605],[125.335053,37.686265],[125.348643,37.737982],[125.36378,37.760891],[125.390391,37.754543],[125.444916,37.7744],[125.429454,37.781562],[125.395112,37.776435],[125.377289,37.781887],[125.389903,37.796129],[125.410981,37.809394],[125.455821,37.822821],[125.505138,37.813178],[125.524181,37.817816],[125.527599,37.843329],[125.497325,37.839667],[125.479096,37.857611],[125.508637,37.883734],[125.510102,37.894273],[125.463878,37.90412],[125.445649,37.920396],[125.424408,37.912177],[125.431895,37.898586],[125.383556,37.89175],[125.427989,37.874498],[125.4463,37.860012],[125.444916,37.843329],[125.399669,37.865465],[125.371837,37.869127],[125.349376,37.864407],[125.360362,37.85106],[125.377289,37.843329],[125.326671,37.812974],[125.30836,37.809149],[125.301036,37.822821],[125.239513,37.822821],[125.25172,37.837836],[125.294932,37.859849],[125.30836,37.878079],[125.300629,37.895209],[125.257091,37.914618],[125.26002,37.932685],[125.240082,37.929592],[125.208507,37.881171],[125.176606,37.867621],[125.100352,37.875067],[125.062104,37.896145],[125.013194,37.905992],[125.006602,37.918443],[125.01352,37.939521],[124.979503,37.925238],[124.992198,37.952948],[125.036632,37.963609],[125.062022,37.978583],[125.075694,37.980455],[125.1338,37.960028],[125.175385,37.969916],[125.184906,37.980455],[125.177501,37.987942],[125.155284,37.979967],[125.115326,38.002387],[125.1067,38.034613],[125.116222,38.041938],[125.201671,38.049384],[125.213227,38.045722],[125.22519,38.02143],[125.246349,38.020087],[125.253184,38.053941],[125.273692,38.062405],[125.264903,38.077948],[125.248302,38.083808],[125.19044,38.085761],[125.140636,38.097805],[125.01352,38.062405],[124.937836,38.097805],[124.904877,38.124823],[124.885265,38.131659],[124.876475,38.113959],[124.865489,38.107082],[124.793793,38.097805],[124.677094,38.115383],[124.667247,38.125718],[124.673595,38.137193],[124.697765,38.144965],[124.745128,38.147935],[124.765147,38.156073],[124.773285,38.175971],[124.821788,38.18594],[124.855968,38.226955],[124.879161,38.230658],[124.895274,38.221503],[124.920909,38.189358],[124.993012,38.226955],[124.967621,38.235338],[124.91505,38.229071],[124.872325,38.257636],[124.86964,38.282131],[124.879731,38.345201],[124.927989,38.409084],[124.947276,38.450507],[124.958995,38.460883],[124.972179,38.462144],[124.972667,38.440375],[125.016368,38.497952],[125.021007,38.514879],[124.996837,38.535875],[124.995697,38.574042],[124.980866,38.584157],[124.983949,38.591942],[125.017686,38.583523],[125.037625,38.591271],[125.058241,38.568468],[125.102769,38.593523],[125.128009,38.580281],[125.134532,38.591254],[125.137218,38.624742],[125.118419,38.645168],[125.116547,38.657213],[125.123383,38.666327],[125.13756,38.662332],[125.1566,38.631727],[125.179623,38.634655],[125.179797,38.670002],[125.203485,38.652553],[125.267295,38.67031],[125.301036,38.656806],[125.330605,38.678747],[125.369108,38.694761],[125.441905,38.686225],[125.45102,38.704006],[125.462657,38.707261],[125.507091,38.686225],[125.520763,38.652655],[125.532725,38.65412],[125.545177,38.679389],[125.564952,38.670111],[125.585948,38.641913],[125.610362,38.63109],[125.63795,38.62641],[125.657807,38.631008],[125.630626,38.658881],[125.588959,38.666327],[125.527599,38.720933],[125.479096,38.727729],[125.447765,38.777248],[125.438731,38.77558],[125.424571,38.755927],[125.410899,38.755072],[125.434174,38.736762],[125.419313,38.729265],[125.389244,38.717449],[125.373128,38.720541],[125.363048,38.734565],[125.356212,38.734565],[125.350352,38.721259],[125.341075,38.717475],[125.314545,38.720933],[125.301036,38.734565],[125.295909,38.728461],[125.30836,38.707261],[125.27768,38.703315],[125.262462,38.707913],[125.2435,38.728339],[125.266856,38.755072],[125.253184,38.762519],[125.257823,38.771918],[125.240977,38.793118],[125.22519,38.796088],[125.230479,38.771918],[125.216557,38.739717],[125.18812,38.738608],[125.172111,38.76323],[125.145274,38.777088],[125.137218,38.803534],[125.147553,38.837144],[125.151966,38.891529],[125.172981,38.9388],[125.200901,38.975262],[125.198643,38.986056],[125.270803,39.080606],[125.335053,39.083441],[125.28407,39.089556],[125.290612,39.104531],[125.287364,39.131822],[125.294444,39.147366],[125.287364,39.15233],[125.30714,39.165432],[125.343516,39.168891],[125.328868,39.193305],[125.343598,39.212877],[125.365082,39.220893],[125.410899,39.213813],[125.393565,39.245795],[125.431895,39.300727],[125.444916,39.310614],[125.41627,39.320258],[125.411143,39.333482],[125.418224,39.350979],[125.404633,39.364651],[125.424408,39.357123],[125.445649,39.366929],[125.459239,39.385077],[125.357026,39.398749],[125.359955,39.413153],[125.383556,39.440334],[125.34254,39.433539],[125.346039,39.459621],[125.397227,39.501776],[125.413666,39.538723],[125.441987,39.547553],[125.450287,39.557929],[125.451752,39.571275],[125.444916,39.584377],[125.285981,39.521186],[125.237071,39.562893],[125.210297,39.573065],[125.22519,39.591213],[125.157563,39.591213],[125.171235,39.56387],[125.116954,39.565863],[125.097504,39.602729],[125.047699,39.604193],[125.01059,39.635321],[124.986339,39.638983],[124.958263,39.662014],[124.947276,39.662991],[124.937836,39.645819],[124.901622,39.662055],[124.89267,39.691962],[124.881602,39.704169],[124.849132,39.721503],[124.803071,39.730455],[124.799164,39.739814],[124.77065,39.741811],[124.76039,39.748008],[124.75644,39.770657],[124.746104,39.782945],[124.739513,39.762112],[124.754731,39.73371],[124.744624,39.691356],[124.757115,39.687906],[124.753045,39.672459],[124.729805,39.665293],[124.743907,39.644355],[124.716412,39.647128],[124.695017,39.63754],[124.649063,39.612121],[124.637452,39.590483],[124.62379,39.597968],[124.629405,39.61164],[124.618663,39.614732],[124.610803,39.628651],[124.628574,39.644748],[124.632149,39.662946],[124.645095,39.669466],[124.646983,39.697577],[124.62379,39.693549],[124.609467,39.714667],[124.584809,39.723578],[124.589122,39.765855],[124.561615,39.786689],[124.564057,39.814276],[124.434418,39.830756],[124.417735,39.82453],[124.403575,39.841498],[124.396576,39.865546],[124.362559,39.871731],[124.341807,39.89997],[124.321544,39.912665],[124.332123,39.925116],[124.369965,39.940009],[124.383067,40.002672],[124.405772,40.027777],[124.465831,40.015286],[124.499604,40.022528],[124.479259,40.030748],[124.410248,40.0362],[124.391449,40.048285],[124.369965,40.098293],[124.358246,40.089057],[124.356944,40.076321],[124.361339,40.011176],[124.307872,39.961086],[124.2942,39.933783],[124.266368,39.926947],[124.202159,39.878607],[124.15504,39.861314],[124.137218,39.842353],[124.118175,39.833157],[124.088145,39.851874],[124.055431,39.829901],[123.985688,39.810248],[123.942149,39.840562],[123.910655,39.82453],[123.887543,39.822903],[123.807628,39.837592],[123.773041,39.818345],[123.720063,39.830552],[123.669688,39.856594],[123.643077,39.878567],[123.656749,39.919501],[123.640147,39.9147],[123.630951,39.903998],[123.591401,39.784329],[123.563243,39.768785],[123.54184,39.791693],[123.513194,39.797797],[123.481537,39.77969],[123.445649,39.737047],[123.427745,39.72663],[123.410411,39.735175],[123.408458,39.745998],[123.410411,39.796617],[123.421153,39.813218],[123.417084,39.82453],[123.398204,39.818345],[123.403575,39.810248],[123.386729,39.789618],[123.339366,39.784898],[123.314057,39.776109],[123.273204,39.810248],[123.264171,39.797309],[123.252045,39.817084],[123.244721,39.814032],[123.23585,39.802436],[123.26352,39.767646],[123.265391,39.754096],[123.249034,39.748236],[123.209972,39.75495],[123.206391,39.734687],[123.255138,39.724107],[123.269135,39.707587],[123.223155,39.679755],[123.174327,39.665758],[123.128429,39.664862],[123.108002,39.690131],[123.058116,39.67475],[123.009125,39.680487],[122.991954,39.66592],[122.977631,39.666246],[122.977631,39.65884],[122.996349,39.649644],[122.992442,39.636705],[122.964122,39.61164],[122.944916,39.619696],[122.871593,39.60578],[122.848643,39.617865],[122.779796,39.560452],[122.710785,39.535956],[122.688243,39.518622],[122.676768,39.515448],[122.648448,39.532416],[122.636567,39.50845],[122.587901,39.466986],[122.562104,39.486762],[122.553233,39.48135],[122.561046,39.467963],[122.555431,39.456],[122.54005,39.454006],[122.469819,39.416693],[122.396332,39.411038],[122.383311,39.395657],[122.355968,39.387885],[122.318858,39.362006],[122.29005,39.350979],[122.267426,39.31802],[122.251475,39.323676],[122.240245,39.285631],[122.198578,39.251207],[122.115001,39.200751],[122.11671,39.188666],[122.104503,39.159125],[122.135834,39.158149],[122.16269,39.146145],[122.127452,39.141995],[122.073334,39.10456],[122.047862,39.099189],[122.039317,39.090888],[122.05128,39.067125],[122.042328,39.059719],[121.988048,39.062934],[121.959321,39.040473],[121.942963,39.036282],[121.904307,39.049384],[121.888438,39.042467],[121.912934,39.030707],[121.923188,39.008979],[121.879405,39.027411],[121.826915,39.036282],[121.837983,39.015082],[121.880138,38.997016],[121.895274,38.981024],[121.887543,38.962388],[121.859874,38.944648],[121.811534,38.972846],[121.772472,39.021959],[121.744884,39.033515],[121.724701,39.030178],[121.720063,39.019517],[121.73878,39.008979],[121.73878,39.001532],[121.680186,39.008979],[121.635753,38.995307],[121.656016,38.990627],[121.652599,38.963446],[121.592133,38.948676],[121.587413,38.94009],[121.618175,38.926418],[121.676768,38.921536],[121.693614,38.909613],[121.703624,38.891913],[121.704845,38.873114],[121.6963,38.862942],[121.676117,38.871161],[121.654796,38.857856],[121.581065,38.862982],[121.552745,38.85814],[121.504893,38.826483],[121.498871,38.814643],[121.484955,38.809882],[121.344737,38.814643],[121.287608,38.788072],[121.236664,38.798489],[121.21754,38.77558],[121.244721,38.77558],[121.198497,38.727851],[121.179535,38.720933],[121.153087,38.727607],[121.132416,38.758734],[121.114513,38.768134],[121.139252,38.789496],[121.134858,38.80976],[121.111339,38.840277],[121.114513,38.85814],[121.152354,38.886298],[121.148529,38.899075],[121.090424,38.899075],[121.086192,38.905707],[121.117931,38.943427],[121.179535,38.954332],[121.219493,38.940497],[121.256847,38.949652],[121.29184,38.967353],[121.334321,38.968573],[121.340343,38.977607],[121.326752,39.01203],[121.334239,39.026597],[121.374848,39.044176],[121.403331,39.038275],[121.428071,39.014716],[121.467296,39.015123],[121.546479,39.049262],[121.632335,39.069485],[121.674083,39.088039],[121.689789,39.11815],[121.681,39.13642],[121.649181,39.158149],[121.641938,39.176215],[121.629893,39.173245],[121.592621,39.192206],[121.607921,39.200751],[121.601654,39.221259],[121.626313,39.224514],[121.633067,39.236151],[121.589939,39.264054],[121.611984,39.274981],[121.641938,39.272162],[121.646983,39.264879],[121.680186,39.275214],[121.736095,39.311754],[121.738292,39.319648],[121.731293,39.330471],[121.765147,39.365383],[121.779796,39.371487],[121.837494,39.364651],[121.865489,39.370551],[121.91505,39.395413],[121.942963,39.399359],[121.931244,39.417182],[121.898692,39.399359],[121.848888,39.387356],[121.830658,39.385077],[121.745372,39.397895],[121.707774,39.395657],[121.717784,39.371487],[121.52589,39.364651],[121.491954,39.388983],[121.461436,39.4737],[121.436046,39.508612],[121.399506,39.520209],[121.354015,39.522203],[121.306163,39.501776],[121.272716,39.515448],[121.236827,39.514716],[121.223399,39.528632],[121.228526,39.536444],[121.248546,39.543402],[121.260001,39.563673],[121.306163,39.597968],[121.382183,39.601337],[121.449805,39.615098],[121.470714,39.632148],[121.463878,39.645819],[121.498165,39.652924],[121.52589,39.617865],[121.533295,39.622301],[121.539561,39.638983],[121.52589,39.652655],[121.550141,39.678656],[121.537446,39.692532],[121.518403,39.686713],[121.506847,39.694322],[121.490864,39.720994],[121.457286,39.748481],[121.484612,39.764005],[121.48732,39.778],[121.47755,39.78677],[121.470714,39.810248],[121.509917,39.824031],[121.535899,39.861762],[121.566292,39.858842],[121.616093,39.871701],[121.635972,39.896687],[121.684906,39.922512],[121.707123,39.926947],[121.754649,39.91828],[121.774425,39.920844],[121.799653,39.940009],[121.809662,39.965033],[121.836029,39.971137],[121.87379,39.9914],[121.880951,40.007961],[121.874766,40.016303],[121.826915,40.022528],[121.880461,40.041499],[121.929468,40.077286],[121.933116,40.101386],[121.995668,40.123895],[122.006358,40.156317],[121.991466,40.186998],[122.038585,40.196357],[122.091646,40.227207],[122.107514,40.262152],[122.106116,40.310123],[122.180328,40.35242],[122.211029,40.380601],[122.203624,40.427232],[122.250092,40.430609],[122.251475,40.453925],[122.288097,40.472846],[122.286876,40.488715],[122.30185,40.502346],[122.293956,40.523017],[122.275645,40.543647],[122.224864,40.578518],[122.176497,40.586583],[122.150434,40.603864],[122.137586,40.62402],[122.167979,40.65351],[122.170665,40.68651],[122.159434,40.701606],[122.121837,40.680121],[122.108653,40.69953],[122.049083,40.74608],[121.872005,40.815057],[121.851085,40.832261],[121.840587,40.913804],[121.825938,40.948188],[121.858897,40.967475],[121.874766,40.989569],[121.867931,40.995795],[121.82602,40.974026],[121.777709,40.934972],[121.780056,40.90791],[121.739552,40.849079],[121.575043,40.841498],[121.510428,40.879357],[121.450206,40.885932],[121.440929,40.891343],[121.429779,40.913804],[121.361339,40.939643],[121.299327,40.899604],[121.273936,40.903022],[121.258393,40.92064],[121.244721,40.906399],[121.224946,40.927069],[121.200287,40.930732],[121.175792,40.922309],[121.111095,40.876044],[121.079926,40.862982],[121.080273,40.828395],[121.065721,40.818396],[121.068351,40.803389],[121.04985,40.797401],[121.029633,40.826483],[121.004975,40.833075],[120.981944,40.826809],[120.963227,40.806586],[120.968516,40.783596],[120.93629,40.755561],[120.939545,40.740546],[120.994395,40.736274],[121.010265,40.730862],[121.020738,40.71933],[120.962637,40.70929],[120.940195,40.691246],[120.867686,40.678656],[120.847764,40.683097],[120.825321,40.674033],[120.798432,40.599677],[120.678788,40.521916],[120.659114,40.483761],[120.604096,40.465155],[120.597016,40.450019],[120.597376,40.422423],[120.545665,40.402411],[120.539073,40.38288],[120.547526,40.376159],[120.588396,40.38432],[120.591153,40.367298],[120.501758,40.32691],[120.504893,40.249091],[120.472016,40.214301],[120.436046,40.194485],[120.358002,40.191799],[120.309027,40.179668],[120.261322,40.146715],[120.118429,40.100035],[119.950277,40.056502],[119.91531,40.036153],[119.911998,39.998088],[119.875501,39.994739],[119.811046,39.973049],[119.774425,39.950507],[119.749649,39.952397],[119.708217,39.934935],[119.660899,39.932685],[119.620616,39.911038],[119.571864,39.904296],[119.535592,39.890826],[119.519867,39.858303],[119.530699,39.814702],[119.466795,39.814848],[119.429406,39.795306],[119.349864,39.731757],[119.314057,39.641181],[119.284923,39.595445],[119.245372,39.594468],[119.223237,39.584662],[119.208588,39.569566],[119.208995,39.550198],[119.243012,39.570705],[119.22934,39.535956],[119.242686,39.545885],[119.262397,39.577512],[119.270142,39.580636],[119.281398,39.575014],[119.261981,39.535084],[119.256425,39.493111],[119.270763,39.489061],[119.297103,39.455217],[119.305075,39.432978],[119.279429,39.384006],[119.25566,39.365522],[119.22585,39.357767],[119.203345,39.363438],[119.184804,39.354814],[119.129266,39.294074],[119.015636,39.189765],[118.926036,39.130601],[118.894298,39.124416],[118.894298,39.131822],[118.941987,39.159125],[118.956309,39.188056],[118.969981,39.193305],[118.945567,39.192125],[118.880626,39.172797],[118.885509,39.185248],[118.87143,39.2001],[118.87379,39.213813],[118.858979,39.207506],[118.840535,39.17563],[118.795991,39.151777],[118.727779,39.14725],[118.61936,39.161042],[118.590151,39.148312],[118.52711,39.149237],[118.519379,39.13935],[118.529146,39.124653],[118.34427,39.030709],[118.326096,39.030932],[118.235285,39.053098],[118.207122,39.076706],[118.140528,39.172835],[118.096404,39.202392],[118.02802,39.219798],[117.931163,39.212104],[117.88559,39.201117],[117.757335,39.114447],[117.737559,39.106391],[117.715424,39.111396],[117.718272,39.093004],[117.751478,39.067914],[117.775264,38.981058],[117.729503,38.984361],[117.701915,38.995307],[117.708751,38.981024],[117.583995,38.811591],[117.573222,38.713748],[117.558778,38.690941],[117.560473,38.657097],[117.543549,38.621324],[117.565971,38.612507],[117.716082,38.378511],[117.803894,38.294018],[117.837169,38.270901],[117.941698,38.233946],[117.977544,38.194837],[118.007197,38.19701],[118.053727,38.173253],[118.057785,38.161079],[118.052408,38.153659],[118.065214,38.143082],[118.084809,38.138739],[118.119233,38.152289],[118.146088,38.142483],[118.215831,38.144965],[118.448928,38.107787],[118.512299,38.08808],[118.542979,38.068345],[118.573009,38.079901],[118.615777,38.12512],[118.654871,38.145695],[118.760353,38.155132],[118.840099,38.152574],[118.950037,38.097262],[118.924815,38.057766],[118.956147,38.033596],[118.996593,37.963121],[119.048405,37.947978],[119.092493,37.912773],[119.116942,37.853271],[119.155697,37.823964],[119.206836,37.802839],[119.243083,37.769482],[119.259597,37.715847],[119.255664,37.671867],[119.217736,37.675248],[119.189313,37.700735],[119.120141,37.737508],[119.069472,37.740631],[119.037128,37.722089],[119.010753,37.653754],[118.976654,37.610907],[118.969981,37.593451],[118.957856,37.531399],[118.944591,37.378119],[118.961192,37.29564],[118.972423,37.280666],[119.01474,37.269843],[119.058604,37.227607],[119.115001,37.201117],[119.145518,37.17886],[119.28712,37.137274],[119.441173,37.120551],[119.475108,37.133287],[119.524506,37.139065],[119.660737,37.1376],[119.7706,37.151842],[119.79184,37.180569],[119.897309,37.249416],[119.886729,37.284654],[119.846283,37.343695],[119.858897,37.360175],[119.928966,37.384589],[119.997813,37.42182],[120.059825,37.440416],[120.187592,37.511786],[120.297618,37.597886],[120.32252,37.632392],[120.306407,37.665188],[120.235362,37.67475],[120.215668,37.684068],[120.31186,37.686265],[120.3685,37.694729],[120.410981,37.712104],[120.46339,37.747748],[120.556163,37.761379],[120.593598,37.781887],[120.674327,37.801988],[120.738048,37.83397],[120.784923,37.829657],[120.836681,37.815985],[120.877696,37.829657],[120.925792,37.819281],[120.940766,37.806464],[120.928803,37.788723],[120.940929,37.773993],[120.975352,37.75137],[121.005382,37.744289],[121.021983,37.716702],[121.032563,37.710395],[121.066661,37.713568],[121.13795,37.701158],[121.148529,37.689399],[121.130138,37.651801],[121.148529,37.637885],[121.135509,37.626288],[121.134369,37.610541],[121.155365,37.582587],[121.171641,37.577094],[121.308116,37.581244],[121.344737,37.590806],[121.374522,37.610541],[121.354015,37.637885],[121.393565,37.622463],[121.429779,37.596869],[121.398448,37.594875],[121.38144,37.582994],[121.381684,37.566107],[121.446788,37.519599],[121.463959,37.499457],[121.476899,37.468004],[121.53712,37.456244],[121.570323,37.428656],[121.591645,37.424465],[121.676117,37.439195],[121.654877,37.457709],[121.634288,37.462388],[121.587413,37.453559],[121.60255,37.471869],[121.63502,37.481269],[121.732432,37.461737],[121.937836,37.46426],[121.957286,37.459703],[121.944591,37.440741],[121.949799,37.425605],[121.988048,37.425605],[121.997406,37.434068],[121.977794,37.471666],[122.025645,37.528022],[122.071788,37.544501],[122.067149,37.56273],[122.095063,37.54914],[122.121837,37.56273],[122.151866,37.532864],[122.152599,37.514553],[122.135509,37.500678],[122.129893,37.483466],[122.141449,37.45661],[122.183197,37.418158],[122.224213,37.457994],[122.245372,37.459703],[122.261811,37.450914],[122.278575,37.423896],[122.296479,37.418158],[122.457042,37.418158],[122.478038,37.425605],[122.488048,37.411933],[122.570567,37.401557],[122.591645,37.404364],[122.612397,37.418606],[122.680431,37.415025],[122.688243,37.409817],[122.688731,37.389716],[122.678966,37.374661],[122.656098,37.384589],[122.614594,37.370917],[122.570811,37.344794],[122.591156,37.314154],[122.594737,37.295233],[122.549653,37.31977],[122.560069,37.274726],[122.594737,37.236884],[122.602875,37.209906],[122.628917,37.199652],[122.628917,37.192816],[122.574311,37.18537],[122.563243,37.173163],[122.577159,37.157782],[122.574311,37.144436],[122.543468,37.156643],[122.51002,37.155219],[122.482677,37.13996],[122.470714,37.110297],[122.464447,37.110297],[122.464447,37.151842],[122.453949,37.154283],[122.444347,37.136542],[122.436371,37.089789],[122.454112,37.07746],[122.457042,37.065904],[122.411225,37.036526],[122.402354,37.02147],[122.40919,37.006293],[122.424327,37.003648],[122.437022,37.011623],[122.436371,37.027737],[122.461192,37.030829],[122.513031,37.020494],[122.54005,37.027737],[122.525401,36.944485],[122.532725,36.92593],[122.507416,36.898017],[122.498546,36.904202],[122.500092,36.915595],[122.512706,36.934638],[122.498546,36.93891],[122.456635,36.92064],[122.405772,36.922187],[122.403412,36.906643],[122.429454,36.888129],[122.436371,36.870673],[122.402354,36.857001],[122.379731,36.861396],[122.355235,36.829088],[122.319835,36.822943],[122.200287,36.84276],[122.185313,36.849921],[122.180675,36.8664],[122.184825,36.884955],[122.196869,36.898017],[122.26588,36.898017],[122.211192,36.918443],[122.16269,36.945787],[122.178559,36.986274],[122.179698,37.005805],[122.166108,37.014106],[122.149994,37.005316],[122.149181,36.962144],[122.142914,36.945787],[122.09433,36.950914],[122.080903,36.916571],[122.033051,36.898017],[122.037608,36.96369],[122.053803,36.975246],[122.049164,36.979926],[122.029307,36.986762],[121.92628,36.993598],[121.914887,36.985826],[121.949799,36.93891],[121.915131,36.920233],[121.785981,36.891181],[121.75587,36.872301],[121.744884,36.847235],[121.728038,36.835924],[121.649425,36.816067],[121.649425,36.822252],[121.684174,36.835924],[121.684174,36.84276],[121.637462,36.831366],[121.624522,36.814765],[121.62143,36.788764],[121.634288,36.746568],[121.625255,36.740383],[121.603526,36.749661],[121.594249,36.767646],[121.583018,36.762844],[121.560069,36.767646],[121.52589,36.753974],[121.50351,36.760443],[121.49643,36.774482],[121.503184,36.788642],[121.547374,36.798163],[121.573009,36.819648],[121.595225,36.826321],[121.604747,36.832506],[121.607188,36.844957],[121.588145,36.846177],[121.546479,36.835924],[121.511567,36.80858],[121.498139,36.810858],[121.484386,36.829088],[121.459483,36.828681],[121.452973,36.816392],[121.470714,36.789618],[121.45338,36.757392],[121.408946,36.753974],[121.390147,36.746812],[121.377778,36.731513],[121.379405,36.716986],[121.401703,36.712388],[121.385265,36.706488],[121.31422,36.711819],[121.157725,36.668606],[121.08017,36.610012],[121.062755,36.610053],[121.042491,36.627672],[121.032481,36.624254],[121.032481,36.589504],[121.023529,36.58393],[120.928803,36.59634],[120.936534,36.611965],[120.93336,36.620266],[120.89267,36.628485],[120.850597,36.650946],[120.770844,36.617174],[120.75058,36.616848],[120.746918,36.603176],[120.757579,36.59634],[120.742279,36.555854],[120.750255,36.540758],[120.778656,36.541083],[120.793793,36.550971],[120.826427,36.59634],[120.850352,36.60456],[120.864594,36.597724],[120.894786,36.561591],[120.920258,36.55329],[120.927501,36.532904],[120.963634,36.547919],[120.961436,36.53144],[120.93629,36.497016],[120.949962,36.459174],[120.906261,36.452379],[120.894786,36.438666],[120.900971,36.42768],[120.898285,36.411607],[120.867442,36.377183],[120.849701,36.386135],[120.844005,36.422675],[120.826427,36.432522],[120.832042,36.455268],[120.806895,36.463935],[120.75058,36.459174],[120.737071,36.438666],[120.714122,36.428697],[120.686534,36.387152],[120.690684,36.370836],[120.722179,36.330552],[120.707286,36.322659],[120.661957,36.33633],[120.647716,36.330878],[120.643647,36.322496],[120.661957,36.3015],[120.654552,36.288275],[120.670421,36.265815],[120.687511,36.187893],[120.704845,36.156236],[120.696788,36.143988],[120.627778,36.116523],[120.61671,36.123358],[120.593598,36.109768],[120.551606,36.113715],[120.536225,36.091457],[120.473643,36.08926],[120.421723,36.061957],[120.353526,36.040839],[120.324718,36.057196],[120.292003,36.061957],[120.292003,36.068101],[120.308442,36.079535],[120.313487,36.104478],[120.361583,36.191636],[120.339203,36.222602],[120.322765,36.226386],[120.306407,36.274237],[120.286469,36.263821],[120.273529,36.23428],[120.275157,36.204088],[120.298839,36.191636],[120.284516,36.175971],[120.216319,36.199123],[120.219086,36.22191],[120.144542,36.208889],[120.117279,36.209662],[120.108165,36.225531],[120.097179,36.226386],[120.085948,36.209133],[120.105317,36.200873],[120.109223,36.188788],[120.089366,36.147691],[120.089692,36.111721],[120.10019,36.096096],[120.154063,36.077053],[120.168468,36.061957],[120.175304,35.993638],[120.186046,35.984524],[120.197765,35.985297],[120.229991,35.999905],[120.229503,35.972805],[120.242768,35.973578],[120.280772,35.998236],[120.284923,36.010932],[120.303071,35.994045],[120.298839,35.973131],[120.226817,35.94184],[120.175304,35.890041],[120.170502,35.907457],[120.189708,35.931545],[120.188975,35.945258],[120.168468,35.938422],[120.135753,35.90412],[120.097179,35.900824],[120.052257,35.862616],[120.038829,35.842841],[120.019786,35.759752],[120.00294,35.727769],[119.969981,35.732367],[119.937755,35.761135],[119.908214,35.744859],[119.900157,35.736274],[119.935639,35.705024],[119.901622,35.671536],[119.908458,35.633979],[119.904552,35.624579],[119.860199,35.606106],[119.843272,35.61579],[119.834076,35.635321],[119.840099,35.657904],[119.811615,35.647895],[119.771007,35.593329],[119.743907,35.575914],[119.748383,35.60932],[119.732514,35.620836],[119.707123,35.614163],[119.696788,35.599433],[119.64796,35.58393],[119.599864,35.469184],[119.564545,35.424709],[119.562266,35.400621],[119.551524,35.380032],[119.50766,35.332343],[119.469574,35.321479],[119.428722,35.321479],[119.42392,35.313463],[119.421886,35.277411],[119.404552,35.25373],[119.387706,35.20539],[119.370616,35.117418],[119.358002,35.097113],[119.221202,35.064032],[119.207286,35.048407],[119.192882,35.000434],[119.20338,34.931627],[119.188698,34.856274],[119.193126,34.809882],[119.201915,34.78498],[119.189057,34.766547],[119.195323,34.759711],[119.188731,34.733059],[119.192231,34.718207],[119.20338,34.7119],[119.209809,34.718573],[119.22934,34.759711],[119.311778,34.755072],[119.34669,34.780829],[119.387706,34.753485],[119.442231,34.746039],[119.463227,34.732367],[119.474213,34.715277],[119.472748,34.698147],[119.456554,34.684556],[119.531749,34.615709],[119.588715,34.582221],[119.609223,34.56273],[119.640961,34.550523],[119.647716,34.53384],[119.685313,34.53384],[119.728852,34.524115],[119.795258,34.481676],[119.826182,34.470404],[119.939952,34.457913],[120.02296,34.419379],[120.078705,34.377509],[120.118175,34.359605],[120.239757,34.323676],[120.257091,34.311835],[120.274181,34.244534],[120.298839,34.20425],[120.324966,34.136451],[120.325224,34.111298],[120.371349,34.036038],[120.38502,33.970404],[120.413341,33.897366],[120.412608,33.887519],[120.398448,33.878974],[120.399669,33.86933],[120.431407,33.846015],[120.450938,33.8015],[120.449718,33.786444],[120.498302,33.753323],[120.504893,33.735582],[120.511729,33.656724],[120.495128,33.662177],[120.483735,33.64997],[120.525971,33.610663],[120.573253,33.533271],[120.634369,33.466946],[120.655772,33.413153],[120.667247,33.3251],[120.695079,33.293158],[120.737885,33.279283],[120.750255,33.269599],[120.747569,33.255805],[120.730235,33.242133],[120.744395,33.224107],[120.7435,33.208645],[120.730235,33.204901],[120.785248,33.165025],[120.806977,33.137763],[120.792247,33.10871],[120.812511,33.10578],[120.81894,33.09219],[120.825938,33.030178],[120.833751,33.025621],[120.867442,33.032375],[120.890147,33.026109],[120.895763,33.013577],[120.888682,32.962714],[120.907807,32.843899],[120.904796,32.812649],[120.880308,32.772032],[120.852387,32.756008],[120.86142,32.719672],[120.860444,32.689765],[120.84311,32.703925],[120.846934,32.717678],[120.840099,32.724514],[120.83017,32.709418],[120.830333,32.697659],[120.863868,32.671058],[120.906614,32.65971],[120.911199,32.630121],[120.943887,32.605224],[120.975021,32.595115],[121.086192,32.536038],[121.098725,32.521145],[121.100841,32.497952],[121.120209,32.507392],[121.157256,32.495596],[121.35414,32.414823],[121.389409,32.384948],[121.401117,32.352132],[121.419281,32.250312],[121.36671,32.238959],[121.36085,32.231635],[121.398692,32.168931],[121.425141,32.164049],[121.44337,32.114325],[121.467296,32.121772],[121.488048,32.10814],[121.530812,32.108519],[121.655365,32.062934],[121.821945,31.952486],[121.825206,31.92772],[121.87496,31.863723],[121.874687,31.825903],[121.922057,31.754378],[121.930383,31.726714],[121.914842,31.706434],[121.871998,31.690682],[121.817306,31.690949],[121.749045,31.711634],[121.675554,31.723573],[121.517426,31.783433],[121.494884,31.806464],[121.317397,31.883248],[121.286418,31.890589],[121.227864,31.865904],[121.115087,31.796334],[121.039935,31.819332],[121.005365,31.820779],[120.977817,31.814365],[120.950628,31.825236],[120.940564,31.844647],[120.941417,31.892524],[120.919281,31.899359],[120.905528,31.925971],[120.810802,32.02261],[120.743644,32.036045],[120.634376,32.07701],[120.490758,32.082453],[120.361583,32.02558],[120.2671,31.948676],[120.223725,31.936835],[120.131358,31.943183],[120.052338,31.970933],[119.992035,32.015855],[119.912201,32.123725],[119.908458,32.138861],[119.92213,32.217434],[119.900483,32.198188],[119.887543,32.213853],[119.874278,32.265123],[119.842133,32.299058],[119.81837,32.313707],[119.758067,32.326972],[119.692393,32.31977],[119.64088,32.358832],[119.612885,32.35456],[119.660737,32.327216],[119.685395,32.292426],[119.649018,32.21955],[119.606049,32.196926],[119.627696,32.189399],[119.645274,32.195217],[119.69044,32.235338],[119.701427,32.233466],[119.730235,32.210598],[119.788585,32.198635],[119.763764,32.162502],[119.772472,32.126776],[119.784923,32.114325],[119.855561,32.086982],[119.938502,32.018043],[119.97868,31.968957],[120.006396,31.950305],[120.130951,31.912299],[120.178315,31.904202],[120.229991,31.908881],[120.341171,31.956321],[120.418224,31.969672],[120.455781,31.982519],[120.455412,32.021428],[120.469493,32.025133],[120.517833,32.018744],[120.604259,31.991441],[120.689952,31.998236],[120.750354,31.978336],[120.779818,31.915883],[120.807447,31.87377],[120.824799,31.828702],[120.807752,31.809741],[120.751475,31.824693],[120.717133,31.86107],[120.720795,31.831936],[120.731456,31.81387],[120.748383,31.802232],[120.831899,31.777766],[121.013764,31.743034],[121.067026,31.724086],[121.144402,31.684658],[121.244721,31.600409],[121.320323,31.504828],[121.36085,31.477484],[121.417735,31.452786],[121.448009,31.4265],[121.546235,31.366116],[121.631602,31.335761],[121.725164,31.281567],[121.877025,31.099136],[121.95082,30.982081],[121.977383,30.914923],[121.960075,30.874257],[121.907399,30.857086],[121.631132,30.836556],[121.542937,30.816495],[121.410598,30.767388],[121.333507,30.70307],[121.264659,30.689195],[121.202891,30.665107],[121.148529,30.627834],[121.121349,30.593004],[121.0474,30.582757],[121.020226,30.571071],[120.977759,30.543318],[120.948891,30.506815],[120.931651,30.473049],[120.928803,30.45307],[120.939545,30.421942],[120.928803,30.408108],[120.894786,30.401272],[120.915131,30.374579],[120.888194,30.368557],[120.831791,30.30525],[120.810732,30.296568],[120.787433,30.293625],[120.769619,30.306028],[120.753989,30.327062],[120.744963,30.359614],[120.698148,30.393951],[120.619193,30.406096],[120.479145,30.403524],[120.430315,30.38984],[120.407232,30.354236],[120.378967,30.273524],[120.364555,30.268637],[120.342276,30.274246],[120.316254,30.29092],[120.285167,30.298814],[120.257904,30.298082],[120.239778,30.28888],[120.195767,30.232888],[120.147094,30.198891],[120.178966,30.20067],[120.230243,30.236035],[120.250011,30.270087],[120.274387,30.277618],[120.295523,30.278726],[120.350338,30.240734],[120.368121,30.240851],[120.38472,30.249588],[120.420956,30.30542],[120.450494,30.36886],[120.524908,30.377873],[120.621606,30.372563],[120.651671,30.35927],[120.684941,30.271781],[120.698686,30.251796],[120.725518,30.242636],[120.734401,30.232213],[120.63011,30.134972],[120.631789,30.122388],[120.682465,30.084906],[120.723399,30.079739],[120.764985,30.086615],[120.792247,30.066067],[120.783702,30.089301],[120.764659,30.096625],[120.714122,30.093329],[120.687999,30.097805],[120.646251,30.126939],[120.701046,30.184552],[120.751425,30.225626],[120.813487,30.213253],[120.82862,30.18499],[120.853215,30.174436],[120.892812,30.169796],[120.994395,30.211086],[121.109141,30.282782],[121.149697,30.325753],[121.185389,30.337564],[121.254102,30.348393],[121.377384,30.325064],[121.429592,30.292976],[121.506847,30.220026],[121.658306,30.018389],[121.677756,30.000641],[121.732344,29.978603],[121.721934,29.960517],[121.75011,29.972505],[121.767482,29.973177],[121.914876,29.918696],[121.935557,29.887356],[122.056244,29.887356],[122.105887,29.906953],[122.129143,29.903777],[122.136415,29.884535],[122.114755,29.871554],[121.983039,29.823176],[121.936778,29.791693],[121.902171,29.752539],[121.885325,29.761284],[121.873149,29.753828],[121.862448,29.708002],[121.776465,29.652625],[121.704112,29.572008],[121.667003,29.556586],[121.623871,29.554429],[121.609141,29.545722],[121.59254,29.543606],[121.574311,29.552151],[121.530822,29.510015],[121.52255,29.512922],[121.516836,29.546091],[121.484386,29.544664],[121.458344,29.525214],[121.44337,29.524237],[121.457019,29.500871],[121.455324,29.489355],[121.427836,29.467947],[121.442711,29.439767],[121.442593,29.415369],[121.465074,29.420886],[121.479747,29.474758],[121.504893,29.483832],[121.491791,29.455959],[121.513682,29.451972],[121.511729,29.437567],[121.477631,29.412746],[121.484864,29.39054],[121.50893,29.398349],[121.531325,29.417037],[121.569641,29.474574],[121.642672,29.495218],[121.675548,29.510484],[121.6743,29.520332],[121.710948,29.538642],[121.72462,29.538479],[121.731293,29.518012],[121.763999,29.530761],[121.766461,29.520649],[121.757223,29.499049],[121.764567,29.47665],[121.778381,29.469423],[121.811988,29.490118],[121.830577,29.528062],[121.847423,29.524237],[121.844819,29.5362],[121.813975,29.552151],[121.782725,29.543443],[121.744965,29.544664],[121.748422,29.562567],[121.774322,29.575436],[121.79612,29.600591],[121.834528,29.61557],[121.854015,29.615912],[121.867931,29.627265],[121.899644,29.627527],[121.915782,29.640855],[121.927257,29.634467],[121.942638,29.611274],[121.966319,29.602484],[121.971202,29.593329],[121.970958,29.568915],[121.941173,29.551174],[121.949799,29.538479],[121.910411,29.524563],[121.912364,29.514309],[121.944102,29.497707],[121.942719,29.479722],[121.970958,29.449123],[121.957774,29.423082],[121.957286,29.408149],[121.93629,29.42772],[121.922556,29.418146],[121.929102,29.408735],[121.915729,29.390704],[121.921443,29.381303],[121.916246,29.348937],[121.929454,29.33926],[121.931407,29.323879],[121.908946,29.318793],[121.915782,29.305121],[121.900483,29.298651],[121.905854,29.284613],[121.939952,29.264146],[121.974376,29.284613],[121.991466,29.25731],[121.953217,29.249661],[121.950694,29.237128],[121.957286,29.216376],[121.942963,29.223212],[121.942963,29.195868],[121.893809,29.187079],[121.840587,29.161119],[121.785347,29.168085],[121.799653,29.305121],[121.81837,29.31623],[121.840587,29.318793],[121.830658,29.333889],[121.816987,29.33218],[121.799653,29.318793],[121.788178,29.328559],[121.799653,29.373969],[121.786632,29.374498],[121.758637,29.359768],[121.770844,29.337795],[121.777881,29.296384],[121.774314,29.253887],[121.745697,29.201606],[121.724328,29.182035],[121.70446,29.174182],[121.670597,29.175748],[121.652458,29.18302],[121.639171,29.217271],[121.641612,29.267564],[121.654552,29.299994],[121.640391,29.306627],[121.624848,29.301459],[121.628917,29.284613],[121.622895,29.264106],[121.632335,29.210639],[121.628917,29.188422],[121.614757,29.206],[121.588715,29.29149],[121.574311,29.305121],[121.56308,29.304185],[121.562022,29.295844],[121.574311,29.277777],[121.550548,29.27143],[121.52589,29.277777],[121.536388,29.258287],[121.530528,29.238227],[121.504893,29.20893],[121.511729,29.189276],[121.50351,29.178941],[121.490977,29.175971],[121.480235,29.197211],[121.471202,29.191352],[121.456391,29.161119],[121.431407,29.172187],[121.41977,29.171454],[121.408539,29.161119],[121.44337,29.147406],[121.436046,29.140611],[121.456391,29.140611],[121.456391,29.133775],[121.428315,29.127143],[121.401703,29.106513],[121.496837,29.104438],[121.528656,29.115058],[121.62143,29.113267],[121.624604,29.088284],[121.614757,29.058051],[121.599213,29.050238],[121.556407,29.064887],[121.536876,29.061184],[121.530284,29.051174],[121.532074,29.020494],[121.548595,29.02143],[121.552745,29.028713],[121.539561,29.037584],[121.557384,29.049018],[121.617442,29.039984],[121.641938,29.051256],[121.689789,29.017076],[121.661713,29.002916],[121.653819,28.988593],[121.659434,28.972724],[121.684662,28.967515],[121.684174,28.955634],[121.717784,28.948798],[121.69752,28.936835],[121.684174,28.9147],[121.605317,28.942572],[121.587413,28.963121],[121.585297,28.9383],[121.570811,28.93008],[121.554291,28.935696],[121.546479,28.952216],[121.53712,28.955024],[121.516856,28.956366],[121.497813,28.949652],[121.491791,28.928371],[121.504893,28.935207],[121.51767,28.912787],[121.52589,28.9147],[121.535167,28.903713],[121.580577,28.886786],[121.61085,28.891181],[121.616954,28.880276],[121.628917,28.877143],[121.62143,28.85635],[121.623546,28.842271],[121.641938,28.845852],[121.669932,28.825344],[121.635753,28.804836],[121.635753,28.798041],[121.662608,28.798041],[121.662608,28.790595],[121.642589,28.784003],[121.618256,28.761949],[121.614757,28.756415],[121.62143,28.735907],[121.605561,28.724677],[121.502778,28.700385],[121.351166,28.711859],[121.32016,28.72484],[121.290294,28.751614],[121.237885,28.763861],[121.224376,28.798041],[121.214447,28.807318],[121.173595,28.817857],[121.15211,28.842515],[121.142345,28.845852],[121.159679,28.813544],[121.206065,28.799058],[121.231212,28.760159],[121.285899,28.738267],[121.299327,28.722886],[121.298676,28.701239],[121.258393,28.675116],[121.365001,28.696031],[121.381358,28.681952],[121.413829,28.696601],[121.454845,28.689521],[121.510128,28.657059],[121.525556,28.624655],[121.538433,28.571446],[121.57316,28.525134],[121.581619,28.50469],[121.521007,28.501044],[121.511567,28.489488],[121.584601,28.489102],[121.607743,28.477203],[121.584439,28.454215],[121.583777,28.442946],[121.607463,28.420319],[121.615888,28.397214],[121.632263,28.379446],[121.628525,28.363902],[121.634044,28.347235],[121.647716,28.348456],[121.656342,28.339301],[121.607921,28.270453],[121.585541,28.256822],[121.578136,28.260321],[121.580577,28.300849],[121.541491,28.321787],[121.499986,28.332673],[121.473086,28.330603],[121.441254,28.311713],[121.436046,28.297105],[121.408946,28.304918],[121.398936,28.298489],[121.395518,28.284084],[121.418793,28.269721],[121.416026,28.256171],[121.408051,28.246283],[121.374522,28.236274],[121.364838,28.225816],[121.354015,28.187893],[121.374522,28.195258],[121.374034,28.172593],[121.35141,28.146552],[121.330089,28.147528],[121.309337,28.174872],[121.287852,28.180894],[121.261695,28.225791],[121.225165,28.238863],[121.248871,28.270209],[121.236827,28.306098],[121.203136,28.331855],[121.21754,28.352362],[121.244151,28.349107],[121.264659,28.366034],[121.214122,28.360582],[121.184093,28.382148],[121.168956,28.384833],[121.161632,28.377509],[121.168956,28.359768],[121.144298,28.343573],[121.13025,28.305554],[121.072113,28.291693],[121.066661,28.311428],[121.024994,28.304592],[121.039561,28.285346],[121.058116,28.279934],[121.121803,28.284362],[121.130095,28.265929],[121.124753,28.23552],[121.085836,28.166504],[121.053385,28.148163],[121.009378,28.103133],[120.993512,28.025779],[120.965228,27.987145],[120.921397,27.981676],[120.879975,27.998725],[120.819591,27.989244],[120.781098,28.002387],[120.731049,28.035834],[120.661957,28.044501],[120.606049,28.042222],[120.59018,28.054389],[120.576996,28.115627],[120.559581,28.112779],[120.58017,28.089789],[120.580089,28.046129],[120.588959,28.026679],[120.673595,28.021715],[120.707286,28.009711],[120.75058,27.975572],[120.835297,27.955959],[120.84726,27.948961],[120.863762,27.918106],[120.868364,27.882559],[120.852272,27.858192],[120.807486,27.834827],[120.796018,27.80537],[120.722614,27.71591],[120.704255,27.712839],[120.635265,27.763332],[120.636729,27.745836],[120.672455,27.711493],[120.680181,27.686379],[120.667577,27.66806],[120.675629,27.659654],[120.666484,27.625358],[120.63559,27.60871],[120.596574,27.570283],[120.618459,27.516421],[120.633387,27.507312],[120.661957,27.503241],[120.67685,27.494615],[120.681977,27.481594],[120.665619,27.451728],[120.646495,27.444485],[120.636241,27.416002],[120.648936,27.400214],[120.635265,27.379706],[120.545909,27.403266],[120.539643,27.36522],[120.527354,27.349799],[120.504893,27.344957],[120.504893,27.338772],[120.53419,27.333197],[120.549327,27.321031],[120.543956,27.285956],[120.517833,27.263007],[120.525971,27.238837],[120.508149,27.21601],[120.517833,27.201606],[120.468354,27.182196],[120.459727,27.220445],[120.421723,27.222073],[120.420421,27.197903],[120.42921,27.173651],[120.406749,27.184231],[120.376231,27.236274],[120.34726,27.249416],[120.303071,27.242255],[120.292003,27.249416],[120.288097,27.264472],[120.295258,27.276272],[120.319347,27.290351],[120.310069,27.295315],[120.306407,27.290351],[120.298839,27.297797],[120.309093,27.303941],[120.31186,27.317694],[120.285167,27.304023],[120.264008,27.324449],[120.271495,27.304023],[120.258556,27.299994],[120.223725,27.311469],[120.243663,27.290351],[120.243663,27.283515],[120.225678,27.268622],[120.195811,27.297797],[120.195811,27.263007],[120.175304,27.238837],[120.182384,27.216864],[120.201915,27.217841],[120.209483,27.235093],[120.256602,27.256903],[120.27003,27.239447],[120.297618,27.226793],[120.306407,27.215277],[120.333588,27.235093],[120.333588,27.228909],[120.339854,27.228909],[120.34726,27.24258],[120.364838,27.225084],[120.365489,27.209621],[120.34726,27.180487],[120.369884,27.187486],[120.421723,27.153144],[120.421723,27.146959],[120.373871,27.146959],[120.40797,27.139553],[120.40797,27.132717],[120.381358,27.12523],[120.373871,27.132717],[120.367035,27.12523],[120.381358,27.119045],[120.373871,27.106024],[120.39503,27.106024],[120.377533,27.098578],[120.282725,27.112291],[120.262055,27.12995],[120.243663,27.132717],[120.278331,27.063788],[120.271495,27.057563],[120.257823,27.072659],[120.216319,27.043931],[120.216319,27.037095],[120.241547,27.034003],[120.255626,27.017524],[120.255219,26.997056],[120.237397,26.981879],[120.229991,26.989325],[120.193207,26.98135],[120.148692,26.981879],[120.187022,26.963528],[120.235688,26.966376],[120.243663,26.955146],[120.229991,26.940904],[120.237397,26.927232],[120.219086,26.915432],[120.200776,26.915432],[120.168468,26.927232],[120.125743,26.927314],[120.113617,26.918769],[120.120697,26.899888],[120.095551,26.887274],[120.083263,26.886298],[120.055756,26.899888],[120.031993,26.899888],[120.055268,26.88939],[120.025157,26.860175],[120.024506,26.837877],[120.047618,26.823228],[120.128184,26.796942],[120.097748,26.75849],[120.10019,26.742906],[120.112397,26.735745],[120.142833,26.732815],[120.148692,26.721177],[120.143565,26.71011],[120.107677,26.701321],[120.102061,26.689154],[120.103608,26.675279],[120.120697,26.646064],[120.134369,26.65351],[120.134369,26.646064],[120.080414,26.617418],[120.076508,26.630113],[120.086681,26.639228],[120.079682,26.646064],[120.014903,26.611274],[119.959972,26.611274],[119.948741,26.606147],[119.941173,26.593329],[119.935639,26.560452],[119.884288,26.523179],[119.847179,26.523627],[119.835704,26.531399],[119.832612,26.550482],[119.835948,26.56151],[119.85377,26.564114],[119.85377,26.598293],[119.8685,26.610053],[119.928966,26.625637],[119.984141,26.65351],[119.976817,26.674018],[119.986339,26.679633],[120.011485,26.721177],[120.032319,26.71662],[120.031993,26.728583],[120.077647,26.78559],[120.079682,26.796942],[120.067475,26.800482],[120.014903,26.790025],[119.9463,26.796942],[119.925141,26.792182],[119.923676,26.781236],[119.935639,26.759019],[119.924083,26.732489],[119.888031,26.687242],[119.901622,26.659735],[119.856944,26.65351],[119.85377,26.68769],[119.829194,26.714993],[119.791759,26.68769],[119.802257,26.766791],[119.840099,26.790025],[119.815766,26.797593],[119.791759,26.790025],[119.797374,26.816392],[119.834809,26.832506],[119.846283,26.8522],[119.79835,26.841376],[119.781993,26.828518],[119.765229,26.794094],[119.7706,26.759019],[119.766449,26.74494],[119.756196,26.737738],[119.730235,26.742906],[119.732677,26.763414],[119.712006,26.807929],[119.692393,26.817369],[119.685802,26.811998],[119.67628,26.785875],[119.677989,26.763129],[119.727387,26.717922],[119.730235,26.704739],[119.724946,26.697821],[119.696137,26.708197],[119.646007,26.753323],[119.626557,26.749091],[119.620372,26.76557],[119.621837,26.78677],[119.606049,26.796942],[119.575531,26.788031],[119.579438,26.776435],[119.552094,26.749091],[119.554698,26.71483],[119.570811,26.703274],[119.595958,26.703315],[119.608246,26.683539],[119.599864,26.646064],[119.568126,26.664537],[119.544444,26.662502],[119.541108,26.656317],[119.55421,26.61518],[119.592377,26.590888],[119.599864,26.57038],[119.606049,26.57038],[119.618907,26.587836],[119.675059,26.618801],[119.700938,26.608588],[119.742198,26.608629],[119.73642,26.591457],[119.784923,26.577826],[119.784923,26.550482],[119.7706,26.564114],[119.761729,26.550727],[119.76588,26.534369],[119.779145,26.520697],[119.798595,26.515774],[119.784923,26.502021],[119.802257,26.489447],[119.818858,26.453192],[119.812266,26.433783],[119.791759,26.433783],[119.791759,26.413316],[119.761974,26.407457],[119.752045,26.431464],[119.737641,26.443671],[119.689789,26.459459],[119.653656,26.498033],[119.620372,26.467963],[119.599864,26.474799],[119.5713,26.465725],[119.566417,26.454901],[119.57309,26.437812],[119.594086,26.43358],[119.616303,26.437405],[119.63087,26.448717],[119.648448,26.437445],[119.654307,26.429023],[119.655528,26.355618],[119.665294,26.340155],[119.688731,26.337592],[119.681895,26.317125],[119.747081,26.327623],[119.754405,26.372056],[119.7706,26.364936],[119.791759,26.40648],[119.825776,26.426947],[119.851329,26.392808],[119.840099,26.378567],[119.855805,26.377631],[119.894786,26.35871],[119.949962,26.372301],[119.949962,26.364936],[119.877452,26.313381],[119.854747,26.327541],[119.826752,26.328355],[119.801117,26.317572],[119.784923,26.296617],[119.805431,26.290432],[119.792735,26.284084],[119.764415,26.296617],[119.732677,26.285061],[119.673595,26.280504],[119.654307,26.272406],[119.634125,26.255072],[119.668224,26.242011],[119.668224,26.221503],[119.636974,26.211656],[119.613536,26.182196],[119.600108,26.176337],[119.591807,26.166409],[119.599864,26.145819],[119.561127,26.124986],[119.458507,25.982489],[119.435557,25.98135],[119.41505,26.009263],[119.373383,26.022284],[119.326915,26.048041],[119.27711,26.052924],[119.215831,26.100084],[119.161143,26.11164],[119.093516,26.145819],[119.093516,26.139594],[119.157319,26.090766],[119.181488,26.098619],[119.19516,26.087592],[119.208995,26.043402],[119.243012,25.995022],[119.246837,25.967231],[119.329845,25.944281],[119.377533,25.941392],[119.440929,25.963813],[119.490001,25.994208],[119.500011,26.010199],[119.504242,26.035956],[119.519054,26.044501],[119.566417,26.050238],[119.648448,26.015448],[119.675059,26.022284],[119.695404,26.002631],[119.702403,25.985053],[119.675059,25.926093],[119.654307,25.906928],[119.616466,25.892646],[119.599864,25.844184],[119.584076,25.876939],[119.574229,25.884914],[119.566417,25.872056],[119.577891,25.862372],[119.583018,25.820217],[119.607921,25.805162],[119.606049,25.769029],[119.62086,25.760321],[119.596446,25.731513],[119.589936,25.687161],[119.572602,25.679674],[119.535411,25.705878],[119.522797,25.705797],[119.517345,25.690172],[119.487071,25.687323],[119.477061,25.679674],[119.449067,25.687161],[119.467052,25.613918],[119.483246,25.625678],[119.481049,25.580471],[119.492442,25.564765],[119.517345,25.556789],[119.534434,25.575873],[119.558442,25.563788],[119.579438,25.584662],[119.56837,25.547431],[119.572276,25.533433],[119.59311,25.529486],[119.583018,25.51732],[119.566417,25.515815],[119.599864,25.508368],[119.572602,25.494696],[119.572602,25.48786],[119.603608,25.491156],[119.599864,25.47484],[119.622406,25.469428],[119.628022,25.461371],[119.614024,25.438788],[119.634125,25.433254],[119.645274,25.410468],[119.646007,25.392564],[119.620372,25.364976],[119.654552,25.35814],[119.579438,25.344468],[119.599864,25.371161],[119.577973,25.418687],[119.59311,25.439439],[119.57602,25.467353],[119.552094,25.453762],[119.538585,25.461168],[119.535981,25.419135],[119.558197,25.404608],[119.544444,25.377183],[119.483246,25.371161],[119.497813,25.3994],[119.504242,25.429877],[119.490733,25.446926],[119.507335,25.474433],[119.466156,25.47484],[119.447032,25.438788],[119.435557,25.446926],[119.433116,25.45954],[119.449067,25.505276],[119.356537,25.526923],[119.356049,25.550727],[119.38087,25.590888],[119.360362,25.577297],[119.352875,25.584662],[119.356293,25.600043],[119.343028,25.609198],[119.322602,25.611029],[119.305186,25.60456],[119.321381,25.587348],[119.310557,25.577867],[119.277843,25.570461],[119.268809,25.526923],[119.237804,25.481757],[119.215099,25.470282],[119.18336,25.464993],[119.128673,25.429999],[119.10255,25.420315],[119.10963,25.406806],[119.156993,25.362616],[119.173188,25.325141],[119.192393,25.342027],[119.195323,25.35814],[119.20338,25.35814],[119.223155,25.316596],[119.181488,25.289252],[119.201264,25.259711],[119.225841,25.27969],[119.243012,25.330227],[119.265147,25.317572],[119.273692,25.31859],[119.277843,25.330227],[119.29835,25.316596],[119.291352,25.316596],[119.318858,25.279364],[119.347504,25.267768],[119.352875,25.25849],[119.344249,25.242377],[119.323741,25.237982],[119.281261,25.241441],[119.272472,25.231757],[119.288829,25.189114],[119.281261,25.179389],[119.255626,25.175897],[119.242753,25.189987],[119.229376,25.193215],[119.175629,25.1765],[119.141975,25.220978],[119.116096,25.213782],[119.101794,25.196634],[119.10418,25.182948],[119.1338,25.138414],[119.146576,25.143744],[119.153087,25.139716],[119.149913,25.131578],[119.1338,25.124742],[119.093272,25.135647],[119.08546,25.124742],[119.099132,25.111151],[119.064789,25.124742],[119.079194,25.152086],[119.064708,25.162543],[119.053233,25.15762],[119.044444,25.124742],[119.029063,25.14053],[119.034028,25.158677],[119.069102,25.203681],[119.068858,25.216742],[119.057384,25.225002],[119.03476,25.227769],[118.987315,25.222235],[118.96933,25.226386],[118.979991,25.244859],[119.024946,25.259289],[119.027298,25.278238],[118.983653,25.283026],[118.896495,25.257514],[118.87558,25.243842],[118.864838,25.227973],[118.911143,25.217231],[118.909272,25.195705],[118.915294,25.179389],[118.932953,25.194566],[118.948253,25.19717],[118.963145,25.193671],[118.97462,25.182563],[118.948985,25.136949],[118.942963,25.108832],[118.921397,25.101386],[118.88559,25.106147],[118.857677,25.098049],[118.848969,25.086615],[118.849132,25.073798],[118.87794,25.040717],[118.935151,25.022366],[118.928315,25.014879],[118.953705,25.002997],[118.979991,25.011786],[118.997325,25.053534],[119.004161,25.050238],[118.999522,25.024075],[118.983246,24.995103],[118.997325,24.953437],[119.01767,24.960273],[119.009044,24.947333],[118.977061,24.934027],[118.963715,24.954413],[118.911632,24.953437],[118.901134,24.937812],[118.909923,24.907172],[118.934174,24.886054],[118.969981,24.898871],[118.973237,24.893785],[118.969981,24.885199],[118.976166,24.877753],[118.951996,24.870754],[118.89796,24.8758],[118.86671,24.891018],[118.825938,24.877753],[118.792084,24.891099],[118.777599,24.885199],[118.780121,24.867825],[118.716075,24.843573],[118.699799,24.851549],[118.69809,24.859524],[118.707774,24.877265],[118.729747,24.885199],[118.729503,24.900539],[118.695567,24.940416],[118.69752,24.906806],[118.688813,24.895738],[118.68808,24.926174],[118.667735,24.953437],[118.640391,24.915595],[118.673432,24.886623],[118.671153,24.874661],[118.651215,24.866889],[118.624115,24.867825],[118.572032,24.885199],[118.612804,24.85578],[118.619884,24.843573],[118.617931,24.805325],[118.63795,24.772121],[118.643809,24.782213],[118.667735,24.782172],[118.686534,24.792792],[118.701752,24.810045],[118.715099,24.798326],[118.719981,24.769355],[118.743419,24.775336],[118.76295,24.762681],[118.763927,24.751695],[118.746837,24.720689],[118.732026,24.716457],[118.685395,24.66649],[118.654063,24.693427],[118.6421,24.678697],[118.633556,24.627875],[118.640229,24.616929],[118.664154,24.61225],[118.661469,24.590318],[118.620453,24.545478],[118.590831,24.528062],[118.553966,24.518052],[118.554454,24.553209],[118.578136,24.560207],[118.501231,24.60814],[118.428071,24.631334],[118.434662,24.659003],[118.431244,24.699693],[118.40089,24.672309],[118.421886,24.624498],[118.404796,24.606635],[118.379893,24.590237],[118.351654,24.582343],[118.325043,24.590318],[118.30714,24.588324],[118.284028,24.597805],[118.27296,24.574408],[118.263194,24.57038],[118.249848,24.576117],[118.241791,24.543769],[118.219005,24.541449],[118.194347,24.556464],[118.181163,24.576117],[118.181651,24.597805],[118.215831,24.60399],[118.21518,24.614814],[118.174327,24.624498],[118.187592,24.657375],[118.181407,24.672756],[118.160492,24.693427],[118.157481,24.662665],[118.141449,24.656968],[118.137462,24.633775],[118.112804,24.597805],[118.110362,24.584052],[118.092296,24.597805],[118.044444,24.617662],[118.036957,24.597805],[118.04477,24.575995],[118.037364,24.560614],[118.021088,24.554999],[118.00294,24.562445],[118.009288,24.580715],[117.974864,24.55272],[117.97877,24.542548],[118.020763,24.536566],[118.044037,24.528266],[118.058116,24.515855],[118.036713,24.490871],[118.009369,24.485541],[117.999522,24.470852],[118.020274,24.454657],[118.021739,24.445746],[117.996104,24.446967],[117.867686,24.489569],[117.825938,24.480455],[117.884858,24.468655],[117.901134,24.453192],[117.815684,24.471625],[117.79127,24.467475],[117.79127,24.460639],[117.874604,24.396308],[117.907319,24.384914],[117.98935,24.394761],[118.030121,24.412828],[118.042979,24.406684],[118.047455,24.399075],[118.040782,24.365627],[118.023936,24.350775],[118.01588,24.32685],[118.024181,24.323554],[118.052989,24.34691],[118.071788,24.348863],[118.090587,24.341457],[118.102306,24.314276],[118.11964,24.299262],[118.126475,24.26203],[118.108735,24.261054],[118.084727,24.249091],[118.071788,24.254584],[118.023936,24.206732],[117.989268,24.193101],[117.97877,24.162095],[117.967865,24.159817],[117.958507,24.20307],[117.943614,24.212592],[117.907319,24.186265],[117.932384,24.17829],[117.937755,24.161689],[117.895763,24.086615],[117.899425,24.040188],[117.893647,24.028022],[117.862315,24.035224],[117.839122,24.023627],[117.771983,23.95893],[117.758637,23.915473],[117.748057,23.907538],[117.736583,23.908108],[117.729259,23.919379],[117.737885,23.950507],[117.791352,24.001532],[117.798106,24.021796],[117.786469,24.028144],[117.761729,24.014838],[117.757091,24.024888],[117.776134,24.037299],[117.763276,24.070258],[117.757091,24.070258],[117.750011,24.037299],[117.724132,24.033759],[117.667084,24.06273],[117.679698,24.039049],[117.708751,24.035468],[117.688487,23.997504],[117.695079,23.953559],[117.648633,23.909234],[117.625536,23.840153],[117.626008,23.812233],[117.639269,23.794102],[117.591669,23.737064],[117.587462,23.77778],[117.602012,23.798949],[117.598155,23.852444],[117.571056,23.903266],[117.537364,23.919379],[117.454845,23.925605],[117.416596,23.946845],[117.407074,23.933051],[117.409679,23.913398],[117.468516,23.911933],[117.499596,23.874072],[117.490073,23.832579],[117.463477,23.788287],[117.434331,23.775922],[117.382416,23.795233],[117.368907,23.792629],[117.345551,23.768541],[117.319102,23.761623],[117.292572,23.789496],[117.277354,23.782213],[117.292328,23.762152],[117.271921,23.721306],[117.276242,23.687743],[117.267965,23.679792],[117.263649,23.655425],[117.279122,23.636268],[117.257093,23.615616],[117.238964,23.605473],[117.235538,23.639819],[117.24409,23.657548],[117.229503,23.692816],[117.208507,23.664944],[117.217181,23.652511],[117.219201,23.629628],[117.15083,23.606867],[117.12846,23.572354],[117.084228,23.550606],[117.078407,23.564611],[117.08356,23.58895],[117.076003,23.604627],[117.077881,23.63883],[117.068413,23.651273],[117.034272,23.661322],[117.023448,23.658677],[117.018321,23.647895],[116.985356,23.640228],[116.965072,23.615438],[116.950705,23.610883],[116.917572,23.637926],[116.940929,23.658677],[116.916515,23.662746],[116.900727,23.634263],[116.877452,23.618354],[116.872081,23.606879],[116.884044,23.586615],[116.883311,23.559638],[116.849701,23.511298],[116.872621,23.473807],[116.866628,23.450233],[116.773224,23.349432],[116.692882,23.359931],[116.657844,23.354452],[116.56894,23.391018],[116.543224,23.42121],[116.523204,23.418524],[116.523204,23.377509],[116.573009,23.323676],[116.587983,23.316107],[116.641889,23.318835],[116.660976,23.337223],[116.69124,23.338977],[116.709414,23.31977],[116.727074,23.316116],[116.730112,23.330754],[116.748635,23.326288],[116.765631,23.297351],[116.77711,23.240383],[116.804822,23.236122],[116.783946,23.212388],[116.705577,23.276597],[116.667247,23.281317],[116.708995,23.258531],[116.715099,23.243801],[116.671166,23.214639],[116.646755,23.162991],[116.615216,23.178349],[116.618148,23.221479],[116.61151,23.23873],[116.569976,23.246973],[116.508881,23.234117],[116.509288,23.216376],[116.526988,23.200621],[116.563975,23.222968],[116.602949,23.217738],[116.604504,23.209557],[116.601496,23.196581],[116.569916,23.177692],[116.545121,23.144775],[116.533648,23.109135],[116.551656,23.086724],[116.548496,23.066402],[116.56325,23.018774],[116.547852,23.006039],[116.521936,22.998411],[116.518474,22.967456],[116.494688,22.939352],[116.45851,22.94742],[116.379607,22.928984],[116.353038,22.938056],[116.338251,22.951857],[116.298487,22.963247],[116.289064,22.978943],[116.26226,22.973737],[116.213634,22.982815],[116.20102,22.973456],[116.234874,22.960273],[116.252289,22.959052],[116.269379,22.96662],[116.281458,22.957857],[116.221009,22.91901],[116.170989,22.864465],[116.14491,22.847823],[116.09569,22.8259],[116.084672,22.849765],[116.091253,22.86841],[116.123721,22.894729],[116.087006,22.906562],[116.042105,22.932918],[116.041881,22.922321],[116.087254,22.889694],[116.076178,22.867871],[116.047862,22.851793],[115.996718,22.836684],[115.966075,22.817206],[115.958014,22.804743],[115.933263,22.805994],[115.903738,22.789376],[115.883497,22.794619],[115.843212,22.770025],[115.825956,22.746644],[115.81003,22.746091],[115.797812,22.75445],[115.788039,22.797842],[115.795014,22.800279],[115.806488,22.778266],[115.813569,22.776272],[115.812755,22.799547],[115.804779,22.81509],[115.73687,22.851673],[115.697036,22.850671],[115.703581,22.869323],[115.684266,22.877779],[115.682465,22.88817],[115.692638,22.900092],[115.70517,22.907375],[115.721283,22.904527],[115.730317,22.934231],[115.691987,22.929023],[115.653331,22.893744],[115.577891,22.877265],[115.560557,22.849311],[115.539887,22.852932],[115.53297,22.862047],[115.547618,22.895413],[115.505626,22.897773],[115.468272,22.9265],[115.450938,22.931871],[115.430186,22.918199],[115.406016,22.925035],[115.427257,22.900621],[115.446137,22.89997],[115.464203,22.912014],[115.483002,22.901842],[115.496104,22.880316],[115.494151,22.860785],[115.468028,22.856757],[115.468028,22.849311],[115.505626,22.849311],[115.530365,22.838324],[115.559418,22.836086],[115.612071,22.863593],[115.538966,22.788904],[115.527017,22.767042],[115.523936,22.741767],[115.555588,22.71437],[115.567321,22.747281],[115.586192,22.745103],[115.590099,22.737209],[115.562511,22.705634],[115.56422,22.684882],[115.575219,22.668336],[115.536156,22.668123],[115.464818,22.701034],[115.438265,22.700599],[115.421264,22.690236],[115.373508,22.694177],[115.338471,22.7331],[115.350678,22.746894],[115.388927,22.746894],[115.424133,22.761993],[115.411208,22.788268],[115.386241,22.782904],[115.363994,22.763645],[115.33057,22.78854],[115.233391,22.788209],[115.232767,22.80534],[115.32016,22.850531],[115.324799,22.859565],[115.309418,22.869371],[115.317149,22.904527],[115.303803,22.903022],[115.272227,22.873847],[115.245616,22.835354],[115.231456,22.830064],[115.217294,22.834891],[115.196013,22.831898],[115.172944,22.821194],[115.180271,22.784806],[115.158273,22.792417],[115.150566,22.809634],[115.132878,22.811454],[115.111664,22.802151],[115.065475,22.795985],[115.045665,22.775865],[115.036632,22.75373],[115.017828,22.737044],[115.030794,22.717322],[115.028903,22.708377],[114.998772,22.702201],[114.985342,22.689309],[114.959835,22.696134],[114.95467,22.703544],[114.956584,22.71574],[114.941661,22.753852],[114.926768,22.761176],[114.916759,22.744045],[114.889059,22.763748],[114.876719,22.767957],[114.862524,22.763216],[114.881873,22.747523],[114.886217,22.736075],[114.878145,22.729638],[114.880736,22.72147],[114.890447,22.714055],[114.902858,22.713934],[114.909996,22.723615],[114.926726,22.71693],[114.966629,22.676487],[114.938731,22.657294],[114.901938,22.598057],[114.905213,22.57844],[114.919119,22.561155],[114.895966,22.547524],[114.883641,22.550916],[114.880215,22.559113],[114.889234,22.572894],[114.88682,22.590872],[114.865816,22.601745],[114.832229,22.602077],[114.806416,22.592509],[114.774609,22.597693],[114.754145,22.589714],[114.743776,22.609404],[114.73745,22.669046],[114.74999,22.678724],[114.753778,22.693385],[114.738879,22.710647],[114.741951,22.732653],[114.752545,22.749662],[114.813243,22.774848],[114.821252,22.79056],[114.816954,22.800389],[114.775238,22.815823],[114.754893,22.781684],[114.734141,22.775784],[114.716732,22.790803],[114.695481,22.792642],[114.683812,22.781333],[114.645484,22.767006],[114.637787,22.755072],[114.579378,22.733311],[114.563324,22.732733],[114.571096,22.702354],[114.552338,22.694525],[114.522065,22.705959],[114.52378,22.687214],[114.499576,22.653114],[114.506607,22.646523],[114.548216,22.644541],[114.58253,22.65526],[114.590343,22.643866],[114.577647,22.635891],[114.560883,22.608791],[114.529145,22.598334],[114.495372,22.561957],[114.509288,22.549547],[114.529552,22.555121],[114.543224,22.569403],[114.554779,22.557318],[114.611583,22.528713],[114.617686,22.514146],[114.570532,22.484291],[114.542162,22.477993],[114.515816,22.452643],[114.501557,22.452094],[114.485118,22.468329],[114.483246,22.484565],[114.476817,22.489895],[114.47641,22.509426],[114.48699,22.521918],[114.479584,22.54621],[114.45574,22.570502],[114.440359,22.568671],[114.433035,22.591091],[114.408702,22.61164],[114.3956,22.613511],[114.340261,22.597886],[114.328461,22.605455],[114.324555,22.598538],[114.317149,22.602362],[114.305349,22.594184],[114.30714,22.585435],[114.302175,22.582953],[114.276215,22.587958],[114.229828,22.555813],[114.234711,22.556179],[114.209972,22.534491],[114.209321,22.523708],[114.230398,22.532945],[114.242035,22.550198],[114.254568,22.550971],[114.253266,22.539455],[114.259207,22.540798],[114.27003,22.52558],[114.278005,22.529853],[114.27768,22.511664],[114.289236,22.505194],[114.298513,22.501003],[114.332774,22.511949],[114.335134,22.506415],[114.253754,22.451768],[114.245942,22.451768],[114.231212,22.469794],[114.211762,22.470567],[114.217133,22.447943],[114.20224,22.458075],[114.167491,22.448065],[114.211762,22.4206],[114.214854,22.408881],[114.209321,22.398668],[114.23821,22.43537],[114.267182,22.430732],[114.272553,22.409654],[114.276459,22.419827],[114.288992,22.426011],[114.276459,22.443996],[114.301606,22.456529],[114.300792,22.465033],[114.323741,22.480048],[114.33074,22.474107],[114.325043,22.46426],[114.335704,22.461737],[114.338064,22.446357],[114.332774,22.440009],[114.337413,22.431586],[114.342784,22.43769],[114.347585,22.422919],[114.352306,22.423692],[114.351573,22.440985],[114.359874,22.461168],[114.367849,22.454983],[114.370209,22.440009],[114.39975,22.436143],[114.401296,22.412746],[114.381765,22.419053],[114.370209,22.397976],[114.375011,22.400539],[114.384939,22.387356],[114.38974,22.365953],[114.376394,22.370632],[114.37558,22.353461],[114.36085,22.345771],[114.357595,22.332424],[114.352306,22.351915],[114.34197,22.345771],[114.332774,22.359768],[114.334321,22.375312],[114.320404,22.380764],[114.318614,22.38939],[114.300059,22.381578],[114.278005,22.390977],[114.268728,22.378445],[114.279796,22.355007],[114.276459,22.348049],[114.267182,22.35578],[114.266368,22.365953],[114.258393,22.362087],[114.255544,22.355902],[114.265798,22.34634],[114.272553,22.320705],[114.29127,22.316555],[114.292084,22.305162],[114.303884,22.306708],[114.311615,22.297309],[114.297699,22.285631],[114.288992,22.287177],[114.289561,22.273912],[114.300059,22.277045],[114.303152,22.269192],[114.296723,22.258287],[114.278331,22.270453],[114.273367,22.295762],[114.264822,22.301947],[114.266368,22.315985],[114.255544,22.322333],[114.253022,22.295762],[114.238943,22.281684],[114.211762,22.310574],[114.214854,22.301174],[114.195486,22.318264],[114.186534,22.308743],[114.191417,22.298896],[114.183686,22.301947],[114.171886,22.288723],[114.159516,22.322252],[114.12436,22.342231],[114.123546,22.337144],[114.104828,22.369859],[114.097504,22.363023],[114.079112,22.365953],[114.020518,22.350369],[114.014985,22.358995],[113.982677,22.366767],[113.970632,22.387071],[113.964366,22.380683],[113.97462,22.372056],[113.954926,22.369859],[113.944835,22.362087],[113.914399,22.376125],[113.918305,22.387844],[113.896983,22.408759],[113.909434,22.418606],[113.930675,22.419827],[113.94101,22.426785],[113.954112,22.44949],[113.97755,22.458848],[113.998627,22.488552],[114.012706,22.486111],[114.01116,22.472886],[114.029877,22.478258],[114.03061,22.49551],[114.057953,22.504869],[114.065766,22.515855],[114.085297,22.522935],[114.082367,22.529364],[114.058442,22.516995],[114.055268,22.506944],[114.042003,22.506781],[113.999278,22.530626],[113.963796,22.538113],[113.951939,22.523841],[113.947758,22.490406],[113.91033,22.485826],[113.890345,22.452712],[113.874363,22.478184],[113.866155,22.511493],[113.893891,22.521145],[113.843761,22.561957],[113.822358,22.587226],[113.799157,22.631001],[113.793568,22.661614],[113.772934,22.672448],[113.758067,22.753404],[113.744395,22.761176],[113.712169,22.763332],[113.699718,22.761176],[113.684581,22.746894],[113.672374,22.746894],[113.653575,22.758734],[113.662608,22.798082],[113.655284,22.819241],[113.632579,22.853095],[113.617198,22.890286],[113.610118,22.862047],[113.617198,22.836249],[113.605561,22.847235],[113.602306,22.86636],[113.610362,22.904527],[113.596039,22.880561],[113.592296,22.889065],[113.611339,22.933783],[113.62436,22.999213],[113.638194,23.034898],[113.630707,23.034898],[113.61671,23.00788],[113.59669,22.918199],[113.595063,22.94477],[113.617198,23.034898],[113.599213,23.009223],[113.586681,22.953559],[113.576182,22.938707],[113.583832,22.978461],[113.583018,23.021226],[113.553966,22.987616],[113.542003,22.986518],[113.528819,23.01081],[113.528331,23.038031],[113.536388,23.063137],[113.556407,23.084133],[113.582123,23.098456],[113.637218,23.109117],[113.691987,23.132554],[113.720225,23.137926],[113.758067,23.121568],[113.784434,23.131741],[113.830089,23.117499],[113.813243,23.129788],[113.761078,23.137926],[113.703136,23.157782],[113.67392,23.150458],[113.626475,23.117987],[113.593272,23.110663],[113.542003,23.086412],[113.536876,23.075019],[113.509125,23.062161],[113.494233,23.062812],[113.44516,23.089342],[113.417491,23.096991],[113.398692,23.083319],[113.419281,23.065497],[113.481212,23.0515],[113.502312,23.020424],[113.503844,22.989833],[113.480968,22.935696],[113.483979,22.924262],[113.473725,22.918199],[113.429942,22.931342],[113.336518,22.897773],[113.307628,22.89411],[113.212983,22.912014],[113.212983,22.904527],[113.258067,22.897773],[113.292247,22.877265],[113.350434,22.889716],[113.367931,22.880683],[113.440033,22.804145],[113.494233,22.774848],[113.451915,22.755113],[113.439545,22.739447],[113.377533,22.767401],[113.39503,22.748196],[113.466319,22.716498],[113.476329,22.699856],[113.553043,22.638472],[113.563844,22.614444],[113.59917,22.57518],[113.594738,22.52339],[113.562511,22.480414],[113.546355,22.437585],[113.558116,22.380764],[113.581635,22.371324],[113.610362,22.370185],[113.599457,22.350531],[113.592296,22.316148],[113.573578,22.300727],[113.57721,22.266637],[113.589987,22.253415],[113.587655,22.237882],[113.561196,22.23373],[113.552857,22.219006],[113.538585,22.221747],[113.52296,22.213039],[113.529877,22.202257],[113.483745,22.155142],[113.459214,22.158004],[113.425629,22.186225],[113.411876,22.225531],[113.364513,22.267768],[113.357026,22.301907],[113.276378,22.372056],[113.255626,22.403876],[113.231944,22.479071],[113.165294,22.575588],[113.160167,22.487616],[113.227306,22.425279],[113.328506,22.268476],[113.401971,22.179574],[113.350841,22.171536],[113.32545,22.183661],[113.302745,22.183295],[113.282237,22.145413],[113.263438,22.13703],[113.250987,22.115668],[113.246593,22.103461],[113.25587,22.082668],[113.247162,22.054267],[113.230561,22.043158],[113.194692,22.046395],[113.157467,22.0247],[113.13963,22.036852],[113.118857,22.065838],[113.110606,22.099189],[113.124522,22.13109],[113.118244,22.143746],[113.127452,22.160956],[113.113292,22.187405],[113.110606,22.219306],[113.085053,22.207587],[113.07729,22.147267],[113.057893,22.121094],[113.026614,22.143212],[113.020638,22.125978],[113.016105,22.057712],[113.022729,22.002534],[113.018969,21.97702],[113.028618,21.961148],[113.02562,21.949425],[112.98935,21.937323],[112.979584,21.90119],[112.957081,21.875653],[112.911586,21.856291],[112.879405,21.87519],[112.851573,21.94831],[112.840831,21.960924],[112.82602,21.966132],[112.800385,21.94717],[112.788585,21.951809],[112.743744,21.931952],[112.737641,21.896877],[112.730479,21.890326],[112.70045,21.890326],[112.685557,21.869859],[112.645112,21.849351],[112.647553,21.822659],[112.633067,21.795803],[112.608002,21.775092],[112.579112,21.766832],[112.550873,21.772854],[112.443207,21.828437],[112.426036,21.84516],[112.41505,21.868476],[112.411143,21.90119],[112.424164,21.917792],[112.481456,21.944648],[112.493663,21.966132],[112.43629,21.945624],[112.404796,21.942857],[112.390636,21.955512],[112.376313,21.986558],[112.397472,22.068508],[112.378184,22.058417],[112.364838,22.034491],[112.356537,21.979722],[112.390636,21.90119],[112.388438,21.86225],[112.401134,21.83747],[112.40211,21.801418],[112.392833,21.785142],[112.38795,21.75609],[112.363292,21.733344],[112.286225,21.708808],[112.244884,21.706529],[112.226817,21.729641],[112.182384,21.752997],[112.203136,21.806708],[112.192638,21.843166],[112.172699,21.814439],[112.085541,21.796088],[112.028168,21.797349],[112.013031,21.804389],[112.007091,21.818671],[112.01295,21.834621],[112.037364,21.862494],[112.04127,21.884182],[112.034434,21.884182],[111.993175,21.834174],[111.969249,21.824042],[111.934093,21.890448],[111.911876,21.91356],[111.890391,21.925116],[111.890636,21.867377],[111.904063,21.815253],[111.946381,21.785875],[112.000255,21.774319],[111.991954,21.763821],[111.905772,21.715888],[111.904145,21.701728],[111.884288,21.682847],[111.867931,21.676703],[111.838878,21.678127],[111.842296,21.699042],[111.85377,21.707424],[111.87672,21.698554],[111.875336,21.709703],[111.860606,21.721503],[111.849376,21.725816],[111.836192,21.716986],[111.829356,21.728705],[111.835053,21.766832],[111.806895,21.743313],[111.793956,21.744534],[111.787934,21.759996],[111.757904,21.753323],[111.725841,21.766832],[111.721202,21.762641],[111.700938,21.768378],[111.678071,21.781155],[111.695567,21.76142],[111.76059,21.725816],[111.779633,21.675442],[111.773692,21.650133],[111.746918,21.643948],[111.772472,21.635199],[111.787934,21.616034],[111.728363,21.61636],[111.712901,21.62344],[111.69044,21.603827],[111.651378,21.54092],[111.630463,21.529853],[111.606456,21.544623],[111.591075,21.575751],[111.581879,21.581855],[111.582042,21.555487],[111.595551,21.534084],[111.537852,21.520453],[111.521007,21.534084],[111.504487,21.518215],[111.476085,21.513617],[111.46811,21.518256],[111.467133,21.529446],[111.472667,21.554592],[111.455333,21.551174],[111.444102,21.563625],[111.432221,21.602973],[111.411143,21.568264],[111.437999,21.534084],[111.362804,21.541205],[111.349701,21.526679],[111.376475,21.532701],[111.404307,21.526679],[111.362804,21.506781],[111.292491,21.450629],[111.267345,21.439358],[111.25294,21.444729],[111.269054,21.452135],[111.30128,21.499335],[111.232188,21.524563],[111.212657,21.520453],[111.206309,21.53205],[111.192393,21.531195],[111.15797,21.520453],[111.15797,21.513617],[111.171641,21.513617],[111.164968,21.506008],[111.171641,21.499335],[111.198822,21.507799],[111.226329,21.499335],[111.143647,21.465806],[111.134044,21.471625],[111.08839,21.472642],[111.08839,21.480129],[111.129975,21.493109],[111.129975,21.499335],[111.12379,21.506781],[111.107677,21.495795],[111.08839,21.493109],[111.079356,21.49787],[111.07545,21.513617],[111.034434,21.53148],[111.027599,21.54092],[111.023285,21.527818],[110.985932,21.513617],[110.995697,21.507636],[111.002208,21.489936],[111.013927,21.485663],[111.001313,21.462877],[110.979747,21.452135],[110.979747,21.444729],[111.008149,21.449897],[111.026866,21.479315],[111.042247,21.484565],[111.058604,21.4831],[111.068614,21.472642],[111.043712,21.469387],[110.992931,21.424872],[110.965912,21.432847],[110.869884,21.383246],[110.806163,21.401597],[110.768158,21.397528],[110.704845,21.348538],[110.67628,21.309638],[110.657074,21.260403],[110.65089,21.260403],[110.654796,21.314602],[110.662852,21.337226],[110.677582,21.348538],[110.655528,21.34276],[110.643321,21.321845],[110.631847,21.355373],[110.636485,21.370266],[110.671641,21.381293],[110.692393,21.399156],[110.755382,21.413398],[110.766368,21.444729],[110.76002,21.444729],[110.727306,21.418891],[110.63559,21.381049],[110.61671,21.345404],[110.615733,21.301215],[110.643321,21.252916],[110.636485,21.23017],[110.616954,21.229682],[110.575206,21.246731],[110.588715,21.225572],[110.481456,21.21719],[110.431163,21.191474],[110.424327,21.191474],[110.437348,21.239244],[110.425792,21.269232],[110.437348,21.273383],[110.424327,21.287665],[110.437348,21.293891],[110.478852,21.273383],[110.486339,21.301337],[110.466075,21.296088],[110.444835,21.301337],[110.444835,21.307563],[110.486339,21.328681],[110.486339,21.335517],[110.465343,21.328681],[110.465343,21.348538],[110.43393,21.308783],[110.42392,21.34162],[110.437348,21.397528],[110.431163,21.397528],[110.419526,21.377427],[110.400971,21.38703],[110.368988,21.424872],[110.389496,21.444729],[110.389496,21.452135],[110.35849,21.435736],[110.394379,21.364],[110.389496,21.328681],[110.376475,21.335517],[110.38266,21.321845],[110.344981,21.338853],[110.328136,21.342271],[110.328136,21.335517],[110.3567,21.319159],[110.366303,21.306098],[110.362804,21.287665],[110.384858,21.271064],[110.408214,21.238023],[110.399425,21.176581],[110.394054,21.162543],[110.347423,21.133205],[110.333751,21.11636],[110.269298,21.089179],[110.218842,21.027574],[110.205577,21.049384],[110.2046,21.082221],[110.195567,21.071275],[110.184093,21.03384],[110.156749,20.986029],[110.143077,20.992255],[110.154796,20.977281],[110.149262,20.923977],[110.177257,20.862494],[110.164154,20.876776],[110.156749,20.876776],[110.161876,20.862209],[110.156749,20.848863],[110.164154,20.842027],[110.170421,20.848863],[110.191498,20.848863],[110.191498,20.835842],[110.28712,20.842027],[110.319672,20.859931],[110.335785,20.858832],[110.341807,20.842027],[110.348643,20.848863],[110.361095,20.835883],[110.368988,20.848863],[110.40268,20.790107],[110.409434,20.750963],[110.396983,20.718492],[110.383556,20.713446],[110.356456,20.732327],[110.348643,20.746405],[110.348155,20.803046],[110.341807,20.821519],[110.3213,20.794257],[110.333018,20.778754],[110.332123,20.76789],[110.307628,20.753241],[110.314464,20.746405],[110.307628,20.738959],[110.337494,20.725816],[110.308849,20.683987],[110.300792,20.65705],[110.3213,20.677558],[110.328136,20.677558],[110.32838,20.652655],[110.314464,20.636542],[110.339366,20.631537],[110.362804,20.643378],[110.362804,20.622301],[110.371837,20.634345],[110.380626,20.633775],[110.396983,20.616116],[110.391938,20.606757],[110.408539,20.585924],[110.451671,20.567694],[110.478852,20.567694],[110.511485,20.527899],[110.53419,20.478258],[110.502289,20.412746],[110.475352,20.39765],[110.458507,20.36225],[110.40683,20.305162],[110.399994,20.300767],[110.362071,20.304877],[110.34433,20.279242],[110.280284,20.252997],[110.237153,20.27497],[110.196625,20.27025],[110.187755,20.252997],[110.127533,20.247992],[110.10963,20.252997],[110.09311,20.270575],[110.069835,20.277777],[110.057628,20.296373],[110.037852,20.301703],[110.02711,20.300767],[110.005951,20.280341],[109.992279,20.286526],[109.965831,20.280951],[109.950938,20.272162],[109.93393,20.244127],[109.917247,20.239325],[109.928722,20.326361],[109.917247,20.352281],[109.874115,20.376288],[109.889903,20.382717],[109.862804,20.406317],[109.888031,20.414049],[109.896088,20.431098],[109.903575,20.431098],[109.945811,20.395738],[109.982432,20.351549],[109.985444,20.372138],[110.015473,20.418402],[110.009776,20.434231],[109.97226,20.464545],[109.964936,20.478258],[109.9581,20.451606],[109.943614,20.460679],[109.930919,20.506252],[109.927013,20.454901],[109.917247,20.44477],[109.896088,20.49258],[109.849701,20.500922],[109.822113,20.516547],[109.825694,20.542792],[109.841401,20.547187],[109.848237,20.595649],[109.841401,20.595649],[109.827729,20.554633],[109.821056,20.554633],[109.818858,20.589097],[109.802013,20.616278],[109.77589,20.631334],[109.74586,20.629788],[109.751557,20.673733],[109.775157,20.686184],[109.785248,20.679592],[109.805919,20.679511],[109.827729,20.697984],[109.841401,20.684394],[109.861908,20.708157],[109.860444,20.715481],[109.854747,20.719916],[109.829438,20.707913],[109.801036,20.706285],[109.793712,20.691148],[109.786876,20.691148],[109.760265,20.729967],[109.75644,20.749701],[109.773204,20.766913],[109.758149,20.792792],[109.760265,20.807807],[109.773204,20.814114],[109.773204,20.821519],[109.752045,20.842027],[109.759532,20.855048],[109.745372,20.867662],[109.731537,20.855048],[109.739024,20.807847],[109.704356,20.842027],[109.717865,20.807847],[109.689464,20.835395],[109.665619,20.880927],[109.661225,20.927558],[109.691254,20.958726],[109.678966,20.973863],[109.69752,21.040595],[109.711681,21.03384],[109.699962,21.082994],[109.670177,21.123236],[109.704356,21.178453],[109.720225,21.183417],[109.752045,21.16413],[109.746674,21.179674],[109.773204,21.215399],[109.765717,21.287665],[109.773529,21.299709],[109.773936,21.318671],[109.765717,21.355943],[109.783702,21.348293],[109.786876,21.328681],[109.799815,21.332913],[109.807384,21.355943],[109.924083,21.362779],[109.924083,21.370266],[109.904796,21.390692],[109.951264,21.458401],[109.933442,21.453803],[109.924571,21.465033],[109.927257,21.479804],[109.944428,21.485663],[109.944428,21.493109],[109.886974,21.481513],[109.858979,21.482815],[109.841401,21.506781],[109.827729,21.493109],[109.835216,21.480129],[109.821056,21.458401],[109.81422,21.458401],[109.802745,21.473334],[109.799083,21.498603],[109.800548,21.554592],[109.783295,21.546373],[109.770112,21.551581],[109.765147,21.563381],[109.773204,21.581855],[109.748057,21.574937],[109.747813,21.545233],[109.773204,21.485663],[109.759532,21.493109],[109.741466,21.474026],[109.708588,21.483303],[109.649669,21.520453],[109.659923,21.528062],[109.677013,21.5751],[109.670177,21.602973],[109.676768,21.610053],[109.677013,21.62344],[109.637218,21.60163],[109.625255,21.585395],[109.635997,21.568264],[109.608002,21.5751],[109.613536,21.601223],[109.603038,21.620592],[109.615489,21.650133],[109.585297,21.630845],[109.575938,21.659369],[109.560883,21.671291],[109.567719,21.698554],[109.560802,21.707261],[109.567882,21.719957],[109.594493,21.74018],[109.594493,21.746405],[109.574962,21.745673],[109.567719,21.759996],[109.492686,21.698554],[109.506196,21.684963],[109.492686,21.684963],[109.492686,21.678127],[109.519867,21.684963],[109.521007,21.665758],[109.506358,21.65766],[109.464692,21.664455],[109.464692,21.65762],[109.529877,21.635688],[109.572765,21.581732],[109.560883,21.568264],[109.560883,21.526679],[109.530772,21.491645],[109.472179,21.465806],[109.465831,21.482896],[109.472179,21.499335],[109.438243,21.455064],[109.424408,21.452379],[109.343761,21.453518],[109.320811,21.480129],[109.315522,21.459052],[109.29892,21.443264],[109.277599,21.436998],[109.258637,21.444729],[109.244965,21.431627],[109.23878,21.431627],[109.23878,21.485663],[109.227061,21.472235],[109.21461,21.417426],[109.171967,21.417548],[109.157074,21.423529],[109.149425,21.438544],[109.144623,21.417955],[109.156261,21.403754],[109.138682,21.401597],[109.096446,21.425198],[109.050141,21.437161],[109.039806,21.450263],[109.043712,21.466254],[109.060069,21.480129],[109.132823,21.495917],[109.142589,21.510199],[109.135753,21.602973],[109.128917,21.602973],[109.12436,21.590969],[109.116059,21.590562],[109.101085,21.609198],[109.077647,21.596991],[109.069672,21.60224],[109.066742,21.616034],[109.046397,21.602973],[109.066742,21.643948],[108.992442,21.609198],[108.958995,21.606594],[108.927989,21.615058],[108.897472,21.671291],[108.869477,21.671291],[108.855235,21.684963],[108.855235,21.694281],[108.869477,21.70539],[108.86142,21.733344],[108.865489,21.739732],[108.885997,21.750434],[108.916596,21.753811],[108.924083,21.766832],[108.897472,21.759996],[108.903087,21.774319],[108.869477,21.753811],[108.86142,21.766832],[108.875743,21.800971],[108.869477,21.800971],[108.855235,21.781155],[108.849864,21.791693],[108.86142,21.815253],[108.840831,21.811591],[108.801362,21.818345],[108.779552,21.815253],[108.821056,21.800971],[108.81422,21.781155],[108.832612,21.78384],[108.84254,21.768052],[108.843516,21.745022],[108.834727,21.725816],[108.816661,21.716376],[108.812104,21.752427],[108.805919,21.75845],[108.793061,21.753811],[108.800548,21.744818],[108.799897,21.733344],[108.786876,21.74018],[108.793061,21.733344],[108.779552,21.725816],[108.799897,21.725816],[108.793061,21.712836],[108.834321,21.685736],[108.838634,21.668036],[108.821056,21.643948],[108.86142,21.643948],[108.849946,21.625963],[108.796479,21.643948],[108.787364,21.641425],[108.772716,21.62344],[108.738536,21.616034],[108.745372,21.602973],[108.73349,21.612738],[108.72755,21.644761],[108.711192,21.650133],[108.711192,21.65762],[108.733165,21.662421],[108.751557,21.650133],[108.751557,21.691718],[108.738536,21.671291],[108.712657,21.688422],[108.724864,21.746405],[108.711192,21.746405],[108.694102,21.712144],[108.683197,21.70539],[108.654307,21.723538],[108.649181,21.733344],[108.683197,21.74018],[108.683197,21.746405],[108.665375,21.751858],[108.646332,21.75137],[108.649181,21.766832],[108.673106,21.798],[108.677013,21.815253],[108.669688,21.815253],[108.656016,21.794827],[108.649181,21.822089],[108.642345,21.822089],[108.635509,21.774319],[108.615001,21.787909],[108.628673,21.746405],[108.594493,21.74018],[108.593761,21.754828],[108.607514,21.787909],[108.580577,21.781317],[108.569428,21.794379],[108.571381,21.812812],[108.600597,21.830634],[108.635509,21.890326],[108.594493,21.91767],[108.587657,21.897854],[108.567149,21.904608],[108.580821,21.897854],[108.560313,21.895494],[108.552989,21.91767],[108.573822,21.935452],[108.573334,21.951809],[108.567149,21.951809],[108.567149,21.938788],[108.559825,21.938788],[108.552989,21.951809],[108.53769,21.914496],[108.525645,21.904608],[108.505138,21.910834],[108.518809,21.890326],[108.484874,21.877102],[108.478363,21.8664],[108.491466,21.856269],[108.463145,21.862982],[108.460704,21.887112],[108.477794,21.945014],[108.460704,21.926947],[108.457286,21.888332],[108.448741,21.86579],[108.455658,21.848782],[108.48463,21.822089],[108.470958,21.822089],[108.477794,21.807807],[108.488292,21.814765],[108.497081,21.809027],[108.505138,21.787909],[108.491303,21.757717],[108.491466,21.74018],[108.475922,21.74433],[108.463471,21.74018],[108.505138,21.719062],[108.505138,21.712836],[108.491466,21.712836],[108.497651,21.70539],[108.477794,21.70539],[108.477794,21.698554],[108.505138,21.691718],[108.500824,21.680325],[108.505138,21.671291],[108.520112,21.712633],[108.533051,21.719062],[108.518809,21.698554],[108.518809,21.671291],[108.533051,21.684963],[108.539317,21.678127],[108.552989,21.698554],[108.559825,21.698554],[108.56544,21.678534],[108.545177,21.666083],[108.539317,21.650133],[108.552989,21.65762],[108.546886,21.643052],[108.535981,21.638007],[108.511974,21.643948],[108.511974,21.636542],[108.533051,21.630316],[108.526866,21.614244],[108.511974,21.609198],[108.518809,21.595526],[108.481212,21.581855],[108.481781,21.599514],[108.489106,21.607611],[108.505138,21.602973],[108.491466,21.62344],[108.463471,21.595526],[108.471202,21.581204],[108.458018,21.5751],[108.458018,21.568264],[108.470958,21.568264],[108.470958,21.561998],[108.420014,21.556871],[108.40211,21.559801],[108.389659,21.5751],[108.390636,21.595364],[108.406749,21.600246],[108.420909,21.594224],[108.416352,21.581855],[108.431895,21.583238],[108.443696,21.62344],[108.427582,21.616685],[108.416352,21.62344],[108.416352,21.630316],[108.443696,21.643948],[108.441417,21.652086],[108.470958,21.664455],[108.470958,21.671291],[108.409679,21.664455],[108.423595,21.679389],[108.423839,21.698554],[108.409679,21.678127],[108.403331,21.684963],[108.39796,21.672838],[108.385997,21.672919],[108.337657,21.697455],[108.341319,21.725816],[108.321544,21.709662],[108.311371,21.681708],[108.312755,21.651842],[108.327647,21.630316],[108.306488,21.630316],[108.313975,21.616034],[108.300792,21.607245],[108.293468,21.589301],[108.313975,21.589301],[108.313975,21.581855],[108.289561,21.564032],[108.283783,21.544745],[108.211029,21.500637],[108.210297,21.513617],[108.251964,21.581855],[108.24936,21.603095],[108.226817,21.625556],[108.238292,21.643948],[108.210297,21.630316],[108.210297,21.643948],[108.197276,21.636542],[108.208832,21.623928],[108.204112,21.602973],[108.210297,21.602973],[108.176362,21.575751],[108.15797,21.571519],[108.135265,21.581855],[108.128429,21.5751],[108.132335,21.565375],[108.128266,21.56273],[108.114757,21.5751],[108.105805,21.559068],[108.066254,21.561998],[108.076996,21.545478],[108.071056,21.536566],[108.056895,21.536038],[108.0171,21.555243],[107.991222,21.548407],[108.039561,21.520453],[108.018647,21.518948],[108.011241,21.506537],[108.013682,21.492418],[108.022227,21.485663],[108.061046,21.496161],[108.080577,21.493109],[108.080577,21.485663],[108.043224,21.481635],[108.016612,21.470364],[107.970714,21.431627],[107.963878,21.431627],[107.965343,21.447333],[107.991222,21.485663],[107.969981,21.475775],[107.929698,21.442613],[107.916026,21.458401],[107.91627,21.468248],[107.929698,21.482856],[107.918712,21.517524],[107.896739,21.531562],[107.881928,21.534084],[107.88266,21.522528],[107.875092,21.513617],[107.868419,21.513617],[107.862804,21.530219],[107.847911,21.493109],[107.835948,21.488349],[107.828868,21.49494],[107.826671,21.526679],[107.812999,21.520453],[107.820567,21.493109],[107.812999,21.493109],[107.806895,21.506781],[107.800059,21.499335],[107.796235,21.519477],[107.783458,21.524319],[107.752208,21.513617],[107.752208,21.506781],[107.780365,21.503079],[107.788585,21.494452],[107.792572,21.480129],[107.778901,21.485663],[107.786388,21.458401],[107.761811,21.450751],[107.758556,21.444729],[107.765229,21.438544],[107.748546,21.4112],[107.721446,21.410875],[107.711518,21.398912],[107.69809,21.398383],[107.669037,21.4112],[107.662852,21.403754],[107.669444,21.385443],[107.663422,21.378079],[107.63502,21.383246],[107.642345,21.362779],[107.631196,21.354478],[107.642345,21.342271],[107.621349,21.335517],[107.628754,21.328681],[107.608165,21.335517],[107.599213,21.298774],[107.590587,21.293891],[107.554047,21.304511],[107.535167,21.345364],[107.522309,21.348538],[107.528819,21.323228],[107.525157,21.307563],[107.537446,21.301947],[107.526622,21.298774],[107.472179,21.303697],[107.456798,21.318345],[107.415294,21.328681],[107.409028,21.315009],[107.443126,21.293891],[107.443126,21.287665],[107.423595,21.279608],[107.391612,21.280422],[107.367442,21.273383],[107.373302,21.258979],[107.360606,21.239244],[107.35434,21.191474],[107.370697,21.181627],[107.388438,21.184638],[107.375499,21.116156],[107.360606,21.102118],[107.367442,21.087877],[107.35434,21.082221],[107.36435,21.040351],[107.374278,21.027574],[107.333832,21.005845],[107.279552,20.999701],[107.245291,21.003079],[107.211192,20.992255],[107.23113,20.986029],[107.23113,20.979193],[107.214854,20.975246],[107.19337,20.952704],[107.197032,20.937649],[107.160899,20.93244],[107.149181,20.937649],[107.149181,20.930813],[107.1338,20.94481],[107.066091,20.958726],[107.095225,21.000474],[107.149181,21.03384],[107.149181,21.040595],[107.111176,21.033108],[107.101329,21.027574],[107.092459,21.008246],[107.083751,21.005845],[107.079763,21.009101],[107.087169,21.027574],[107.080333,21.03384],[107.063243,21.009345],[107.057628,21.013861],[107.059825,21.03384],[107.052989,21.03384],[107.046153,20.999701],[107.044607,21.025092],[107.025645,21.03384],[107.039317,21.013373],[107.025645,21.013373],[107.039317,20.999701],[107.015636,21.00434],[106.997813,21.020168],[106.995453,21.006415],[107.020844,20.986396],[107.025645,20.972357],[107.016775,20.957668],[107.000987,20.951077],[106.946951,20.954291],[106.9192,20.965766],[106.884613,20.993232],[106.873383,20.997138],[106.867442,20.986029],[106.85377,20.992255],[106.882823,20.960517],[106.922048,20.937649],[106.932384,20.915188],[106.943126,20.910305],[106.943126,20.90351],[106.901703,20.907864],[106.881602,20.937649],[106.874278,20.937649],[106.88795,20.910305],[106.867931,20.882717],[106.852224,20.90998],[106.833263,20.923977],[106.833263,20.937649],[106.806,20.932074],[106.783214,20.942572],[106.772472,20.957424],[106.816905,20.969468],[106.820649,20.97602],[106.819591,20.986029],[106.798676,21.001939],[106.812185,21.013373],[106.798106,21.024807],[106.778575,21.027574],[106.785411,21.013373],[106.76238,21.015326],[106.730805,21.029853],[106.710297,21.020168],[106.717784,21.005845],[106.658702,21.024848],[106.6421,21.020168],[106.682953,21.005845],[106.682953,20.999701],[106.655772,21.005845],[106.67628,20.958726],[106.755138,20.938544],[106.756684,20.907904],[106.744477,20.883002],[106.717784,20.90351],[106.699962,20.882758],[106.70753,20.870754],[106.744477,20.848863],[106.75294,20.825751],[106.749197,20.804348],[106.736583,20.794989],[106.717784,20.807847],[106.72462,20.790025],[106.755626,20.751207],[106.772472,20.738959],[106.778575,20.746405],[106.805919,20.677558],[106.7671,20.713446],[106.71697,20.691311],[106.662608,20.697984],[106.662608,20.691148],[106.702891,20.671576],[106.703136,20.659654],[106.669688,20.636461],[106.637543,20.628079],[106.612315,20.635484],[106.586762,20.663275],[106.599376,20.638414],[106.627208,20.616604],[106.624766,20.594631],[106.58253,20.565172],[106.518565,20.540961],[106.536143,20.531643],[106.550629,20.532416],[106.579926,20.547187],[106.567719,20.524888],[106.584483,20.496039],[106.579926,20.478258],[106.536957,20.462063],[106.518565,20.437323],[106.561697,20.455064],[106.584239,20.457831],[106.594249,20.448188],[106.584158,20.381822],[106.57309,20.368476],[106.566417,20.382717],[106.559581,20.375922],[106.577647,20.358954],[106.592593,20.275411],[106.581659,20.264177],[106.536957,20.309149],[106.521658,20.313463],[106.498057,20.308254],[106.51295,20.29442],[106.52475,20.308254],[106.548513,20.291449],[106.572325,20.246677],[106.569615,20.231994],[106.554268,20.224654],[106.39503,20.204576],[106.401866,20.218207],[106.380707,20.211982],[106.38795,20.197496],[106.360199,20.184068],[106.305512,20.108588],[106.283702,20.094631],[106.259288,20.061265],[106.197032,20.012763],[106.210704,20.040107],[106.203298,20.047512],[106.176036,19.992336],[106.107107,19.964993],[106.10141,19.979967],[106.114513,20.033271],[106.107107,20.033271],[106.083507,19.964993],[106.052745,19.977281],[106.031912,19.999172],[106.025157,19.999172],[106.008311,19.973456],[105.955577,19.925482],[105.949474,19.900824],[105.956798,19.875637],[105.935802,19.848293],[105.928884,19.793647],[105.915294,19.807318],[105.908946,19.796861],[105.867442,19.773179],[105.873709,19.765692],[105.928884,19.780015],[105.92335,19.766791],[105.895274,19.72134],[105.866954,19.721096],[105.825938,19.642239],[105.819021,19.587592],[105.817556,19.610012],[105.803884,19.613023],[105.790863,19.603461],[105.791759,19.587592],[105.805431,19.60871],[105.819021,19.57392],[105.808116,19.460761],[105.812755,19.423163],[105.798595,19.430569],[105.784923,19.403266],[105.771251,19.409491],[105.771251,19.403266],[105.782563,19.394355],[105.791759,19.354885],[105.810069,19.321479],[105.812755,19.307034],[105.791759,19.320705],[105.798595,19.299628],[105.810802,19.299628],[105.808767,19.280178],[105.797537,19.26732],[105.781016,19.264879],[105.772309,19.235989],[105.745779,19.23725],[105.743419,19.23192],[105.731212,19.170233],[105.729828,19.133857],[105.737071,19.108466],[105.701996,19.090481],[105.695567,19.081122],[105.668305,19.089545],[105.643809,19.065375],[105.624848,19.028469],[105.613292,18.985541],[105.629649,18.922309],[105.648285,18.892727],[105.669932,18.874945],[105.716645,18.85456],[105.702891,18.834133],[105.692882,18.849555],[105.675059,18.85456],[105.688731,18.826646],[105.720063,18.823554],[105.751964,18.786322],[105.757579,18.77204],[105.742686,18.73078],[105.756114,18.715969],[105.750743,18.662787],[105.77003,18.671576],[105.764415,18.758979],[105.783458,18.74726],[105.790863,18.689683],[105.825938,18.593899],[105.879242,18.510932],[105.915294,18.47309],[105.949474,18.471015],[105.958832,18.432563],[105.977306,18.402086],[106.008067,18.378485],[106.045746,18.332261],[106.110118,18.275539],[106.112153,18.262885],[106.093435,18.258734],[106.103282,18.251532],[106.165782,18.26557],[106.233653,18.220852],[106.270844,18.204088],[106.298839,18.169338],[106.346039,18.132717],[106.354015,18.114691],[106.336925,18.120673],[106.324067,18.118069],[106.306326,18.100491],[106.319347,18.094224],[106.340343,18.100491],[106.334483,18.088609],[106.34669,18.059475],[106.349864,18.083645],[106.360199,18.100491],[106.370779,18.105618],[106.39503,18.100491],[106.422374,18.128363],[106.434825,18.123521],[106.422374,18.094224],[106.427745,18.072903],[106.438975,18.051988],[106.52475,17.949612],[106.52475,17.943427],[106.484386,17.915473],[106.455089,17.881822],[106.436046,17.881985],[106.436046,17.874498],[106.45102,17.865709],[106.442882,17.846584],[106.460704,17.799384],[106.470063,17.748196],[106.498057,17.710639],[106.489513,17.702582],[106.478526,17.703518],[106.448741,17.71601],[106.435557,17.739447],[106.374522,17.765286],[106.292003,17.778266],[106.285167,17.772121],[106.322765,17.753485],[106.42921,17.731147],[106.42921,17.7237],[106.402599,17.731513],[106.383067,17.719184],[106.379649,17.698798],[106.408702,17.682766],[106.39503,17.703192],[106.417491,17.712958],[106.449962,17.708645],[106.504405,17.682766],[106.614757,17.518704],[106.634613,17.470404],[106.658214,17.453762],[106.763927,17.335517],[107.111827,17.088284],[107.127208,17.05976],[107.121267,17.018541],[107.203868,16.919257],[107.18336,16.898139],[107.141775,16.874579],[107.141775,16.867743],[107.190196,16.874579],[107.189464,16.89232],[107.216482,16.907945],[107.234548,16.887641],[107.378673,16.773383],[107.497813,16.689032],[107.604666,16.595689],[107.635265,16.587226],[107.635265,16.579779],[107.596039,16.590522],[107.473643,16.653144],[107.44337,16.648017],[107.519786,16.606431],[107.554942,16.596625],[107.563975,16.582709],[107.586192,16.581692],[107.594249,16.587226],[107.611095,16.569281],[107.635265,16.559272],[107.635265,16.551825],[107.614594,16.559272],[107.608409,16.544989],[107.663097,16.551825],[107.648936,16.52143],[107.659841,16.513129],[107.663097,16.497219],[107.672862,16.49726],[107.697113,16.520087],[107.711436,16.497219],[107.7588,16.46308],[107.781749,16.427558],[107.799978,16.415717],[107.821625,16.387519],[107.841156,16.379788],[107.826915,16.373684],[107.79656,16.387356],[107.794444,16.379218],[107.80714,16.32274],[107.824067,16.304836],[107.848155,16.291693],[107.872569,16.295885],[107.882172,16.278062],[107.891368,16.284166],[107.896495,16.278062],[107.937511,16.312079],[107.929942,16.353217],[107.94516,16.356838],[107.990408,16.324774],[108.011974,16.319037],[108.031016,16.342719],[108.042979,16.346381],[108.053477,16.305406],[108.094493,16.236518],[108.052013,16.262112],[108.046072,16.247382],[108.053966,16.235989],[108.090668,16.226874],[108.108165,16.230292],[108.151215,16.216986],[108.204356,16.216702],[108.15447,16.170844],[108.142263,16.148383],[108.142833,16.119371],[108.181977,16.091376],[108.19752,16.072008],[108.220958,16.09162],[108.228282,16.089748],[108.238536,16.052191],[108.233246,16.037095],[108.19752,16.00373],[108.249848,16.023261],[108.258962,16.010565],[108.241954,16.075751],[108.247325,16.123236],[108.224864,16.127265],[108.245372,16.162014],[108.254161,16.156643],[108.265798,16.162014],[108.286306,16.144517],[108.317393,16.134711],[108.324474,16.148871],[108.331391,16.155341],[108.334727,16.151516],[108.348399,16.134711],[108.317638,16.111762],[108.31422,16.099921],[108.304942,16.107164],[108.279552,16.102037],[108.265798,16.107408],[108.258556,16.07099],[108.279145,15.995673],[108.305919,15.955227],[108.388194,15.898383],[108.396169,15.880845],[108.375173,15.869452],[108.382498,15.867174],[108.40268,15.882392],[108.409923,15.880845],[108.424083,15.805732],[108.455333,15.747016],[108.618663,15.529242],[108.646251,15.513861],[108.683442,15.517768],[108.667735,15.482652],[108.656261,15.496649],[108.629405,15.486518],[108.620942,15.474758],[108.628917,15.455715],[108.652517,15.438788],[108.668468,15.447821],[108.690929,15.490424],[108.697113,15.490424],[108.703949,15.445136],[108.77296,15.386786],[108.773611,15.351264],[108.779796,15.339586],[108.77296,15.325344],[108.779796,15.325344],[108.78712,15.345852],[108.8213,15.345852],[108.8213,15.352688],[108.796235,15.356391],[108.788585,15.374172],[108.795584,15.395087],[108.814464,15.407904],[108.800141,15.429023],[108.814708,15.42357],[108.827485,15.429023],[108.839041,15.374335],[108.882823,15.336168],[108.881033,15.29914],[108.886567,15.2862],[108.924327,15.256415],[108.951671,15.25023],[108.932953,15.2272],[108.903331,15.222886],[108.903331,15.215481],[108.919607,15.215237],[108.924327,15.201809],[108.910004,15.209296],[108.897716,15.153998],[108.881602,15.160631],[108.868175,15.159654],[108.862478,15.152493],[108.869802,15.140367],[108.892263,15.141343],[108.897716,15.119859],[108.903331,15.119859],[108.910004,15.146633],[108.9192,15.057807],[108.93651543018902,15.0],[97.80264661751244,15.0],[97.774262,15.017483],[97.787446,15.030707],[97.80836,15.031155],[97.79477,15.058498],[97.806814,15.075263],[97.810232,15.09512],[97.80714,15.174954],[97.822765,15.209296],[97.780284,15.211493],[97.769379,15.223334],[97.743175,15.266832],[97.742035,15.317939],[97.72641,15.339586],[97.73406,15.355292],[97.750499,15.360093],[97.760753,15.394232],[97.766938,15.38935],[97.79477,15.407904],[97.761404,15.490546],[97.774262,15.531399],[97.742931,15.604478],[97.747325,15.617743],[97.740245,15.641262],[97.743663,15.664862],[97.725597,15.701321],[97.733897,15.726304],[97.712901,15.75731],[97.72641,15.777818],[97.727061,15.843207],[97.721365,15.856187],[97.706065,15.860338],[97.71225,15.887681],[97.691417,15.912299],[97.637218,15.949164],[97.575694,16.017401],[97.568858,16.062405],[97.571788,16.080024],[97.600841,16.092475],[97.61964,16.125434],[97.639008,16.238349],[97.65089,16.271308],[97.626475,16.35163],[97.623057,16.394477],[97.637218,16.477362],[97.651866,16.507229],[97.673839,16.533433],[97.703136,16.552069],[97.740245,16.559272],[97.729503,16.572496],[97.712901,16.579779],[97.652843,16.539862],[97.630382,16.531968],[97.54835,16.538153],[97.499848,16.531968],[97.476329,16.518297],[97.423106,16.523424],[97.402599,16.516913],[97.370291,16.483547],[97.329828,16.679847],[97.311194,16.652366],[97.285836,16.658922],[97.255445,16.697869],[97.230173,16.769142],[97.230209,16.796646],[97.244802,16.81745],[97.233084,16.83983],[97.240489,16.874579],[97.233084,16.874579],[97.219493,16.826158],[97.208995,16.833197],[97.2046,16.859809],[97.219493,16.901272],[97.211436,16.907864],[97.19158,16.901272],[97.183279,16.921536],[97.198253,17.013495],[97.164561,17.059312],[97.157237,17.086859],[97.17449,17.112494],[97.233653,17.09516],[97.260997,17.107327],[97.202647,17.131578],[97.158051,17.129299],[97.130626,17.079413],[97.100271,17.133775],[97.095958,17.165758],[97.10963,17.189276],[97.088715,17.193508],[97.068614,17.25137],[97.007172,17.278062],[97.013357,17.29914],[96.895518,17.38467],[96.883067,17.457424],[96.871593,17.441718],[96.855724,17.388495],[96.842052,17.409003],[96.821544,17.394721],[96.851248,17.359565],[96.910655,17.317084],[96.910899,17.284857],[96.865489,17.240302],[96.849376,17.212958],[96.855724,17.168769],[96.910167,17.06684],[96.910899,17.024807],[96.886892,16.979397],[96.87908,16.934719],[96.868337,16.928412],[96.835216,16.936021],[96.855724,16.901272],[96.807872,16.908677],[96.807872,16.901272],[96.844005,16.873928],[96.84669,16.844916],[96.831879,16.821926],[96.81129,16.764716],[96.789399,16.75609],[96.801036,16.737372],[96.783214,16.712348],[96.716319,16.658352],[96.698416,16.62995],[96.679473,16.574868],[96.640027,16.545373],[96.615943,16.518005],[96.55898,16.496897],[96.436261,16.477768],[96.400157,16.504055],[96.357107,16.5185],[96.289806,16.56684],[96.265961,16.596829],[96.261567,16.640692],[96.229259,16.718736],[96.225759,16.761298],[96.234548,16.776923],[96.28712,16.813137],[96.257579,16.815904],[96.206554,16.777493],[96.171153,16.771552],[96.194102,16.74315],[96.2046,16.696479],[96.240896,16.650133],[96.246104,16.631293],[96.233653,16.597886],[96.23463,16.576361],[96.310069,16.464586],[96.336436,16.439439],[96.3213,16.415269],[96.304698,16.406399],[96.285336,16.365993],[96.221818,16.344787],[96.118988,16.321763],[96.097667,16.328559],[96.077403,16.360826],[96.006602,16.387356],[96.06658,16.335639],[96.067556,16.310248],[95.979991,16.223131],[95.961925,16.216702],[95.942393,16.219062],[95.951427,16.257636],[95.907888,16.211737],[95.883067,16.209174],[95.889903,16.243964],[95.818126,16.176011],[95.797699,16.144924],[95.776622,16.140692],[95.755544,16.14525],[95.74586,16.158352],[95.73463,16.212836],[95.724864,16.222846],[95.73227,16.127265],[95.725271,16.106431],[95.697032,16.065985],[95.690684,16.048489],[95.687348,15.988227],[95.664724,15.949205],[95.523448,15.803656],[95.415782,15.722968],[95.374197,15.715033],[95.310557,15.723212],[95.294444,15.727851],[95.287934,15.740139],[95.282563,15.838324],[95.312673,15.866523],[95.317719,15.884182],[95.313975,15.900702],[95.338552,15.922024],[95.364268,15.984565],[95.3685,16.038804],[95.34547,16.104967],[95.361583,16.148383],[95.338227,16.129869],[95.327485,16.107408],[95.348643,16.041571],[95.341807,15.983873],[95.31186,15.947089],[95.29713,15.902981],[95.27475,15.876451],[95.251638,15.868232],[95.23878,15.893948],[95.27589,15.970649],[95.27296,16.00373],[95.223969,15.918606],[95.217621,15.884263],[95.224376,15.810126],[95.212738,15.786566],[95.173595,15.777818],[95.144542,15.78913],[95.125743,15.817613],[95.116222,15.855292],[95.115245,15.893948],[95.137543,16.006659],[95.128917,16.03852],[95.107758,15.983873],[95.097667,16.025133],[95.110199,16.06745],[95.13795,16.100328],[95.173595,16.113593],[95.207205,16.111558],[95.225922,16.11994],[95.193696,16.129381],[95.183604,16.140937],[95.148692,16.132025],[95.135753,16.148383],[95.128917,16.148383],[95.094005,16.093655],[95.070567,16.074856],[95.072927,15.970649],[95.055024,15.846137],[95.033946,15.805732],[94.997569,15.795315],[94.975597,15.764146],[94.937755,15.764146],[94.903575,15.777818],[94.858653,15.78262],[94.846853,15.790595],[94.858653,15.808824],[94.890391,15.827053],[94.896332,15.847398],[94.882579,15.867174],[94.863943,15.844143],[94.853201,15.840277],[94.848399,15.908149],[94.834727,15.949164],[94.862804,15.991767],[94.907237,16.006049],[94.920665,16.018622],[94.924083,16.03852],[94.889334,16.017401],[94.880219,16.079983],[94.863536,16.112372],[94.863129,16.127753],[94.900076,16.183783],[94.959239,16.200873],[94.975108,16.214342],[94.992442,16.2508],[94.96697,16.220404],[94.893077,16.205756],[94.854666,16.160224],[94.848399,16.096503],[94.869395,16.040961],[94.846202,15.999986],[94.786876,15.962144],[94.745372,15.880845],[94.721202,15.856676],[94.683849,15.846747],[94.658702,15.854478],[94.635509,15.908149],[94.632823,15.889716],[94.622406,15.891547],[94.601329,15.92121],[94.703136,15.982367],[94.73227,16.017401],[94.74171,16.067288],[94.76588,16.093166],[94.772716,16.131008],[94.792654,16.147895],[94.793712,16.162014],[94.765961,16.139472],[94.705333,16.020657],[94.614757,15.943671],[94.589854,15.931586],[94.56658,15.935492],[94.562348,15.961859],[94.588715,15.996243],[94.642345,16.044664],[94.678884,16.121283],[94.686697,16.165351],[94.683849,16.209174],[94.665212,16.257636],[94.685313,16.291978],[94.704926,16.353217],[94.710704,16.360338],[94.73227,16.360663],[94.72169,16.378485],[94.705821,16.47309],[94.710704,16.497219],[94.731619,16.510199],[94.73227,16.524563],[94.697276,16.508368],[94.68393,16.51081],[94.677013,16.531968],[94.670177,16.50967],[94.683849,16.422065],[94.683849,16.364081],[94.678477,16.348538],[94.655121,16.322699],[94.643728,16.283515],[94.62794,16.260199],[94.6067,16.243109],[94.583995,16.236518],[94.582042,16.243476],[94.615001,16.285549],[94.635509,16.326483],[94.629731,16.344184],[94.618175,16.342027],[94.6067,16.325995],[94.598888,16.293647],[94.583669,16.274848],[94.562022,16.273749],[94.539887,16.291693],[94.521169,16.295478],[94.515636,16.287258],[94.517345,16.223944],[94.507009,16.189602],[94.455577,16.105618],[94.428071,16.074164],[94.360606,16.049262],[94.340017,15.996243],[94.300792,15.989732],[94.286632,15.997504],[94.251475,15.968451],[94.239513,15.976304],[94.209809,16.028998],[94.215099,16.15766],[94.237804,16.273139],[94.235362,16.348375],[94.258637,16.387356],[94.273123,16.466498],[94.268321,16.527493],[94.273123,16.538153],[94.308604,16.527777],[94.331065,16.528632],[94.341319,16.548407],[94.348969,16.578111],[94.346202,16.592434],[94.327647,16.600246],[94.327647,16.606431],[94.352061,16.618598],[94.36199,16.635484],[94.364431,16.701117],[94.379649,16.755357],[94.40268,16.788275],[94.400645,16.830634],[94.378917,16.886949],[94.382335,16.901272],[94.390636,16.906643],[94.423188,16.901272],[94.464692,16.949652],[94.444347,16.949652],[94.457774,16.982896],[94.457856,17.059556],[94.478363,17.093085],[94.48878,17.124213],[94.485688,17.141018],[94.457774,17.153754],[94.454356,17.18008],[94.464692,17.189276],[94.510916,17.169013],[94.537852,17.187405],[94.535004,17.205146],[94.511974,17.21719],[94.508637,17.230129],[94.511974,17.275214],[94.518891,17.288153],[94.545421,17.296088],[94.546153,17.319648],[94.57252,17.311103],[94.594493,17.292304],[94.576834,17.358344],[94.56658,17.47663],[94.570323,17.505194],[94.553884,17.543606],[94.560313,17.582099],[94.576915,17.576239],[94.615001,17.545559],[94.590668,17.593248],[94.595225,17.615465],[94.562999,17.661689],[94.553477,17.727362],[94.543956,17.748033],[94.50172,17.786607],[94.492198,17.816799],[94.483409,17.902289],[94.447439,17.973334],[94.444347,17.988105],[94.450857,18.002427],[94.481781,18.015204],[94.492198,18.025946],[94.494884,18.048814],[94.480968,18.094224],[94.461925,18.121772],[94.457856,18.155707],[94.436778,18.182359],[94.422862,18.242499],[94.406505,18.251288],[94.341563,18.247504],[94.327647,18.258734],[94.331065,18.303127],[94.339203,18.305976],[94.350271,18.292914],[94.365896,18.29857],[94.378591,18.287095],[94.389171,18.286038],[94.417003,18.313951],[94.389659,18.362698],[94.350597,18.37523],[94.331065,18.425971],[94.258962,18.509019],[94.244965,18.539252],[94.258962,18.535712],[94.262218,18.545111],[94.24879,18.638861],[94.148936,18.731024],[94.148936,18.738511],[94.156423,18.738511],[94.174571,18.725043],[94.211599,18.725531],[94.279307,18.738511],[94.252452,18.752143],[94.228038,18.735541],[94.212413,18.741848],[94.153087,18.821031],[94.147309,18.83983],[94.148936,18.868232],[94.138194,18.860093],[94.133556,18.846503],[94.135102,18.820461],[94.11964,18.816636],[94.078461,18.833075],[94.066905,18.848334],[94.053233,18.840888],[94.038097,18.859117],[94.032074,18.888577],[94.036632,18.918036],[94.053233,18.93651],[94.040375,18.971177],[94.041189,18.997626],[94.066091,19.042873],[94.060069,19.063707],[94.094249,19.087348],[94.04656,19.081122],[94.030528,19.087958],[94.029063,19.095404],[94.039073,19.122056],[94.032725,19.169257],[94.053233,19.221381],[94.045909,19.304674],[94.069672,19.350898],[94.073904,19.373847],[94.066905,19.388983],[94.03061,19.315904],[94.025238,19.286566],[94.033376,19.204535],[93.994395,19.159084],[93.973481,19.146308],[93.947113,19.159654],[93.937266,19.204657],[93.925466,19.210273],[93.910411,19.190985],[93.914887,19.169582],[93.955414,19.126899],[93.950206,19.098212],[93.952485,19.03205],[93.957774,19.012193],[93.984386,18.967841],[93.973888,18.922797],[93.950206,18.895494],[93.937266,18.88935],[93.944102,18.868232],[93.930431,18.858629],[93.9074,18.881781],[93.865733,18.895494],[93.813731,18.943996],[93.73463,18.981187],[93.703868,19.018459],[93.678884,19.019599],[93.667735,19.043931],[93.670909,19.066881],[93.642345,19.134223],[93.594005,19.176703],[93.567149,19.231106],[93.497813,19.31391],[93.483246,19.350653],[93.484141,19.392727],[93.490896,19.40762],[93.530121,19.432074],[93.552989,19.430569],[93.568044,19.406724],[93.611339,19.403266],[93.631114,19.372301],[93.636974,19.349066],[93.621349,19.334377],[93.665294,19.305609],[93.71754,19.293402],[93.722911,19.268459],[93.754649,19.247138],[93.796886,19.235175],[93.834239,19.238186],[93.929942,19.29975],[93.950206,19.320705],[93.950206,19.341783],[93.963878,19.348049],[93.980968,19.37226],[93.987315,19.386705],[93.984386,19.437445],[93.991059,19.45718],[93.984386,19.464057],[93.947113,19.457913],[93.923839,19.462388],[93.914561,19.472805],[93.9192,19.48428],[93.937266,19.492011],[93.882091,19.501899],[93.794444,19.571234],[93.777192,19.603095],[93.739594,19.617499],[93.731212,19.632554],[93.738455,19.651353],[93.756114,19.661078],[93.800059,19.65648],[93.794444,19.67357],[93.827403,19.718573],[93.806814,19.745836],[93.783865,19.691107],[93.761078,19.674872],[93.731212,19.677639],[93.720958,19.685289],[93.709483,19.713528],[93.718761,19.743598],[93.741873,19.754055],[93.751638,19.765692],[93.721934,19.768988],[93.693533,19.724799],[93.648448,19.725165],[93.636241,19.735012],[93.635509,19.759508],[93.615571,19.723863],[93.60141,19.718573],[93.60141,19.783433],[93.606456,19.796129],[93.660655,19.870836],[93.679942,19.883368],[93.738048,19.882473],[93.725597,19.905585],[93.730479,19.914293],[93.745372,19.916571],[93.740001,19.925116],[93.71754,19.93769],[93.70753,19.916571],[93.611339,19.910346],[93.600841,19.888577],[93.58074,19.881334],[93.546723,19.902899],[93.565929,19.916571],[93.518321,19.939602],[93.531912,19.951361],[93.5171,19.958564],[93.511974,19.970445],[93.516856,19.981187],[93.531912,19.984849],[93.525645,19.999172],[93.503429,19.986274],[93.492198,19.964993],[93.47047,19.984849],[93.457042,19.95425],[93.446544,19.951361],[93.423188,19.965318],[93.413585,19.977525],[93.383962,20.064399],[93.382335,20.088528],[93.374848,20.088528],[93.372081,20.030829],[93.361827,20.026435],[93.340668,20.1022],[93.333832,20.1022],[93.326508,20.081285],[93.312755,20.065375],[93.272472,20.047512],[93.190278,20.064439],[93.17628,20.053697],[93.147472,20.070014],[93.128429,20.094672],[93.129893,20.0751],[93.155772,20.026435],[93.17628,19.957506],[93.23585,19.847235],[93.238292,19.82099],[93.217621,19.837104],[93.201427,19.862779],[93.148123,19.99433],[93.131521,20.006578],[93.109141,19.993801],[93.102061,19.964097],[93.10613,19.93065],[93.12436,19.893866],[93.134532,19.848293],[93.168793,19.807318],[93.149181,19.828925],[93.134532,19.834052],[93.059418,19.951117],[93.038422,20.012926],[92.980724,20.077948],[92.970225,20.129462],[92.988292,20.124986],[93.042491,20.129462],[93.054454,20.134752],[93.080089,20.170478],[93.086925,20.14997],[93.094249,20.14997],[93.120942,20.211982],[93.120942,20.218207],[93.089203,20.210354],[93.047374,20.167955],[93.018565,20.14997],[92.990489,20.154934],[92.987478,20.186672],[93.001231,20.239325],[93.018809,20.256496],[93.04127,20.332017],[93.056163,20.349189],[93.080821,20.358547],[93.091319,20.381008],[93.100434,20.431098],[93.081879,20.416978],[93.07252,20.376614],[93.059581,20.36225],[93.043224,20.364936],[93.031016,20.409654],[93.032237,20.431098],[93.085623,20.532945],[93.073253,20.554633],[93.060313,20.513373],[93.022634,20.452541],[93.024913,20.368476],[93.016287,20.324856],[92.994802,20.286607],[92.936046,20.211982],[92.898448,20.135688],[92.880544,20.123196],[92.860362,20.124945],[92.84669,20.143134],[92.772146,20.201483],[92.778168,20.231635],[92.79949,20.259182],[92.864024,20.300767],[92.942882,20.321234],[92.893321,20.329535],[92.880707,20.349189],[92.846934,20.377346],[92.840505,20.390123],[92.826915,20.495063],[92.815278,20.504706],[92.792654,20.506252],[92.79656,20.483832],[92.78533,20.462958],[92.769298,20.455064],[92.758556,20.472113],[92.778982,20.478258],[92.750987,20.498521],[92.736583,20.563137],[92.720714,20.592231],[92.662852,20.679185],[92.63502,20.697984],[92.708263,20.578681],[92.71697,20.499986],[92.737478,20.44477],[92.731212,20.382717],[92.739268,20.27969],[92.731212,20.259182],[92.697113,20.308254],[92.653168,20.41828],[92.632579,20.446601],[92.539887,20.527533],[92.529145,20.543402],[92.52003,20.589667],[92.507009,20.60928],[92.470551,20.643378],[92.453624,20.668524],[92.428966,20.673896],[92.381114,20.700141],[92.305431,20.917711],[92.281016,20.959418],[92.265147,21.061103],[92.257091,20.981106],[92.261485,20.940253],[92.271983,20.90351],[92.305431,20.851955],[92.336274,20.757148],[92.333995,20.746405],[92.325531,20.738715],[92.301036,20.762274],[92.278087,20.814114],[92.209727,20.930813],[92.192882,20.995673],[92.134125,21.047512],[92.096853,21.105862],[92.052501,21.154771],[92.043956,21.192043],[92.050466,21.280463],[92.045258,21.299547],[92.0,21.376757387740756],[92.0,21.499171105190676],[92.017914,21.493109],[92.0,21.514144135064935],[92.0,21.574463436763434],[92.022146,21.599351],[92.017914,21.616034],[92.03297,21.633002],[92.031749,21.650133],[92.037771,21.659573],[92.035899,21.668158],[92.022797,21.676825],[92.029307,21.696234],[92.025401,21.712836],[92.01238,21.664211],[92.0,21.649821378368753],[92.0,50.0],[132.0,50.0],[131.999848,43.284084]]],[[[122.317149,18.377427],[122.324962,18.336615],[122.32016,18.292548],[122.306977,18.251288],[122.262706,18.186103],[122.180024,18.120754],[122.16977,18.100491],[122.183442,17.984361],[122.140147,17.798285],[122.14324,17.765286],[122.135753,17.737291],[122.156261,17.706936],[122.156586,17.619289],[122.162934,17.593329],[122.193858,17.519192],[122.197113,17.494615],[122.239594,17.426825],[122.23878,17.402167],[122.25115,17.360175],[122.262706,17.353746],[122.28712,17.360582],[122.313731,17.340074],[122.365408,17.353746],[122.381602,17.347398],[122.390147,17.316881],[122.402599,17.305976],[122.397797,17.329088],[122.414561,17.319078],[122.435395,17.292426],[122.443614,17.265611],[122.414317,17.283637],[122.409434,17.275214],[122.423106,17.220608],[122.410411,17.175523],[122.41684,17.145819],[122.45102,17.114163],[122.464692,17.127834],[122.480479,17.123481],[122.500987,17.139797],[122.519298,17.127834],[122.529145,17.109605],[122.529063,17.090522],[122.472911,16.989691],[122.459727,16.912014],[122.464692,16.895087],[122.422699,16.794338],[122.373383,16.713528],[122.34547,16.642524],[122.325206,16.616156],[122.300141,16.565497],[122.23878,16.504055],[122.231944,16.466498],[122.211436,16.449408],[122.204275,16.43476],[122.217621,16.394761],[122.225108,16.415269],[122.231944,16.415269],[122.224946,16.380764],[122.191905,16.317369],[122.197113,16.291693],[122.231944,16.319037],[122.203868,16.263821],[122.203868,16.236518],[122.177257,16.230292],[122.149425,16.195543],[122.076996,16.132717],[122.073578,16.099921],[122.059255,16.077786],[122.016124,16.051459],[121.997895,16.031073],[121.99171,16.03852],[122.021658,16.08393],[122.033458,16.117133],[122.081065,16.148383],[122.101573,16.20775],[122.132579,16.225491],[122.14088,16.244086],[122.135265,16.260728],[122.107758,16.263821],[122.087413,16.255316],[122.077403,16.241278],[122.066905,16.190131],[122.050548,16.180854],[122.012218,16.168891],[121.954763,16.139146],[121.868175,16.120429],[121.829926,16.090399],[121.77768,16.073188],[121.761078,16.079983],[121.752289,16.07689],[121.684418,16.021145],[121.642263,15.969631],[121.593272,15.944892],[121.567393,15.915717],[121.552989,15.852932],[121.554861,15.828925],[121.574555,15.774359],[121.585216,15.765448],[121.631847,15.757025],[121.642263,15.736884],[121.636567,15.72248],[121.594493,15.67475],[121.629161,15.661119],[121.573741,15.627265],[121.561534,15.591376],[121.495616,15.532457],[121.487559,15.520413],[121.472911,15.43769],[121.42628,15.373765],[121.397716,15.382717],[121.389903,15.377875],[121.381602,15.352688],[121.379161,15.308173],[121.391124,15.266262],[121.413748,15.231635],[121.481456,15.182522],[121.508149,15.062812],[121.5535433406187,15.0],[120.05510838721383,15.0],[120.052989,15.062445],[120.018077,15.206122],[120.002452,15.219672],[120.005138,15.269436],[119.95338,15.356391],[119.896983,15.41059],[119.888194,15.429023],[119.908702,15.452297],[119.901866,15.482978],[119.920665,15.471503],[119.940929,15.475775],[119.957286,15.491441],[119.963878,15.51435],[119.946544,15.537584],[119.937348,15.565579],[119.92921,15.572984],[119.922374,15.558743],[119.904307,15.597073],[119.904552,15.621283],[119.922374,15.661119],[119.919688,15.690334],[119.881358,15.717719],[119.867198,15.743069],[119.889415,15.748033],[119.894054,15.763902],[119.888194,15.805732],[119.898611,15.853176],[119.89503,15.87401],[119.878917,15.91474],[119.854015,15.949164],[119.828298,15.955715],[119.800141,15.926663],[119.785167,15.928656],[119.770844,15.914984],[119.75587,15.944566],[119.757823,16.058987],[119.778331,16.137844],[119.760997,16.162014],[119.755707,16.203437],[119.781912,16.322252],[119.801931,16.357856],[119.812511,16.367499],[119.832856,16.367499],[119.854015,16.381171],[119.891612,16.387356],[119.916352,16.380845],[119.925792,16.364976],[119.925792,16.34512],[119.901866,16.2508],[119.970225,16.226549],[120.015147,16.181871],[120.050059,16.180854],[120.079926,16.154527],[120.087738,16.157213],[120.105642,16.069648],[120.119151,16.055732],[120.185313,16.033393],[120.208507,16.03266],[120.25766,16.052191],[120.292247,16.055609],[120.306651,16.044664],[120.299083,16.017401],[120.333832,16.058987],[120.35255,16.05272],[120.363292,16.055487],[120.367361,16.065823],[120.361013,16.073188],[120.326427,16.065823],[120.329356,16.079495],[120.365245,16.10871],[120.397716,16.154039],[120.40211,16.205756],[120.385509,16.251939],[120.35377,16.291693],[120.35377,16.271308],[120.336274,16.292182],[120.312185,16.456204],[120.299083,16.493801],[120.306651,16.544989],[120.276134,16.611884],[120.285411,16.620673],[120.288422,16.614569],[120.306651,16.613918],[120.302501,16.654975],[120.325938,16.712592],[120.312185,16.777777],[120.319591,16.819322],[120.350597,16.850328],[120.427257,16.9619],[120.434093,16.982123],[120.43629,17.008002],[120.416352,17.179348],[120.40211,17.206692],[120.412364,17.264594],[120.408214,17.322699],[120.437511,17.358832],[120.443696,17.388495],[120.435232,17.422797],[120.401703,17.497016],[120.40211,17.518866],[120.340831,17.538764],[120.333832,17.556383],[120.353201,17.678127],[120.363536,17.687161],[120.402354,17.696967],[120.412446,17.712836],[120.416352,17.744778],[120.391287,17.78144],[120.427908,17.838121],[120.427908,17.916653],[120.451671,17.948879],[120.477224,18.004828],[120.476817,18.043647],[120.467052,18.077135],[120.470063,18.09101],[120.526215,18.204088],[120.520274,18.206041],[120.518077,18.217719],[120.529959,18.223538],[120.579112,18.325141],[120.586192,18.364488],[120.584972,18.405463],[120.560802,18.486762],[120.57016,18.501776],[120.611095,18.53856],[120.690684,18.53441],[120.770844,18.561469],[120.778982,18.621812],[120.792735,18.636135],[120.812999,18.644517],[120.834239,18.645941],[120.850841,18.638861],[120.891856,18.579901],[120.90919,18.567206],[120.926931,18.56623],[120.963878,18.581366],[120.97877,18.598293],[121.018321,18.617092],[121.073009,18.621812],[121.106781,18.642727],[121.170665,18.625474],[121.190278,18.601304],[121.239919,18.577704],[121.266287,18.554877],[121.364024,18.506415],[121.391856,18.486314],[121.424083,18.47724],[121.498302,18.429389],[121.526134,18.422553],[121.54656,18.399237],[121.592052,18.384711],[121.629649,18.331692],[121.649669,18.313951],[121.634613,18.33454],[121.634939,18.355129],[121.64503,18.369452],[121.852794,18.287991],[121.917328,18.278632],[121.986827,18.290432],[122.039561,18.320217],[122.078624,18.379462],[122.091319,18.389065],[122.111583,18.392768],[122.119314,18.403022],[122.122081,18.436835],[122.152843,18.518785],[122.220225,18.522406],[122.235362,18.515367],[122.243175,18.499823],[122.25172,18.443061],[122.297211,18.403876],[122.317149,18.377427]]],[[[131.656629,32.457358],[131.689132,32.421737],[131.633474,32.395494],[131.629405,32.386786],[131.619477,32.337104],[131.602794,32.323554],[131.59254,32.303656],[131.530528,32.107391],[131.447276,31.876899],[131.447622,31.847435],[131.455903,31.821974],[131.468042,31.804899],[131.496349,31.795966],[131.475271,31.762152],[131.450531,31.651109],[131.455333,31.620917],[131.411469,31.586127],[131.390798,31.548814],[131.385265,31.526923],[131.393321,31.512274],[131.393728,31.491034],[131.376231,31.474433],[131.36378,31.419664],[131.34547,31.394965],[131.338227,31.372626],[131.331309,31.367662],[131.318207,31.375149],[131.325043,31.388129],[131.26588,31.381171],[131.249848,31.388129],[131.243012,31.422268],[131.212657,31.454739],[131.178633,31.452429],[131.150645,31.47134],[131.109386,31.464545],[131.071788,31.449612],[131.045258,31.427476],[131.028075,31.401786],[131.013611,31.36307],[131.025451,31.354095],[131.104015,31.328843],[131.104382,31.309449],[131.082986,31.297056],[131.074217,31.282104],[131.092591,31.276051],[131.124747,31.288346],[131.132114,31.279513],[131.06025,31.225315],[131.032951,31.227524],[131.008159,31.221082],[131.006602,31.199774],[130.979991,31.155992],[130.940684,31.121324],[130.870681,31.096019],[130.792357,31.077847],[130.767589,31.056464],[130.725428,31.04704],[130.677943,31.00501],[130.657722,31.003191],[130.663339,31.069506],[130.742686,31.121283],[130.764784,31.186509],[130.753941,31.203883],[130.780369,31.242515],[130.78967,31.275149],[130.795252,31.344425],[130.769542,31.402411],[130.747325,31.435492],[130.703417,31.459305],[130.692525,31.485572],[130.705333,31.528754],[130.695567,31.545803],[130.636892,31.555243],[130.598318,31.573432],[130.590889,31.585988],[130.613893,31.612066],[130.637878,31.622595],[130.687836,31.619452],[130.711681,31.614407],[130.722341,31.597317],[130.722667,31.563422],[130.736013,31.559475],[130.758637,31.563788],[130.799001,31.611721],[130.810313,31.650946],[130.804535,31.687242],[130.776378,31.710273],[130.737965,31.708439],[130.686046,31.725531],[130.644786,31.714748],[130.613048,31.682359],[130.602224,31.638251],[130.567638,31.600735],[130.558442,31.566311],[130.529145,31.513251],[130.516124,31.453315],[130.562673,31.334377],[130.573497,31.314602],[130.602875,31.301988],[130.623682,31.275647],[130.66033,31.27143],[130.661957,31.258612],[130.639822,31.186469],[130.603689,31.172349],[130.586436,31.155422],[130.573578,31.167426],[130.536794,31.162177],[130.521739,31.168687],[130.506602,31.212795],[130.494802,31.22724],[130.451144,31.249388],[130.297374,31.25373],[130.24879,31.244127],[130.222205,31.2463],[130.192952,31.315157],[130.179382,31.327781],[130.206595,31.324819],[130.207774,31.336615],[130.170258,31.377021],[130.118988,31.408637],[130.162364,31.421942],[130.195974,31.412055],[130.228282,31.381293],[130.244884,31.404853],[130.293268,31.444704],[130.317068,31.493069],[130.334483,31.562405],[130.324474,31.586737],[130.337657,31.607896],[130.336192,31.626166],[130.32545,31.642076],[130.259288,31.720852],[130.184093,31.758694],[130.171431,31.790137],[130.181,31.826972],[130.190319,31.835088],[130.235118,31.819525],[130.197004,31.858485],[130.21473,31.885618],[130.220438,31.929595],[130.205127,31.97167],[130.174106,31.998756],[130.172994,32.01745],[130.204048,32.048285],[130.204047,32.072581],[130.179861,32.093451],[130.206798,32.120673],[130.248302,32.133734],[130.278656,32.100531],[130.319591,32.118232],[130.331879,32.128607],[130.344981,32.162746],[130.356944,32.169379],[130.358653,32.19066],[130.431,32.257148],[130.444021,32.287828],[130.461681,32.299954],[130.461681,32.327216],[130.469574,32.347113],[130.477061,32.349026],[130.503184,32.327216],[130.512462,32.338202],[130.51002,32.378485],[130.540538,32.416002],[130.562022,32.427069],[130.5713,32.45189],[130.567638,32.477688],[130.550466,32.491685],[130.570079,32.505601],[130.598806,32.505357],[130.590587,32.518459],[130.567719,32.534166],[130.564708,32.546332],[130.641287,32.607489],[130.668305,32.648749],[130.478038,32.622016],[130.461681,32.61522],[130.448009,32.621405],[130.475271,32.64704],[130.5442,32.676703],[130.56544,32.693427],[130.625987,32.704006],[130.625987,32.711412],[130.60141,32.726142],[130.59197,32.748725],[130.611339,32.785468],[130.593028,32.815863],[130.516124,32.868476],[130.470225,32.909735],[130.441254,32.923651],[130.433116,32.941718],[130.428477,33.050523],[130.420665,33.087592],[130.379405,33.107856],[130.364757,33.140326],[130.290443,33.149589],[130.241396,33.188234],[130.219302,33.159466],[130.15089,33.111884],[130.127565,33.120937],[130.131946,33.101972],[130.160492,33.054104],[130.203901,32.991782],[130.22231,32.975205],[130.219147,32.95506],[130.204258,32.950871],[130.203787,32.9289],[130.188536,32.915321],[130.163596,32.909291],[130.105317,32.875922],[130.153635,32.842457],[130.195002,32.84494],[130.243588,32.875284],[130.307285,32.876299],[130.33942,32.856579],[130.374848,32.780178],[130.373706,32.738969],[130.350936,32.704063],[130.360827,32.687963],[130.341704,32.667258],[130.305578,32.651434],[130.268231,32.650361],[130.259046,32.643866],[130.253917,32.624823],[130.236508,32.622477],[130.223079,32.605881],[130.198412,32.602978],[130.18148,32.592327],[130.165987,32.592956],[130.173054,32.603634],[130.169562,32.619092],[130.129457,32.641134],[130.128133,32.683871],[130.153508,32.686197],[130.190132,32.714106],[130.210314,32.73325],[130.207585,32.752162],[130.18682,32.762065],[130.182872,32.769029],[130.190233,32.783482],[130.178427,32.792922],[130.148099,32.795354],[130.126222,32.78887],[130.093789,32.79486],[130.064167,32.784811],[130.032412,32.75935],[129.990808,32.746917],[129.97038,32.744563],[129.958508,32.764782],[129.949326,32.757661],[129.954891,32.745171],[129.894929,32.662689],[129.855445,32.640086],[129.841277,32.639415],[129.832286,32.615805],[129.78583,32.583105],[129.782909,32.573503],[129.763147,32.579976],[129.740351,32.568442],[129.734005,32.58092],[129.782975,32.607415],[129.814496,32.662551],[129.818084,32.677438],[129.813872,32.683379],[129.803249,32.677996],[129.796923,32.692245],[129.825954,32.704808],[129.834378,32.694122],[129.845694,32.701274],[129.85906,32.724514],[129.823795,32.721985],[129.823985,32.73607],[129.803722,32.772284],[129.778656,32.791002],[129.771007,32.813951],[129.754509,32.818483],[129.73271,32.80557],[129.721035,32.827074],[129.69809,32.839545],[129.687022,32.854804],[129.669688,32.904975],[129.651866,32.922797],[129.63843,32.926546],[129.632403,32.979107],[129.653519,33.004253],[129.651862,33.033558],[129.660658,33.039697],[129.663417,33.069024],[129.681612,33.094092],[129.720198,33.078968],[129.734711,33.060248],[129.734711,33.046617],[129.750154,33.057039],[129.759665,33.047889],[129.738632,33.019118],[129.735784,33.003844],[129.741664,32.991035],[129.751839,32.99594],[129.766328,33.017954],[129.796959,33.010062],[129.823277,32.979538],[129.813845,32.961796],[129.814669,32.922655],[129.806677,32.914697],[129.795674,32.947794],[129.786945,32.947805],[129.789935,32.912245],[129.803795,32.90246],[129.807477,32.885942],[129.7944,32.874921],[129.84544,32.838308],[129.868702,32.853013],[129.883206,32.875693],[129.987878,32.841714],[130.003148,32.845379],[129.931224,32.928894],[129.929725,32.957641],[129.947602,32.995063],[129.945623,33.015758],[129.881444,33.062763],[129.823859,33.043119],[129.822356,33.06268],[129.797515,33.077309],[129.774952,33.058314],[129.761096,33.057063],[129.74648,33.06559],[129.733226,33.101633],[129.749197,33.098131],[129.746288,33.124896],[129.760145,33.129815],[129.758677,33.138941],[129.74773,33.139524],[129.728526,33.122301],[129.722856,33.158404],[129.709764,33.16257],[129.712169,33.141059],[129.704112,33.111802],[129.680747,33.114879],[129.666515,33.101264],[129.662332,33.126511],[129.683604,33.131049],[129.687022,33.142239],[129.674327,33.160224],[129.652843,33.170152],[129.65268,33.190253],[129.645518,33.197455],[129.617442,33.194648],[129.590099,33.211127],[129.564138,33.211127],[129.552144,33.225839],[129.565342,33.272067],[129.591498,33.28341],[129.571467,33.32064],[129.580413,33.371007],[129.592415,33.381115],[129.620616,33.35928],[129.644379,33.362372],[129.673185,33.398539],[129.679603,33.389673],[129.676873,33.362419],[129.701008,33.353007],[129.744164,33.364314],[129.807465,33.348131],[129.819835,33.304755],[129.837901,33.285386],[129.851573,33.280015],[129.841328,33.315977],[129.846295,33.347965],[129.871025,33.378178],[129.861863,33.390046],[129.868663,33.397447],[129.816392,33.426102],[129.787257,33.454519],[129.804245,33.481823],[129.81844,33.484212],[129.848888,33.44245],[129.862071,33.436998],[129.871349,33.442939],[129.866873,33.456732],[129.843951,33.481217],[129.836835,33.513254],[129.854579,33.532854],[129.853187,33.552502],[129.868789,33.5394],[129.885831,33.53584],[129.910059,33.547205],[129.942149,33.531684],[129.961274,33.512763],[129.941209,33.479537],[129.953331,33.473656],[129.962648,33.482607],[129.966869,33.463027],[129.975389,33.454143],[130.016856,33.445787],[130.040212,33.461249],[130.044626,33.485741],[130.055294,33.495226],[130.103845,33.511905],[130.115262,33.508951],[130.167979,33.534084],[130.174164,33.546861],[130.129893,33.540025],[130.120372,33.543158],[130.117931,33.55683],[130.096934,33.561713],[130.093028,33.573432],[130.109141,33.589748],[130.139415,33.594672],[130.156664,33.606506],[130.153839,33.618943],[130.159548,33.629596],[130.197765,33.633612],[130.204763,33.639716],[130.208011,33.665076],[130.2317,33.653306],[130.236501,33.644232],[130.227156,33.634844],[130.231384,33.618846],[130.251475,33.607978],[130.271921,33.611668],[130.27545,33.603368],[130.265432,33.58858],[130.290294,33.574205],[130.315307,33.597362],[130.35805,33.597259],[130.390866,33.604874],[130.399478,33.616111],[130.407501,33.650468],[130.398692,33.669135],[130.348972,33.64113],[130.318394,33.658381],[130.306981,33.655441],[130.2949,33.664351],[130.289263,33.681545],[130.294281,33.689239],[130.304966,33.687443],[130.310611,33.672618],[130.345498,33.662472],[130.386485,33.677232],[130.428722,33.71369],[130.444591,33.718207],[130.467674,33.743564],[130.469987,33.762869],[130.46676,33.780353],[130.448009,33.789944],[130.449555,33.802232],[130.472179,33.817532],[130.488943,33.855373],[130.497081,33.848131],[130.507579,33.849066],[130.530528,33.861558],[130.548188,33.880764],[130.633067,33.882473],[130.654063,33.896308],[130.684418,33.934231],[130.705251,33.938707],[130.731505,33.931849],[130.756049,33.943681],[130.828228,33.939585],[130.821339,33.920287],[130.861423,33.925568],[130.880853,33.89594],[130.896983,33.889309],[130.913585,33.891181],[130.941417,33.916815],[130.949471,33.938193],[130.976567,33.957367],[131.007148,33.966055],[131.018686,33.956262],[131.01531,33.935126],[130.992929,33.897665],[131.001771,33.887229],[130.999829,33.873864],[130.984607,33.87396],[130.990684,33.856827],[130.963574,33.833235],[130.961681,33.81623],[130.985511,33.808665],[131.006945,33.813088],[131.003591,33.77969],[131.009776,33.746161],[131.064464,33.653266],[131.081309,33.634955],[131.102976,33.624253],[131.119972,33.626339],[131.256464,33.604955],[131.283834,33.582369],[131.36762,33.574802],[131.417703,33.581682],[131.475637,33.631566],[131.484032,33.653038],[131.498557,33.666985],[131.521045,33.676371],[131.590017,33.68301],[131.627452,33.66767],[131.667366,33.667192],[131.729538,33.580236],[131.739919,33.5397],[131.729109,33.512548],[131.737295,33.484608],[131.709282,33.432638],[131.706243,33.409583],[131.697436,33.406393],[131.658702,33.422838],[131.64031,33.416571],[131.634613,33.373969],[131.601085,33.364936],[131.596234,33.3494],[131.556163,33.346381],[131.532981,33.366113],[131.506029,33.363074],[131.498385,33.340666],[131.51038,33.273404],[131.547862,33.25495],[131.612219,33.252936],[131.654535,33.271625],[131.700043,33.254096],[131.710862,33.270176],[131.762092,33.253543],[131.822174,33.244032],[131.884449,33.268306],[131.902625,33.266042],[131.871555,33.215419],[131.872244,33.200344],[131.848744,33.187999],[131.830976,33.169713],[131.809574,33.127649],[131.842621,33.113267],[131.868831,33.128767],[131.911457,33.124815],[131.868938,33.09434],[131.863217,33.082533],[131.880511,33.07504],[131.890859,33.079511],[131.929217,33.068271],[131.934469,33.092018],[131.942384,33.092557],[131.958018,33.067206],[131.976085,33.060248],[131.991466,33.068996],[131.996113,33.091711],[132.0,33.08546465269843],[132.0,33.049082982037575],[131.92955,33.04709],[131.922829,33.028655],[131.906774,33.011847],[131.903168,32.983059],[131.934705,32.959507],[131.949701,32.959275],[131.959239,32.944525],[131.979177,32.950385],[132.0,32.93968569281859],[132.0,32.90694792596095],[131.982188,32.888902],[132.0,32.87100929925116],[131.989757,32.854804],[131.955577,32.827541],[131.997813,32.829657],[131.996593,32.810533],[131.962413,32.79267],[131.94809,32.793402],[131.92921,32.778266],[131.882498,32.783433],[131.873057,32.762356],[131.871104,32.726793],[131.859386,32.717678],[131.855925,32.686084],[131.847911,32.68183],[131.833952,32.698665],[131.821938,32.702686],[131.816564,32.689146],[131.80064,32.680833],[131.770763,32.648749],[131.766856,32.620795],[131.743337,32.587958],[131.704713,32.581575],[131.68214,32.535061],[131.685069,32.522447],[131.695649,32.511461],[131.718923,32.508734],[131.736501,32.491685],[131.717296,32.472968],[131.695486,32.468248],[131.65979,32.47682],[131.656629,32.457358]]],[[[132.0,33.91197470016987],[131.972341,33.916815],[131.941905,33.950914],[131.893565,33.971422],[131.852061,33.998358],[131.833669,33.994696],[131.812266,33.971422],[131.826508,33.971422],[131.826508,33.965237],[131.791352,33.964057],[131.779552,33.969672],[131.777517,33.985745],[131.823904,34.020168],[131.822765,34.026679],[131.741466,34.05622],[131.70338,34.044176],[131.688731,34.047187],[131.633474,34.026679],[131.606212,34.026679],[131.593272,34.037299],[131.585134,34.026679],[131.597423,34.002631],[131.593028,33.991685],[131.578868,33.985745],[131.567638,33.986274],[131.562266,34.004625],[131.551036,33.999416],[131.519298,34.00849],[131.482921,34.03205],[131.469005,34.026679],[131.474294,34.013983],[131.441173,33.978909],[131.428233,33.985907],[131.420584,33.999416],[131.409679,33.983059],[131.393321,33.985745],[131.404796,34.017279],[131.400645,34.032945],[131.389903,34.03974],[131.33253,33.962104],[131.272227,33.926825],[131.257986,33.924791],[131.249848,33.937934],[131.225841,33.935004],[131.215831,33.950751],[131.178233,33.930487],[131.160266,33.952796],[131.166026,33.977118],[131.123999,33.999931],[131.103165,34.030217],[131.035595,34.047975],[131.013962,34.014762],[130.932086,33.945365],[130.926291,33.922691],[130.915753,33.91399],[130.879405,33.937934],[130.880224,33.950432],[130.899425,33.949856],[130.90965,33.973652],[130.907725,33.984931],[130.917135,34.010913],[130.905284,34.029608],[130.912577,34.053342],[130.903914,34.065826],[130.878429,34.067857],[130.861583,34.112738],[130.87322,34.129096],[130.911143,34.154486],[130.92335,34.183783],[130.893728,34.256049],[130.871593,34.279242],[130.886241,34.300442],[130.893077,34.343492],[130.899913,34.355048],[130.941905,34.350979],[130.954763,34.361721],[131.033607,34.381789],[131.017882,34.393297],[130.955089,34.403469],[130.9463,34.392401],[130.93393,34.395982],[130.947765,34.418931],[130.976396,34.438967],[131.002845,34.425946],[131.00115,34.414862],[131.009776,34.410305],[131.037283,34.411119],[131.074718,34.42475],[131.099376,34.413275],[131.133923,34.411562],[131.140798,34.378485],[131.153656,34.36933],[131.172699,34.367743],[131.191702,34.393648],[131.173595,34.410224],[131.171315,34.429535],[131.192719,34.42475],[131.252632,34.437387],[131.281214,34.407958],[131.24102,34.421184],[131.229503,34.417711],[131.216075,34.396918],[131.208995,34.36933],[131.236176,34.38231],[131.284482,34.384211],[131.32309,34.393012],[131.334731,34.416114],[131.414317,34.423977],[131.413315,34.453874],[131.461925,34.499254],[131.454763,34.51911],[131.482677,34.527574],[131.536469,34.565619],[131.551036,34.581529],[131.557299,34.614857],[131.564792,34.619494],[131.595876,34.616848],[131.596872,34.659589],[131.615242,34.664881],[131.656415,34.653586],[131.680332,34.674649],[131.746082,34.675353],[131.840784,34.705329],[131.858409,34.714504],[131.873758,34.759223],[131.896332,34.762926],[132.0,34.840439612439205],[132.0,33.91197470016987]]],[[[113.552908,22.165839],[113.574067,22.156114],[113.563243,22.15058],[113.560232,22.141547],[113.577973,22.139635],[113.57488,22.135037],[113.585948,22.131944],[113.587494,22.124864],[113.577485,22.126654],[113.574067,22.119371],[113.566742,22.123358],[113.566335,22.107693],[113.557384,22.111151],[113.546804,22.105373],[113.541108,22.113267],[113.545258,22.114244],[113.542328,22.140733],[113.532237,22.152533],[113.534434,22.1612],[113.552908,22.165839]]],[[[113.53891,22.220771],[113.553803,22.211493],[113.556814,22.203559],[113.549164,22.199734],[113.55714,22.20246],[113.551524,22.189561],[113.52475,22.173733],[113.520193,22.184882],[113.535248,22.207546],[113.524343,22.212551],[113.53891,22.220771]]]]}},{"type":"Feature","properties":{},"geometry":{"type":"MultiPolygon","coordinates":[[[[111.989513,21.657782],[112.007335,21.643948],[111.999848,21.621161],[111.981456,21.612047],[111.909679,21.600531],[111.863292,21.568264],[111.822439,21.561998],[111.809337,21.565497],[111.822439,21.5751],[111.842052,21.606838],[111.845063,21.623969],[111.835297,21.643948],[111.8838,21.650133],[111.928233,21.664455],[111.94516,21.650133],[111.962657,21.65762],[111.989513,21.657782]]],[[[113.391449,22.027533],[113.405772,22.007025],[113.323497,22.011949],[113.309418,22.024115],[113.343598,22.068508],[113.38266,22.089586],[113.398936,22.068508],[113.412608,22.075995],[113.391449,22.027533]]],[[[113.354015,22.130845],[113.31365,22.076402],[113.289073,22.068508],[113.268809,22.088324],[113.264171,22.104926],[113.271739,22.120022],[113.298676,22.128567],[113.314952,22.153998],[113.32309,22.157904],[113.327973,22.145819],[113.347179,22.15644],[113.364757,22.157904],[113.354015,22.130845]]],[[[117.090328,23.461077],[117.102148,23.467993],[117.108945,23.482294],[117.125852,23.482692],[117.122569,23.465522],[117.141794,23.449653],[117.128781,23.399369],[117.082877,23.411144],[117.048897,23.40471],[117.004009,23.419759],[116.948098,23.421805],[116.942989,23.430062],[116.982188,23.459459],[117.01002,23.438951],[117.037579,23.446901],[117.049083,23.474084],[117.062999,23.478461],[117.090328,23.461077]]],[[[119.369802,26.014228],[119.401215,25.996039],[119.404959,25.977932],[119.390636,25.966986],[119.257579,26.001451],[119.246837,26.026557],[119.217784,26.059027],[119.209239,26.098578],[119.257579,26.047553],[119.369802,26.014228]]],[[[122.203868,30.291409],[122.203868,30.285142],[122.231944,30.277737],[122.219574,30.270453],[122.214529,30.247301],[122.202322,30.241929],[122.137706,30.254625],[122.073578,30.291409],[122.104177,30.314154],[122.152843,30.322699],[122.211436,30.346625],[122.225108,30.332343],[122.22047,30.320705],[122.23878,30.313137],[122.203868,30.291409]]],[[[122.410981,30.452135],[122.423106,30.414944],[122.347992,30.435981],[122.285411,30.422065],[122.272797,30.435981],[122.28712,30.442206],[122.273774,30.451361],[122.272797,30.469468],[122.276622,30.479804],[122.28712,30.48314],[122.290782,30.471666],[122.31129,30.472642],[122.337413,30.458482],[122.369151,30.476996],[122.3685,30.463202],[122.374685,30.457343],[122.410981,30.452135]]],[[[121.85377,31.372992],[121.87794,31.354315],[121.881847,31.336615],[121.866222,31.304185],[121.851085,31.293931],[121.834727,31.292548],[121.813243,31.320787],[121.7942,31.368801],[121.804454,31.374701],[121.85377,31.372992]]],[[[119.832856,32.252143],[119.901866,32.073391],[119.89031,32.075385],[119.858735,32.101549],[119.792003,32.121772],[119.78712,32.129584],[119.791026,32.165473],[119.819347,32.203762],[119.749848,32.228013],[119.719493,32.249579],[119.716156,32.27265],[119.750824,32.293118],[119.78533,32.291693],[119.814301,32.27558],[119.832856,32.252143]]],[[[131.920909,43.024156],[131.91505,42.98428],[131.883311,42.960761],[131.83725,42.961127],[131.757009,42.990058],[131.791189,42.996283],[131.774587,43.005316],[131.769379,43.015367],[131.773448,43.021186],[131.791189,43.017401],[131.787364,43.034369],[131.777517,43.044623],[131.798839,43.052639],[131.859386,43.037258],[131.859386,43.044623],[131.826508,43.065172],[131.854991,43.061347],[131.875743,43.051011],[131.892263,43.035834],[131.920909,43.024156]]],[[[110.599457,21.17829],[110.565196,21.112616],[110.543224,21.104967],[110.520681,21.111802],[110.50587,21.126858],[110.507091,21.143704],[110.489024,21.150092],[110.479177,21.16413],[110.472911,21.16413],[110.479177,21.150458],[110.461436,21.151068],[110.449474,21.156236],[110.445323,21.165676],[110.451915,21.178453],[110.417735,21.178453],[110.417735,21.184638],[110.434337,21.186591],[110.462169,21.205146],[110.499848,21.206285],[110.496267,21.195217],[110.46339,21.190741],[110.492931,21.183905],[110.543224,21.204169],[110.568614,21.191474],[110.550059,21.168443],[110.547537,21.156724],[110.554942,21.156724],[110.577322,21.190985],[110.594005,21.202786],[110.616954,21.19892],[110.616954,21.191474],[110.599457,21.17829]]],[[[126.810313,26.342515],[126.793712,26.312893],[126.795177,26.305609],[126.7824,26.304511],[126.77003,26.314195],[126.759939,26.334418],[126.703624,26.355292],[126.697765,26.369045],[126.723643,26.385972],[126.769867,26.388007],[126.801443,26.367662],[126.810313,26.342515]]],[[[128.650401,27.434719],[128.706879,27.448635],[128.697602,27.435736],[128.655772,27.410142],[128.630707,27.375678],[128.618175,27.379706],[128.613129,27.364325],[128.587413,27.362047],[128.559906,27.350735],[128.545421,27.353746],[128.526866,27.371894],[128.526134,27.397162],[128.538422,27.417629],[128.618826,27.415595],[128.650401,27.434719]]],[[[130.031016,28.356513],[129.995453,28.29092],[129.978201,28.283759],[129.956554,28.284817],[129.913585,28.297105],[129.975597,28.343248],[130.030284,28.373481],[130.031016,28.356513]]],[[[121.958832,29.108059],[121.935313,29.062893],[121.888682,29.072333],[121.900157,29.093736],[121.871593,29.126614],[121.868175,29.147406],[121.881358,29.160305],[121.903331,29.166571],[121.943207,29.161119],[121.955414,29.1435],[121.958832,29.108059]]],[[[121.885265,30.061184],[121.90919,30.044989],[121.910492,30.024115],[121.903331,30.001776],[121.889659,29.983954],[121.871593,29.976711],[121.847423,29.982123],[121.827403,30.004218],[121.847667,30.083157],[121.853038,30.087144],[121.876475,30.08161],[121.885265,30.061184]]],[[[130.176036,32.203355],[130.187266,32.196357],[130.194102,32.176418],[130.190766,32.164618],[130.167328,32.114325],[130.149262,32.1105],[130.134613,32.117987],[130.127778,32.13231],[130.133311,32.149115],[130.115082,32.175442],[130.113292,32.207587],[130.121104,32.212633],[130.176036,32.203355]]],[[[127.204275,34.486762],[127.234223,34.480292],[127.245128,34.464057],[127.241873,34.445461],[127.228689,34.430243],[127.168956,34.417711],[127.117361,34.437567],[127.12379,34.455227],[127.110525,34.464911],[127.12436,34.473334],[127.204275,34.486762]]],[[[121.353282,18.89883],[121.429861,18.905585],[121.458018,18.883938],[121.477794,18.881903],[121.431407,18.856147],[121.318614,18.843207],[121.294932,18.846829],[121.279145,18.862006],[121.275238,18.875881],[121.353282,18.89883]]],[[[121.982921,19.575344],[121.997895,19.560289],[121.987153,19.513129],[121.978038,19.498847],[121.960948,19.491767],[121.947113,19.496772],[121.898204,19.53677],[121.900238,19.559231],[121.950043,19.560289],[121.969493,19.575344],[121.982921,19.575344]]],[[[120.005056,16.268622],[120.012218,16.241523],[120.005544,16.232082],[119.992931,16.23017],[119.925548,16.295356],[119.922374,16.303778],[119.927501,16.313137],[119.943044,16.329291],[119.961192,16.334784],[119.973155,16.350572],[119.991222,16.343573],[120.005626,16.311754],[120.005056,16.268622]]],[[[121.774181,31.359198],[121.782237,31.341783],[121.78004,31.325181],[121.766368,31.320624],[121.72047,31.357733],[121.584483,31.441392],[121.618175,31.443793],[121.691254,31.419176],[121.745942,31.388495],[121.774181,31.359198]]]]}},{"type":"Feature","properties":{},"geometry":{"type":"MultiPolygon","coordinates":[[[[112.862559,21.769436],[112.868175,21.757554],[112.862559,21.745592],[112.831798,21.735907],[112.797537,21.705878],[112.810557,21.65762],[112.793468,21.608222],[112.810557,21.589301],[112.799653,21.579088],[112.764903,21.581855],[112.753673,21.607367],[112.737153,21.612616],[112.734386,21.62873],[112.767589,21.663479],[112.774425,21.691718],[112.715587,21.680243],[112.706228,21.688381],[112.711681,21.702541],[112.747813,21.733344],[112.764903,21.731757],[112.777517,21.77265],[112.795665,21.766832],[112.821137,21.774807],[112.862559,21.769436]]],[[[121.264536,28.121595],[121.285352,28.101946],[121.279145,28.085435],[121.257091,28.08515],[121.238129,28.092922],[121.233653,28.082424],[121.238129,28.071194],[121.231456,28.065009],[121.219249,28.067857],[121.218512,28.058463],[121.1864,28.0437],[121.151573,28.041232],[121.146734,28.057811],[121.155235,28.071368],[121.130626,28.103461],[121.132329,28.114314],[121.120372,28.135688],[121.165283,28.150534],[121.20407,28.189707],[121.210948,28.20897],[121.230588,28.219733],[121.256403,28.214798],[121.268893,28.193942],[121.270241,28.18229],[121.255531,28.140001],[121.264536,28.121595]]],[[[126.402687,36.468392],[126.43214,36.407945],[126.36378,36.411363],[126.361053,36.426321],[126.377615,36.446194],[126.35377,36.434068],[126.342621,36.438381],[126.345714,36.453315],[126.36378,36.473456],[126.356944,36.479641],[126.343272,36.46662],[126.33864,36.475611],[126.328143,36.471089],[126.333606,36.495093],[126.329763,36.531724],[126.314818,36.581787],[126.341181,36.604134],[126.360244,36.60936],[126.373546,36.592231],[126.375336,36.586086],[126.363367,36.57384],[126.381114,36.536282],[126.379405,36.518378],[126.404796,36.493313],[126.3838,36.493313],[126.3838,36.487128],[126.404796,36.479641],[126.402687,36.468392]]],[[[94.667491,16.171942],[94.654633,16.121975],[94.629649,16.075181],[94.569591,16.005194],[94.499034,15.98017],[94.478038,15.966132],[94.478363,15.942328],[94.436778,15.900702],[94.440929,15.885403],[94.433116,15.869615],[94.410167,15.83926],[94.40268,15.83926],[94.417247,15.871772],[94.40919,15.907457],[94.382335,15.969631],[94.389659,16.000922],[94.452973,16.033881],[94.485362,16.058987],[94.518809,16.120429],[94.611583,16.221747],[94.642833,16.24551],[94.66212,16.221869],[94.667491,16.171942]]],[[[97.589366,16.415269],[97.589366,16.340155],[97.568858,16.29857],[97.571364,16.222693],[97.547461,16.199928],[97.516857,16.209823],[97.510509,16.254218],[97.459269,16.301362],[97.469249,16.332709],[97.482758,16.342027],[97.484874,16.363918],[97.472667,16.408433],[97.454763,16.436916],[97.452159,16.449408],[97.466156,16.467027],[97.459646,16.477362],[97.486013,16.500963],[97.520518,16.510891],[97.56186,16.492377],[97.606293,16.483547],[97.610606,16.446234],[97.589366,16.415269]]],[[[93.748057,18.787909],[93.759044,18.755561],[93.756033,18.731513],[93.731944,18.689683],[93.711274,18.676459],[93.693126,18.673774],[93.645274,18.679348],[93.497813,18.840888],[93.484141,18.874986],[93.577159,18.881903],[93.599864,18.890448],[93.621755,18.910346],[93.663341,18.873196],[93.70753,18.868232],[93.742442,18.872301],[93.749522,18.86518],[93.751638,18.840888],[93.748057,18.787909]]],[[[93.973643,19.402737],[93.965831,19.363023],[93.940196,19.348619],[93.898936,19.30329],[93.883556,19.3015],[93.875173,19.31391],[93.862804,19.307766],[93.864919,19.282864],[93.802745,19.276679],[93.773774,19.298774],[93.749848,19.333319],[93.725352,19.386868],[93.726736,19.396674],[93.736664,19.396959],[93.738048,19.403266],[93.730479,19.419257],[93.669119,19.446479],[93.641775,19.492011],[93.656586,19.497382],[93.649181,19.513129],[93.688162,19.559475],[93.723643,19.556383],[93.740489,19.546698],[93.755382,19.523017],[93.819998,19.471503],[93.858084,19.482489],[93.880219,19.479193],[93.956228,19.432522],[93.970714,19.416938],[93.973643,19.402737]]],[[[93.516856,19.777167],[93.511974,19.745836],[93.456798,19.788764],[93.440684,19.81094],[93.406749,19.920478],[93.402843,19.95307],[93.422048,19.951361],[93.442638,19.938137],[93.470551,19.905219],[93.49879,19.88703],[93.505219,19.872219],[93.50115,19.825385],[93.516856,19.777167]]],[[[92.952891,20.063056],[93.014659,19.905585],[93.024913,19.827826],[93.018565,19.827826],[93.001231,19.906643],[92.925792,20.033759],[92.91977,20.055732],[92.909434,20.06509],[92.91684,20.088935],[92.952891,20.063056]]],[[[107.080333,20.807847],[107.094005,20.787421],[107.075043,20.796047],[107.066091,20.814114],[107.062836,20.798285],[107.073497,20.780585],[107.050466,20.775946],[107.031912,20.787421],[107.036876,20.766262],[107.067393,20.749742],[107.073497,20.732164],[107.059825,20.738959],[107.046153,20.70425],[107.046153,20.725979],[107.031912,20.718492],[107.031912,20.725979],[107.025645,20.718492],[107.01824,20.725979],[107.01824,20.732164],[107.039317,20.732164],[107.031912,20.746405],[107.01824,20.738959],[107.005138,20.753241],[106.997813,20.753241],[107.005138,20.732164],[106.985118,20.745266],[106.949962,20.787421],[106.921072,20.804592],[106.909923,20.818549],[106.912852,20.8369],[106.943126,20.848863],[106.94809,20.870266],[106.957367,20.876776],[106.949962,20.86933],[106.963634,20.856106],[106.994477,20.851752],[107.005138,20.842027],[107.011404,20.842027],[107.012462,20.858791],[107.022716,20.86225],[107.046153,20.848863],[107.042979,20.831366],[107.070974,20.820299],[107.087169,20.821519],[107.107677,20.800442],[107.080333,20.807847]]],[[[110.543793,21.022773],[110.520763,20.972357],[110.526052,20.941596],[110.516938,20.937649],[110.502696,20.947496],[110.493012,20.977973],[110.441417,21.005845],[110.363048,21.005845],[110.266612,20.972642],[110.24586,20.986029],[110.261892,20.992987],[110.265391,21.00434],[110.24586,21.027574],[110.287364,21.03384],[110.287364,21.040595],[110.270681,21.044867],[110.273123,21.061103],[110.309906,21.052924],[110.326915,21.05744],[110.335216,21.06859],[110.307953,21.060858],[110.295421,21.063056],[110.287364,21.074449],[110.342621,21.074652],[110.371349,21.080959],[110.389822,21.095893],[110.408214,21.048245],[110.417735,21.040595],[110.43214,21.057278],[110.47283,21.061672],[110.507091,21.082221],[110.526378,21.082099],[110.538829,21.073065],[110.545584,21.057359],[110.543793,21.022773]]],[[[107.603201,21.219306],[107.601573,21.205146],[107.557384,21.17178],[107.54713,21.156724],[107.524181,21.15998],[107.470714,21.095893],[107.422862,21.074774],[107.388682,21.047512],[107.372895,21.059556],[107.402517,21.126614],[107.418305,21.196682],[107.435313,21.189276],[107.441173,21.203274],[107.450206,21.205146],[107.446544,21.25316],[107.455333,21.275702],[107.471365,21.274482],[107.504731,21.239244],[107.523204,21.230862],[107.532725,21.19892],[107.603201,21.219306]]],[[[123.834727,24.395494],[123.910492,24.379543],[123.934418,24.367499],[123.936046,24.341457],[123.915538,24.30683],[123.873057,24.258246],[123.851248,24.256985],[123.745779,24.281236],[123.683442,24.285305],[123.668224,24.296617],[123.683767,24.323472],[123.698009,24.315985],[123.707042,24.328681],[123.729259,24.315741],[123.742361,24.319729],[123.769867,24.418362],[123.784923,24.416083],[123.814708,24.39175],[123.834727,24.395494]]],[[[118.422597,24.527968],[118.44959,24.505528],[118.467355,24.461828],[118.463356,24.431523],[118.448785,24.415513],[118.403624,24.43601],[118.372856,24.433201],[118.34576,24.417579],[118.330994,24.396482],[118.318218,24.390544],[118.283946,24.401272],[118.279552,24.408433],[118.292735,24.432074],[118.282074,24.477362],[118.316657,24.493349],[118.354809,24.470562],[118.381414,24.473511],[118.394216,24.522691],[118.422597,24.527968]]],[[[124.332286,24.571031],[124.273936,24.487942],[124.241873,24.363715],[124.211925,24.337104],[124.177013,24.332994],[124.14031,24.341986],[124.122244,24.360582],[124.143077,24.384914],[124.132579,24.391995],[124.122732,24.414293],[124.088634,24.421942],[124.077891,24.428453],[124.07838,24.435492],[124.095225,24.439521],[124.116222,24.467475],[124.129161,24.469387],[124.134451,24.456773],[124.156505,24.441636],[124.191254,24.440009],[124.211925,24.446967],[124.240245,24.494859],[124.268403,24.510443],[124.314464,24.587307],[124.3213,24.590277],[124.329112,24.583564],[124.332286,24.571031]]],[[[125.404633,24.778388],[125.444835,24.756741],[125.452647,24.74494],[125.444021,24.737209],[125.3838,24.726955],[125.299653,24.725653],[125.2588,24.733385],[125.256847,24.751695],[125.273936,24.820014],[125.27475,24.856431],[125.260265,24.885199],[125.294444,24.869574],[125.321625,24.816881],[125.358246,24.78262],[125.404633,24.778388]]],[[[119.834483,25.54914],[119.818614,25.545803],[119.804698,25.53262],[119.798839,25.515815],[119.806407,25.495836],[119.839692,25.479153],[119.846528,25.461168],[119.821056,25.467515],[119.794607,25.463039],[119.771983,25.450588],[119.757823,25.433254],[119.757335,25.404934],[119.703868,25.42357],[119.693044,25.437649],[119.697765,25.45661],[119.711762,25.46955],[119.711599,25.486233],[119.678477,25.482327],[119.668468,25.48786],[119.677745,25.501207],[119.696056,25.509345],[119.748546,25.50259],[119.766368,25.506252],[119.778331,25.52204],[119.7588,25.530748],[119.726329,25.525133],[119.716156,25.536322],[119.730479,25.581],[119.727061,25.590888],[119.718761,25.591254],[119.702647,25.577297],[119.692719,25.594224],[119.713634,25.630601],[119.730479,25.646145],[119.76352,25.659491],[119.781749,25.659166],[119.77589,25.635728],[119.780284,25.617418],[119.792003,25.60456],[119.813487,25.608832],[119.832856,25.590888],[119.816905,25.57982],[119.874522,25.556789],[119.846528,25.536322],[119.834483,25.54914]]],[[[128.98878,27.811103],[129.024669,27.786078],[129.029633,27.773261],[129.024262,27.756578],[128.976329,27.695502],[128.947032,27.681383],[128.929454,27.686713],[128.916352,27.722357],[128.894542,27.728217],[128.89088,27.741889],[128.899262,27.769517],[128.878917,27.824774],[128.894542,27.891303],[128.947032,27.91413],[128.965505,27.894355],[128.977306,27.836615],[128.98878,27.811103]]],[[[122.326671,30.01081],[122.306977,29.997219],[122.29363,29.933783],[122.277843,29.939927],[122.245616,29.969875],[122.184744,29.994452],[122.077403,30.017646],[122.025727,29.99726],[122.010509,30.000312],[122.012218,30.031928],[121.99171,30.038072],[121.973399,30.059963],[121.980805,30.090074],[121.963145,30.142401],[121.97462,30.148017],[122.103282,30.143704],[122.132335,30.123765],[122.164806,30.12051],[122.173595,30.10224],[122.22934,30.09162],[122.256114,30.068183],[122.289561,30.067328],[122.29713,30.062567],[122.30421,30.041978],[122.327485,30.024482],[122.326671,30.01081]]],[[[130.669444,30.339667],[130.647146,30.290513],[130.57728,30.235906],[130.485977,30.225777],[130.437713,30.23897],[130.386264,30.339606],[130.376247,30.394436],[130.423361,30.398968],[130.461182,30.441142],[130.467119,30.457225],[130.488345,30.457026],[130.498951,30.467962],[130.523692,30.449652],[130.567825,30.435942],[130.599588,30.412458],[130.638678,30.402661],[130.674571,30.374579],[130.669444,30.339667]]],[[[131.061538,30.840588],[131.073595,30.799582],[131.087934,30.782606],[131.071208,30.769302],[131.078937,30.699084],[131.053761,30.661868],[131.057615,30.611269],[131.051319,30.597092],[131.037848,30.589171],[131.035564,30.557209],[131.003404,30.551167],[130.982639,30.519305],[130.980474,30.497096],[130.966961,30.4794],[130.964753,30.456319],[130.978031,30.437597],[130.969639,30.415439],[130.977797,30.40028],[130.963282,30.386144],[130.962177,30.372808],[130.943651,30.374681],[130.906519,30.366015],[130.89102,30.355421],[130.885818,30.343851],[130.870381,30.343904],[130.857118,30.366192],[130.865515,30.397293],[130.851495,30.470144],[130.870002,30.463861],[130.876278,30.480705],[130.930221,30.54086],[130.950938,30.595038],[130.94543,30.664215],[130.9393,30.672251],[130.966345,30.701441],[130.985132,30.729776],[130.985239,30.741352],[130.999703,30.745686],[131.008139,30.767865],[131.006257,30.789247],[131.027176,30.819372],[131.045258,30.836859],[131.061538,30.840588]]],[[[130.391775,32.508734],[130.457042,32.52558],[130.468516,32.511623],[130.434825,32.492743],[130.392833,32.397162],[130.362315,32.374986],[130.353852,32.42414],[130.324474,32.409817],[130.284434,32.407538],[130.241954,32.395494],[130.213064,32.43651],[130.218598,32.455959],[130.247895,32.464586],[130.290294,32.497952],[130.363048,32.527086],[130.370942,32.527045],[130.383311,32.509426],[130.391775,32.508734]]],[[[130.189464,32.521796],[130.198985,32.48017],[130.201508,32.395494],[130.208344,32.373277],[130.20338,32.338853],[130.190684,32.323554],[130.157725,32.310248],[130.133311,32.265123],[130.105317,32.252143],[130.074962,32.220771],[130.036876,32.199774],[129.995453,32.19066],[130.009125,32.252143],[129.997325,32.244045],[129.975841,32.245917],[129.958344,32.237535],[129.961274,32.252143],[130.016612,32.293118],[130.053233,32.296536],[130.064301,32.306789],[130.030284,32.313625],[130.0088,32.305894],[129.991466,32.314439],[129.979747,32.332994],[129.976573,32.366441],[129.995453,32.388658],[129.989024,32.404486],[129.994395,32.42414],[130.030284,32.482408],[130.025401,32.502143],[130.00294,32.533352],[130.043224,32.519029],[130.139822,32.547675],[130.160492,32.546332],[130.189464,32.521796]]],[[[128.893712,32.657618],[128.899262,32.642524],[128.857899,32.643409],[128.817716,32.63459],[128.815488,32.64681],[128.793224,32.652493],[128.779633,32.646796],[128.772227,32.631903],[128.794959,32.610093],[128.790201,32.586385],[128.77311,32.571666],[128.755382,32.580512],[128.736042,32.603494],[128.662852,32.601549],[128.652631,32.591075],[128.600439,32.614178],[128.624278,32.667304],[128.631847,32.669867],[128.638682,32.635159],[128.65268,32.667914],[128.653494,32.699612],[128.642263,32.728013],[128.650401,32.744534],[128.641768,32.761384],[128.660818,32.782782],[128.679047,32.782904],[128.699653,32.743771],[128.779224,32.776625],[128.784125,32.788181],[128.80849,32.799908],[128.810557,32.766059],[128.842296,32.759467],[128.849783,32.742743],[128.842069,32.703861],[128.893712,32.657618]]],[[[129.109711,32.982896],[129.169628,33.005817],[129.182807,32.984686],[129.175955,32.966986],[129.156325,32.95849],[129.137218,32.938178],[129.117543,32.935841],[129.100352,32.919013],[129.090551,32.89148],[129.098481,32.875149],[129.096572,32.856942],[129.06792,32.861183],[129.061495,32.848384],[129.068696,32.839179],[129.064952,32.817816],[129.045723,32.822093],[129.040414,32.862728],[129.041475,32.896],[129.04782,32.909965],[129.033051,32.933336],[128.979423,32.947609],[128.98146,32.960352],[129.02042,32.980625],[129.035038,32.967404],[129.054454,32.979315],[129.042584,33.00016],[129.048622,33.039603],[129.065211,33.043954],[129.067645,33.019116],[129.083995,33.023383],[129.080997,33.056782],[129.085875,33.076208],[129.101725,33.082973],[129.106619,33.101188],[129.096262,33.125375],[129.10818,33.166688],[129.117667,33.158859],[129.108594,33.122418],[129.123911,33.109173],[129.102712,33.054493],[129.097254,33.018106],[129.097992,32.988267],[129.109711,32.982896]]],[[[129.562163,33.366394],[129.527528,33.323477],[129.538317,33.315595],[129.501148,33.280032],[129.502478,33.26526],[129.493095,33.245163],[129.446605,33.19852],[129.412591,33.178318],[129.376021,33.169719],[129.342501,33.17962],[129.349869,33.213468],[129.360701,33.198718],[129.384782,33.183493],[129.400157,33.185696],[129.406505,33.194037],[129.384665,33.2041],[129.377657,33.21464],[129.382005,33.22892],[129.393961,33.239526],[129.416769,33.23693],[129.406411,33.274951],[129.437265,33.29668],[129.442663,33.348066],[129.49513,33.358295],[129.50831,33.382092],[129.522916,33.368377],[129.53931,33.379488],[129.523456,33.390567],[129.525321,33.404927],[129.555684,33.410805],[129.562163,33.366394]]],[[[129.799571,33.764838],[129.799653,33.751044],[129.783865,33.738186],[129.735064,33.736739],[129.722767,33.716748],[129.721039,33.69774],[129.677294,33.729095],[129.681161,33.744218],[129.670763,33.750139],[129.657127,33.742555],[129.646658,33.772773],[129.687022,33.759182],[129.687022,33.766018],[129.660283,33.783592],[129.656934,33.815454],[129.678402,33.814931],[129.673144,33.832218],[129.688648,33.871146],[129.700694,33.861558],[129.767263,33.84455],[129.762203,33.823138],[129.766787,33.802095],[129.796886,33.786444],[129.776378,33.77969],[129.776378,33.773424],[129.799571,33.764838]]],[[[129.316784,34.294469],[129.342583,34.293052],[129.347103,34.286978],[129.318076,34.25835],[129.324803,34.229253],[129.297464,34.218658],[129.302579,34.209285],[129.297212,34.170476],[129.283735,34.157505],[129.276587,34.129111],[129.264583,34.123787],[129.248297,34.099927],[129.235858,34.100763],[129.220421,34.088878],[129.216062,34.098339],[129.190308,34.114811],[129.171634,34.106807],[129.170354,34.146816],[129.178803,34.169765],[129.1805,34.227217],[129.18926,34.234227],[129.198535,34.316228],[129.207361,34.329277],[129.225245,34.327403],[129.228461,34.320781],[129.224053,34.293443],[129.275288,34.307597],[129.268925,34.322464],[129.280197,34.322872],[129.302462,34.307787],[129.301436,34.288097],[129.312528,34.279756],[129.316784,34.294469]]],[[[126.380056,34.49844],[126.373546,34.454413],[126.345876,34.409003],[126.335948,34.403469],[126.309255,34.423977],[126.305186,34.401679],[126.209972,34.358791],[126.144786,34.355048],[126.142589,34.363756],[126.158458,34.38231],[126.153087,34.388495],[126.124278,34.403469],[126.124278,34.38231],[126.103282,34.402777],[126.115733,34.436184],[126.144216,34.463202],[126.17213,34.464911],[126.187022,34.494208],[126.223806,34.513414],[126.226573,34.527574],[126.238292,34.515692],[126.254161,34.51435],[126.268321,34.52204],[126.274425,34.537258],[126.266775,34.54975],[126.241059,34.566474],[126.247732,34.574774],[126.263927,34.575751],[126.280447,34.568305],[126.305431,34.554267],[126.322276,34.53384],[126.349457,34.54682],[126.380056,34.49844]]],[[[129.452647,34.619452],[129.478201,34.597113],[129.446083,34.514776],[129.402326,34.481647],[129.379473,34.452623],[129.384288,34.424018],[129.361831,34.405486],[129.359464,34.390622],[129.375506,34.394416],[129.393181,34.4108],[129.384312,34.383416],[129.388145,34.366755],[129.407969,34.35158],[129.400756,34.337924],[129.386053,34.331258],[129.368242,34.307432],[129.343833,34.300314],[129.324512,34.304593],[129.305464,34.324875],[129.320905,34.333849],[129.345064,34.327244],[129.347003,34.355852],[129.334596,34.360591],[129.316204,34.342496],[129.305104,34.343206],[129.309322,34.384402],[129.287444,34.365768],[129.293398,34.349078],[129.286359,34.344008],[129.271992,34.356219],[129.228913,34.355601],[129.235384,34.368132],[129.272349,34.375697],[129.268569,34.433051],[129.277089,34.441527],[129.29169,34.440756],[129.310867,34.460511],[129.308895,34.466841],[129.280734,34.450647],[129.276044,34.462188],[129.304931,34.520287],[129.326119,34.535439],[129.308456,34.560387],[129.290945,34.556072],[129.289107,34.569867],[129.303359,34.586877],[129.3233,34.648072],[129.378337,34.644852],[129.409662,34.675173],[129.425745,34.677801],[129.418228,34.685392],[129.423305,34.695071],[129.464561,34.700805],[129.487751,34.676397],[129.483278,34.662697],[129.46912,34.652559],[129.487802,34.646006],[129.488278,34.635678],[129.480913,34.61991],[129.452647,34.619452]]],[[[126.060313,34.926907],[126.070079,34.9289],[126.089122,34.911322],[126.091482,34.896918],[126.08074,34.870998],[126.054698,34.859198],[126.031423,34.868964],[125.986501,34.862738],[126.014334,34.899644],[126.028005,34.909898],[126.052257,34.907538],[126.060313,34.926907]]],[[[128.074718,34.803656],[128.063324,34.769965],[128.065278,34.737535],[128.051606,34.728705],[128.060069,34.708401],[128.055919,34.698228],[128.040538,34.695868],[128.010102,34.708808],[127.975271,34.699937],[127.954112,34.759711],[127.937673,34.767035],[127.924571,34.759589],[127.906261,34.71308],[127.8921,34.712714],[127.868012,34.721869],[127.861827,34.730862],[127.857921,34.759711],[127.830333,34.833564],[127.829356,34.868964],[127.840831,34.886949],[127.862315,34.896064],[127.872895,34.924465],[127.90211,34.940009],[127.917247,34.936184],[127.938243,34.913967],[127.928071,34.888251],[127.90561,34.868964],[127.919932,34.835435],[127.94988,34.824652],[127.961925,34.806952],[128.029063,34.821763],[128.069591,34.815009],[128.074718,34.803656]]],[[[126.500173,37.596177],[126.476085,37.61107],[126.462738,37.604315],[126.410167,37.602037],[126.390636,37.60928],[126.370128,37.631049],[126.40089,37.637437],[126.416677,37.651842],[126.366954,37.72724],[126.37379,37.796129],[126.407074,37.820705],[126.425304,37.824449],[126.471446,37.790229],[126.516368,37.767239],[126.521495,37.751166],[126.514008,37.723538],[126.52768,37.695868],[126.52768,37.651516],[126.542003,37.631049],[126.529063,37.624905],[126.517833,37.603827],[126.500173,37.596177]]],[[[122.029063,15.009182],[122.04712014652956,15.0],[121.82494625010209,15.0],[121.833263,15.035305],[121.844249,15.045396],[121.874278,15.027777],[121.893728,15.024563],[121.909923,15.050198],[121.927989,15.052232],[121.969412,15.047187],[121.984874,15.037991],[121.993826,15.042914],[122.005138,15.038642],[122.011241,15.027167],[122.005382,15.010688],[122.029063,15.009182]]],[[[121.955821,19.008857],[121.990896,18.961127],[121.989106,18.949123],[121.962576,18.938666],[121.929698,18.895494],[121.881033,18.850165],[121.875011,18.83039],[121.865733,18.821926],[121.847179,18.824368],[121.834158,18.834296],[121.841075,18.86815],[121.874848,18.900824],[121.853852,18.923489],[121.871593,18.950629],[121.871593,18.971259],[121.892589,18.996487],[121.902354,19.005357],[121.920909,18.998114],[121.946625,19.012193],[121.955821,19.008857]]],[[[121.526134,19.320705],[121.545584,19.290269],[121.543305,19.278876],[121.518728,19.27912],[121.498302,19.259263],[121.470958,19.269232],[121.42628,19.296536],[121.398936,19.303371],[121.350841,19.375922],[121.378917,19.383734],[121.395763,19.403266],[121.470958,19.382148],[121.516612,19.393541],[121.526134,19.38227],[121.526134,19.320705]]],[[[126.177501,34.724066],[126.17213,34.703803],[126.159434,34.702786],[126.138438,34.723456],[126.111339,34.717719],[126.069591,34.76968],[126.117849,34.769965],[126.141938,34.757554],[126.163585,34.75495],[126.173839,34.744452],[126.177501,34.724066]]],[[[126.16627,34.796454],[126.164236,34.769761],[126.146251,34.761868],[126.09254,34.787584],[126.149425,34.808092],[126.16627,34.796454]]],[[[126.094412,34.808661],[126.064138,34.842597],[126.067149,34.850531],[126.093761,34.857611],[126.112559,34.85342],[126.113292,34.871161],[126.122813,34.878811],[126.142263,34.879136],[126.152029,34.871161],[126.153087,34.864976],[126.139659,34.857896],[126.1421,34.832913],[126.118907,34.823798],[126.115896,34.803127],[126.096202,34.798774],[126.094412,34.808661]]],[[[128.066905,34.851752],[128.082367,34.835598],[128.026541,34.843207],[127.987315,34.83808],[127.972423,34.845526],[127.963634,34.859768],[128.001964,34.913031],[128.017833,34.916571],[128.02296,34.905504],[128.013438,34.869127],[128.018728,34.866156],[128.036306,34.892279],[128.045909,34.893622],[128.05893,34.880357],[128.066905,34.851752]]],[[[113.839203,22.204901],[113.839203,22.234198],[113.849213,22.234198],[113.849213,22.244127],[113.856781,22.245998],[113.850597,22.256781],[113.876801,22.272284],[113.892507,22.292711],[113.921479,22.291856],[113.928396,22.284857],[113.961925,22.301174],[113.976736,22.298082],[114.017345,22.335517],[114.020518,22.328518],[114.043793,22.345771],[114.054861,22.33633],[114.050222,22.319932],[114.031423,22.324571],[114.029633,22.308987],[114.012706,22.311347],[114.012706,22.298082],[114.022146,22.301907],[114.018891,22.264594],[113.995372,22.267768],[114.007253,22.252102],[113.992442,22.241197],[114.014985,22.227078],[114.000173,22.216132],[113.981944,22.208238],[113.980642,22.23725],[113.945649,22.23725],[113.921479,22.223985],[113.918305,22.219224],[113.928396,22.216905],[113.928396,22.210761],[113.919119,22.205024],[113.906261,22.204006],[113.892507,22.222398],[113.846446,22.197089],[113.839203,22.204901]]],[[[113.559505,22.735],[113.573204,22.700698],[113.603939,22.684952],[113.635687,22.656475],[113.64511,22.625115],[113.641832,22.601624],[113.628015,22.595785],[113.60261,22.611521],[113.562427,22.655683],[113.476511,22.719514],[113.476539,22.731268],[113.525501,22.744873],[113.559505,22.735]]],[[[129.02947,32.89175],[129.024099,32.848049],[129.017914,32.848049],[129.017426,32.856676],[129.006602,32.864691],[128.97755,32.864],[128.964122,32.889553],[128.96461,32.898261],[128.995616,32.89053],[128.979666,32.91649],[128.98463,32.929185],[129.020681,32.916693],[129.02947,32.89175]]]]}},{"type":"Feature","properties":{},"geometry":{"type":"MultiPolygon","coordinates":[[[[117.504161,23.749905],[117.526661,23.740107],[117.516191,23.716278],[117.495942,23.72016],[117.484156,23.710793],[117.476543,23.689432],[117.479835,23.662678],[117.467219,23.657934],[117.444835,23.664944],[117.421149,23.646464],[117.415375,23.608222],[117.431559,23.58263],[117.37446,23.572654],[117.320483,23.574016],[117.369125,23.622357],[117.393728,23.679185],[117.375499,23.689399],[117.346446,23.68476],[117.340505,23.688951],[117.342459,23.699652],[117.376689,23.728865],[117.379242,23.746812],[117.372732,23.76675],[117.385916,23.774156],[117.413585,23.771674],[117.41977,23.754299],[117.447782,23.742252],[117.468901,23.75309],[117.504161,23.749905]]],[[[126.295258,37.802476],[126.333263,37.800442],[126.34254,37.792141],[126.335948,37.7744],[126.318207,37.762274],[126.254568,37.768215],[126.224457,37.760443],[126.22047,37.771308],[126.234141,37.802314],[126.24643,37.811754],[126.260509,37.814765],[126.295258,37.802476]]],[[[122.330577,39.180121],[122.354828,39.195624],[122.402599,39.213813],[122.392914,39.203803],[122.388927,39.187079],[122.402599,39.159125],[122.388927,39.15233],[122.376313,39.16059],[122.333995,39.146308],[122.3213,39.165961],[122.330577,39.180121]]],[[[122.635997,39.23428],[122.718598,39.241889],[122.741954,39.23607],[122.739513,39.222235],[122.725597,39.210028],[122.690684,39.193305],[122.69752,39.221259],[122.635997,39.228013],[122.635997,39.23428]]],[[[122.643077,39.255072],[122.586192,39.258002],[122.533458,39.271674],[122.505056,39.296942],[122.54656,39.296942],[122.584727,39.284369],[122.643891,39.27851],[122.684418,39.262193],[122.643077,39.255072]]],[[[121.442393,39.462877],[121.45045,39.450263],[121.443126,39.441148],[121.41627,39.440334],[121.41627,39.433539],[121.435557,39.416205],[121.433604,39.38581],[121.421723,39.373684],[121.336925,39.377387],[121.336111,39.387356],[121.379649,39.424872],[121.381602,39.433539],[121.375255,39.442369],[121.364268,39.445461],[121.340587,39.440334],[121.296153,39.391425],[121.27296,39.385077],[121.259451,39.391506],[121.26588,39.43358],[121.311046,39.447943],[121.340587,39.48135],[121.413259,39.476508],[121.442393,39.462877]]],[[[122.968028,39.541083],[122.989757,39.549506],[123.017589,39.544501],[123.04005,39.529731],[123.029959,39.50788],[123.005707,39.497301],[122.979747,39.499335],[122.964366,39.515448],[122.968028,39.541083]]],[[[97.671641,15.549994],[97.664399,15.504096],[97.65089,15.592231],[97.660167,15.58039],[97.671641,15.549994]]],[[[110.595876,20.958726],[110.62794,20.948635],[110.630382,20.925767],[110.609548,20.897284],[110.589203,20.88349],[110.575694,20.888821],[110.547537,20.917711],[110.58961,20.959377],[110.602712,20.964911],[110.595876,20.958726]]],[[[107.516124,20.895657],[107.553233,20.972357],[107.559418,20.958726],[107.545177,20.919135],[107.497813,20.853176],[107.48463,20.821723],[107.477224,20.814521],[107.463878,20.814114],[107.481944,20.865383],[107.470714,20.883002],[107.505626,20.887397],[107.516124,20.895657]]],[[[107.745128,21.020168],[107.792817,20.992255],[107.792817,20.986029],[107.77296,20.992255],[107.778005,20.972602],[107.770763,20.957221],[107.738292,20.937649],[107.7588,20.982611],[107.737641,21.003241],[107.745128,21.020168]]],[[[107.628266,21.120185],[107.631847,21.111965],[107.595958,21.03913],[107.5796,20.98314],[107.559418,20.986029],[107.570079,20.989936],[107.566905,21.01675],[107.584158,21.0397],[107.594249,21.089057],[107.628266,21.120185]]],[[[107.815603,21.3581],[107.817068,21.348538],[107.711436,21.307563],[107.725841,21.323472],[107.783946,21.35635],[107.800304,21.362454],[107.815603,21.3581]]],[[[107.998302,21.403754],[107.998302,21.397528],[107.944184,21.368109],[107.929942,21.37641],[107.854259,21.350409],[107.841156,21.348538],[107.848155,21.370266],[107.854991,21.355943],[107.872813,21.374213],[107.826915,21.370266],[107.826915,21.37641],[107.868663,21.390082],[107.998302,21.403754]]],[[[121.560069,22.053534],[121.588878,22.023505],[121.587657,22.013861],[121.566905,22.007758],[121.53891,22.018215],[121.498302,22.048041],[121.502615,22.066555],[121.492035,22.08218],[121.56658,22.08218],[121.560069,22.053534]]],[[[123.016368,24.469794],[123.01824,24.459296],[122.998383,24.439521],[122.94752,24.439521],[122.93865,24.444241],[122.944591,24.466254],[122.955577,24.473131],[123.016368,24.469794]]],[[[131.27711,25.858385],[131.264171,25.84634],[131.252452,25.819037],[131.212087,25.829047],[131.221202,25.855699],[131.241059,25.875678],[131.255138,25.874986],[131.27711,25.858385]]],[[[129.745942,29.661038],[129.753754,29.645413],[129.743826,29.622301],[129.721039,29.606147],[129.712901,29.629299],[129.714854,29.654527],[129.745942,29.661038]]],[[[129.897419,29.846915],[129.927257,29.825873],[129.920421,29.819648],[129.863402,29.824607],[129.840185,29.849729],[129.832772,29.873078],[129.850981,29.88673],[129.888682,29.877509],[129.897419,29.846915]]],[[[126.000987,34.704413],[126.003184,34.68476],[125.976899,34.656399],[125.959727,34.656684],[125.925059,34.670966],[125.916026,34.687649],[125.922862,34.69538],[125.952403,34.705146],[125.976736,34.728258],[126.000987,34.704413]]],[[[126.007579,34.759711],[125.986501,34.766547],[125.977875,34.757148],[125.951671,34.759263],[125.938731,34.731431],[125.918142,34.718166],[125.906423,34.719306],[125.892589,34.73664],[125.893891,34.762274],[125.925059,34.780829],[125.93865,34.776516],[126.000743,34.790107],[126.007172,34.780951],[126.007579,34.759711]]],[[[126.105235,35.050035],[126.056,35.061347],[126.069102,35.102362],[126.098888,35.113267],[126.111339,35.133287],[126.129405,35.14289],[126.165212,35.1435],[126.127778,35.120551],[126.131358,35.100246],[126.144786,35.082465],[126.122813,35.06981],[126.105235,35.050035]]],[[[126.56723,37.511231],[126.583066,37.490384],[126.565766,37.479967],[126.506572,37.465568],[126.443413,37.420625],[126.420461,37.422356],[126.416278,37.434555],[126.408367,37.438537],[126.401427,37.43447],[126.399492,37.444921],[126.3832,37.437455],[126.364973,37.442291],[126.371327,37.447311],[126.355511,37.466223],[126.359342,37.47363],[126.373568,37.471643],[126.418885,37.496861],[126.47338,37.499257],[126.493709,37.507781],[126.500661,37.530185],[126.51483,37.534347],[126.56723,37.511231]]],[[[126.369151,37.687323],[126.380707,37.669176],[126.370128,37.658352],[126.349864,37.657375],[126.281993,37.699286],[126.290782,37.705634],[126.303722,37.737209],[126.319998,37.747219],[126.336681,37.709906],[126.369151,37.687323]]],[[[124.877208,38.536322],[124.903982,38.494371],[124.840831,38.510688],[124.822032,38.522366],[124.79949,38.50849],[124.790294,38.517401],[124.794444,38.533922],[124.844249,38.555162],[124.849376,38.545885],[124.877208,38.536322]]],[[[121.859386,20.347357],[121.879405,20.333441],[121.89324,20.313666],[121.8921,20.297349],[121.869314,20.27619],[121.850841,20.273424],[121.83839,20.340766],[121.841645,20.346015],[121.859386,20.347357]]],[[[111.194102,15.776109],[111.199392,15.789211],[111.20753,15.789293],[111.2046,15.779242],[111.194102,15.776109]]],[[[111.753103,16.044664],[111.761404,16.048651],[111.76588,16.045315],[111.763357,16.043443],[111.753103,16.044664]]],[[[127.811209,26.706977],[127.785655,26.702582],[127.758556,26.712877],[127.754649,26.728583],[127.809825,26.735419],[127.811209,26.706977]]],[[[128.000987,27.091742],[127.975759,27.03974],[127.952159,27.018297],[127.925792,27.009752],[127.995372,27.091742],[128.000987,27.091742]]],[[[130.242867,30.463612],[130.262144,30.447032],[130.262157,30.435024],[130.240634,30.434936],[130.231845,30.423542],[130.212468,30.420691],[130.193082,30.439563],[130.190381,30.461299],[130.173115,30.454422],[130.141766,30.489301],[130.165051,30.48989],[130.191016,30.476172],[130.202306,30.481901],[130.242867,30.463612]]],[[[109.095958,21.02204],[109.090505,21.041938],[109.099864,21.060696],[109.122732,21.065416],[109.136241,21.051011],[109.127696,21.032172],[109.095958,21.02204]]],[[[121.929698,21.064521],[121.934825,21.073228],[121.936697,21.065619],[121.929698,21.064521]]],[[[121.950694,21.122382],[121.954275,21.118394],[121.949067,21.106879],[121.947439,21.116156],[121.950694,21.122382]]],[[[121.455414,22.673814],[121.500011,22.676256],[121.496104,22.63467],[121.471446,22.641791],[121.455414,22.673814]]],[[[131.289724,25.951361],[131.3213,25.947699],[131.327891,25.937079],[131.31658,25.923082],[131.301524,25.926744],[131.290863,25.938666],[131.289724,25.951361]]],[[[127.222179,26.598944],[127.242361,26.596747],[127.244151,26.586412],[127.236827,26.579169],[127.208832,26.581977],[127.222179,26.598944]]],[[[128.454845,27.028754],[128.448578,27.020697],[128.431407,27.021674],[128.396251,27.040758],[128.396251,27.049018],[128.408702,27.050849],[128.428966,27.066474],[128.444347,27.062567],[128.454356,27.047512],[128.454845,27.028754]]],[[[128.229828,27.868964],[128.243419,27.857245],[128.241547,27.845364],[128.23227,27.852851],[128.229828,27.868964]]],[[[129.587413,29.458238],[129.598155,29.472357],[129.608084,29.469224],[129.615408,29.455227],[129.612315,29.443345],[129.59962,29.443345],[129.587413,29.458238]]],[[[129.528575,29.908922],[129.543305,29.908149],[129.554454,29.897528],[129.539887,29.889879],[129.52768,29.90233],[129.528575,29.908922]]],[[[129.945323,29.961615],[129.940929,29.953192],[129.913333,29.960902],[129.900645,29.972561],[129.912364,29.991889],[129.909028,29.999335],[129.92199,30.00473],[129.945323,29.961615]]],[[[129.428233,30.846422],[129.433849,30.84455],[129.429454,30.840888],[129.428233,30.846422]]],[[[129.958263,30.836982],[129.959809,30.828681],[129.939464,30.813422],[129.911957,30.81977],[129.903982,30.834418],[129.93214,30.851752],[129.958263,30.836982]]],[[[127.296397,34.037584],[127.322113,34.014106],[127.323497,34.005764],[127.295665,34.014106],[127.280772,34.037787],[127.28004,34.05744],[127.295665,34.061469],[127.296397,34.037584]]],[[[127.536388,34.44066],[127.528819,34.428046],[127.49464,34.414252],[127.488536,34.425482],[127.467052,34.439195],[127.469737,34.443183],[127.452159,34.45303],[127.45338,34.470608],[127.487071,34.461249],[127.509939,34.470038],[127.536388,34.44066]]],[[[127.789561,34.503974],[127.791759,34.492011],[127.771169,34.488186],[127.732188,34.50849],[127.70753,34.533881],[127.712901,34.542426],[127.748057,34.551093],[127.761078,34.543118],[127.776215,34.518785],[127.774913,34.508205],[127.789561,34.503974]]],[[[126.099376,34.605455],[126.099376,34.558661],[126.057628,34.532538],[126.035167,34.533922],[126.031586,34.539049],[126.054454,34.548896],[126.031261,34.556383],[126.036632,34.561672],[126.064952,34.563788],[126.081309,34.580756],[126.060069,34.620795],[126.067638,34.625474],[126.099376,34.605455]]],[[[126.028575,34.565863],[126.020518,34.571438],[126.016612,34.606147],[126.020193,34.625434],[126.028575,34.634223],[126.060395,34.584296],[126.057628,34.572577],[126.028575,34.565863]]],[[[125.437266,34.6883],[125.459239,34.686835],[125.412608,34.63231],[125.398774,34.631985],[125.393403,34.659654],[125.412852,34.691962],[125.429454,34.698432],[125.437266,34.6883]]],[[[126.250173,34.91885],[126.225352,34.913398],[126.222423,34.931952],[126.253184,34.933498],[126.250173,34.91885]]],[[[126.174164,35.053168],[126.181651,35.02912],[126.172374,35.023627],[126.153982,35.035712],[126.143809,35.033922],[126.132172,35.041938],[126.139415,35.046454],[126.127778,35.048163],[126.143809,35.057685],[126.174164,35.053168]]],[[[128.83839,35.001207],[128.826671,34.992377],[128.809093,35.025865],[128.804373,35.056342],[128.836436,35.059801],[128.843272,35.047187],[128.83839,35.001207]]],[[[126.253673,35.574368],[126.252452,35.587307],[126.26295,35.591783],[126.256521,35.596015],[126.277843,35.607367],[126.276134,35.61286],[126.307302,35.616645],[126.305675,35.603217],[126.263845,35.571682],[126.253673,35.574368]]],[[[126.10255,37.228664],[126.088634,37.225979],[126.091807,37.245917],[126.104747,37.267524],[126.15919,37.23192],[126.142345,37.215399],[126.121593,37.210924],[126.111664,37.214545],[126.10255,37.228664]]],[[[126.494395,37.273505],[126.498302,37.26142],[126.483165,37.25434],[126.469493,37.233466],[126.43572,37.23843],[126.435313,37.263983],[126.443533,37.273098],[126.461192,37.280585],[126.494395,37.273505]]],[[[126.616384,37.250556],[126.613536,37.232815],[126.562511,37.200385],[126.539317,37.198065],[126.550466,37.214911],[126.547374,37.227484],[126.560395,37.239325],[126.555431,37.266059],[126.542979,37.28498],[126.559418,37.278632],[126.576671,37.287665],[126.577891,37.271145],[126.608653,37.259426],[126.616384,37.250556]]],[[[125.699229,37.678127],[125.706228,37.672309],[125.703136,37.661444],[125.687836,37.65176],[125.680431,37.67829],[125.699229,37.678127]]],[[[125.337738,37.768704],[125.295746,37.727607],[125.260997,37.707424],[125.226329,37.696357],[125.220551,37.703762],[125.250173,37.731676],[125.264334,37.737209],[125.274587,37.733832],[125.27947,37.749416],[125.337738,37.768704]]],[[[125.147716,37.78559],[125.141368,37.799506],[125.166189,37.813707],[125.191417,37.815497],[125.192882,37.811103],[125.156261,37.786689],[125.147716,37.78559]]],[[[125.040782,37.834459],[125.041759,37.817288],[125.01588,37.80565],[124.997732,37.808417],[125.011974,37.821845],[125.028494,37.818834],[125.030447,37.836168],[125.040782,37.834459]]],[[[124.724457,37.843655],[124.714203,37.809556],[124.684581,37.799994],[124.673513,37.817043],[124.676524,37.824897],[124.709158,37.847561],[124.724457,37.843655]]],[[[120.757335,37.922675],[120.754568,37.896674],[120.726329,37.90884],[120.722423,37.919094],[120.727061,37.947659],[120.748383,37.938707],[120.757335,37.922675]]],[[[120.618988,37.981147],[120.625824,37.972561],[120.625662,37.958686],[120.618419,37.947008],[120.601899,37.969306],[120.606781,37.979885],[120.618988,37.981147]]],[[[120.727306,37.969428],[120.72047,37.964016],[120.700531,37.969875],[120.688243,37.985256],[120.690196,37.990627],[120.720063,37.980943],[120.727306,37.969428]]],[[[120.742686,38.187567],[120.773285,38.159735],[120.761241,38.158026],[120.746593,38.161851],[120.73878,38.175605],[120.742686,38.187567]]],[[[120.800059,38.287502],[120.807384,38.304877],[120.819835,38.313666],[120.833751,38.312567],[120.836192,38.304267],[120.800059,38.287502]]],[[[120.907563,38.385159],[120.906912,38.392564],[120.917817,38.395453],[120.924571,38.386868],[120.907563,38.385159]]],[[[123.180675,39.091946],[123.195811,39.065334],[123.195567,39.052069],[123.160655,39.029242],[123.145193,39.04328],[123.153087,39.062323],[123.164887,39.060492],[123.164724,39.066392],[123.143321,39.075832],[123.143565,39.080878],[123.168142,39.08393],[123.180675,39.091946]]],[[[124.69362,39.535079],[124.704708,39.537076],[124.707779,39.530399],[124.704845,39.508734],[124.697765,39.50259],[124.684587,39.503243],[124.681974,39.52118],[124.69362,39.535079]]],[[[124.675548,39.53852],[124.661632,39.538398],[124.644786,39.547675],[124.595876,39.537909],[124.597423,39.544582],[124.63087,39.56509],[124.691254,39.569648],[124.69809,39.562893],[124.695649,39.553778],[124.675548,39.53852]]],[[[111.599864,16.527493],[111.602875,16.533352],[111.60963,16.528266],[111.606293,16.524237],[111.599864,16.527493]]],[[[112.736827,16.660224],[112.725271,16.666205],[112.726248,16.669013],[112.736827,16.660224]]],[[[112.327159,16.829739],[112.330577,16.837633],[112.33725,16.828437],[112.333181,16.825019],[112.327159,16.829739]]],[[[112.336681,16.932115],[112.341075,16.926988],[112.340505,16.92357],[112.333669,16.926418],[112.336681,16.932115]]],[[[110.471365,20.647366],[110.475841,20.595933],[110.457286,20.586859],[110.44809,20.596259],[110.435802,20.638495],[110.417654,20.654771],[110.437022,20.667914],[110.471365,20.647366]]],[[[107.381196,20.818915],[107.380219,20.797553],[107.368907,20.807196],[107.350271,20.81094],[107.341075,20.842597],[107.381196,20.818915]]],[[[107.392345,20.88467],[107.395193,20.878567],[107.387869,20.864976],[107.367686,20.858385],[107.33253,20.883287],[107.339203,20.890367],[107.392345,20.88467]]],[[[107.842133,21.03559],[107.856293,21.033271],[107.852794,21.019924],[107.827403,20.989081],[107.817719,20.988267],[107.81658,21.005845],[107.825694,21.02497],[107.842133,21.03559]]],[[[113.267833,21.943305],[113.283702,21.91352],[113.258474,21.880439],[113.225841,21.900824],[113.22169,21.91413],[113.2317,21.934475],[113.25766,21.946601],[113.267833,21.943305]]],[[[113.775921,21.985859],[113.764477,21.966818],[113.748206,21.972788],[113.736279,21.997162],[113.771747,22.000343],[113.775921,21.985859]]],[[[114.310069,22.06859],[114.302501,22.044867],[114.222423,22.021674],[114.206716,22.025784],[114.28297,22.052558],[114.30421,22.069281],[114.310069,22.06859]]],[[[113.465994,22.101508],[113.471528,22.114081],[113.518891,22.127265],[113.532725,22.120307],[113.52711,22.106106],[113.532563,22.095364],[113.547618,22.092597],[113.53891,22.082099],[113.484711,22.071357],[113.470225,22.077623],[113.473481,22.098538],[113.465994,22.101508]]],[[[114.11085,22.177069],[114.114106,22.216132],[114.104259,22.215969],[114.1067,22.235785],[114.125743,22.213446],[114.132823,22.216132],[114.125743,22.205227],[114.154633,22.203599],[114.139089,22.191107],[114.145356,22.178697],[114.11085,22.177069]]],[[[113.623379,22.439872],[113.649595,22.438566],[113.65787,22.432023],[113.657825,22.423751],[113.653293,22.413728],[113.642422,22.411421],[113.642347,22.40019],[113.621187,22.391419],[113.612272,22.397962],[113.611816,22.43047],[113.623379,22.439872]]],[[[113.529186,22.948594],[113.54514,22.937762],[113.553599,22.911281],[113.553542,22.885811],[113.545014,22.879961],[113.523757,22.896679],[113.50996,22.921216],[113.505754,22.951609],[113.515376,22.96922],[113.52921,22.960354],[113.529186,22.948594]]],[[[120.007656,23.432594],[120.115251,23.547912],[120.12477,23.550454],[120.090301,23.499396],[120.047912,23.458085],[120.007656,23.432594]]],[[[117.005138,23.562934],[117.009288,23.554999],[117.003673,23.54621],[116.987804,23.524115],[116.970958,23.514635],[116.937266,23.526272],[116.936046,23.535549],[116.974376,23.559394],[117.005138,23.562934]]],[[[125.210785,24.836982],[125.217052,24.816596],[125.205251,24.804999],[125.168142,24.800971],[125.150645,24.804348],[125.140147,24.816392],[125.141124,24.828599],[125.157563,24.833808],[125.163585,24.854641],[125.194509,24.850287],[125.210785,24.836982]]],[[[119.534028,25.207221],[119.567556,25.204901],[119.553396,25.195258],[119.548676,25.172431],[119.542166,25.165351],[119.528982,25.165351],[119.510916,25.182318],[119.512706,25.198798],[119.503266,25.203803],[119.488943,25.196275],[119.461192,25.203315],[119.444672,25.229071],[119.470388,25.252183],[119.49171,25.2414],[119.511974,25.213446],[119.534028,25.207221]]],[[[119.343272,25.57331],[119.352061,25.552232],[119.330577,25.467353],[119.334972,25.437974],[119.296886,25.422919],[119.281586,25.463813],[119.281505,25.482896],[119.307465,25.54682],[119.331716,25.571275],[119.343272,25.57331]]],[[[119.626964,26.107896],[119.644054,26.078437],[119.638845,26.070502],[119.620372,26.064195],[119.565278,26.080471],[119.553966,26.095649],[119.57488,26.119534],[119.599376,26.128119],[119.626964,26.107896]]],[[[127.370779,26.210028],[127.361095,26.164008],[127.353526,26.153998],[127.345388,26.158271],[127.342784,26.170233],[127.346202,26.206366],[127.354177,26.21894],[127.364106,26.22134],[127.370779,26.210028]]],[[[120.318533,26.948594],[120.322195,26.962104],[120.350922,26.971177],[120.385671,26.935167],[120.35255,26.923774],[120.318533,26.948594]]],[[[121.074002,27.479484],[121.103479,27.46007],[121.103365,27.45188],[121.066487,27.454984],[121.076517,27.438498],[121.067264,27.43677],[121.046109,27.465199],[121.074002,27.479484]]],[[[121.188487,27.863715],[121.189301,27.848293],[121.173025,27.84101],[121.171235,27.818793],[121.138438,27.824856],[121.097992,27.817816],[121.096039,27.827867],[121.114024,27.844143],[121.149181,27.845771],[121.156749,27.848782],[121.153656,27.856431],[121.188487,27.863715]]],[[[121.044688,27.951972],[121.040212,27.957953],[121.045177,27.967475],[121.07016,27.982896],[121.111339,27.983791],[121.139659,27.965766],[121.139171,27.956977],[121.103282,27.946194],[121.071788,27.957261],[121.044688,27.951972]]],[[[121.843923,29.141913],[121.867361,29.11579],[121.861013,29.106838],[121.842052,29.095038],[121.814464,29.115383],[121.782725,29.124661],[121.789806,29.149848],[121.843923,29.141913]]],[[[122.304698,29.81745],[122.314708,29.783677],[122.30836,29.776272],[122.295584,29.77912],[122.251313,29.806098],[122.2317,29.836249],[122.247732,29.846096],[122.271169,29.846829],[122.312022,29.829047],[122.304698,29.81745]]],[[[121.986827,29.929877],[121.992442,29.908271],[121.974132,29.899848],[121.946137,29.903957],[121.933604,29.921332],[121.940929,29.93769],[121.959972,29.953192],[121.986827,29.929877]]],[[[122.345714,30.241929],[122.277599,30.235541],[122.323985,30.272162],[122.382579,30.277167],[122.399913,30.274604],[122.407725,30.265937],[122.408539,30.243964],[122.395844,30.239447],[122.380626,30.263739],[122.345714,30.241929]]],[[[122.529307,30.720771],[122.531098,30.704413],[122.52475,30.701809],[122.474376,30.702582],[122.460704,30.694037],[122.431977,30.697984],[122.427257,30.703925],[122.434744,30.727118],[122.429942,30.743069],[122.472911,30.717231],[122.524587,30.723578],[122.529307,30.720771]]],[[[129.928477,31.863918],[129.92921,31.826728],[129.889903,31.810736],[129.875987,31.811265],[129.85906,31.823676],[129.847423,31.843411],[129.850434,31.857408],[129.831798,31.843736],[129.820567,31.845526],[129.82309,31.863023],[129.844981,31.880601],[129.864513,31.875556],[129.909923,31.845689],[129.913422,31.867743],[129.93336,31.867825],[129.928477,31.863918]]],[[[130.243907,32.301825],[130.266449,32.287055],[130.253591,32.271633],[130.232677,32.258775],[130.210704,32.255357],[130.212901,32.276679],[130.222911,32.29206],[130.243907,32.301825]]],[[[130.452647,32.590644],[130.445811,32.552558],[130.424571,32.54682],[130.427582,32.537299],[130.40919,32.549262],[130.411388,32.573879],[130.398774,32.593166],[130.413585,32.613593],[130.41684,32.610053],[130.436534,32.620673],[130.446462,32.616604],[130.452891,32.610989],[130.446788,32.596829],[130.452647,32.590644]]],[[[128.902843,32.814154],[128.907237,32.794013],[128.882335,32.765286],[128.866466,32.76496],[128.840099,32.777574],[128.835216,32.787665],[128.83725,32.833808],[128.856944,32.830024],[128.873871,32.798733],[128.862966,32.835273],[128.868175,32.837836],[128.902843,32.814154]]],[[[128.946544,32.880194],[128.958018,32.841498],[128.944591,32.823391],[128.949392,32.813381],[128.945079,32.804348],[128.920584,32.820746],[128.920177,32.835028],[128.895763,32.856431],[128.883149,32.855943],[128.880707,32.862616],[128.89088,32.870917],[128.908946,32.866441],[128.929454,32.849799],[128.926768,32.862209],[128.937673,32.860785],[128.946544,32.880194]]],[[[129.135509,33.299872],[129.149587,33.269029],[129.127289,33.247504],[129.075043,33.259914],[129.089122,33.283271],[129.128266,33.301581],[129.135509,33.299872]]],[[[129.573416,33.49608],[129.576427,33.488349],[129.554454,33.473456],[129.526866,33.480455],[129.503184,33.4737],[129.506684,33.4831],[129.541759,33.50731],[129.551768,33.506903],[129.555919,33.493964],[129.573416,33.49608]]],[[[125.134288,34.046861],[125.092133,34.071763],[125.089692,34.079535],[125.102224,34.095933],[125.122081,34.083808],[125.136404,34.059272],[125.134288,34.046861]]],[[[126.607677,34.165595],[126.615977,34.156968],[126.613536,34.152533],[126.581798,34.157416],[126.536876,34.126451],[126.517751,34.127143],[126.507091,34.138861],[126.506358,34.153998],[126.515147,34.16885],[126.532888,34.179104],[126.548106,34.179104],[126.567882,34.168647],[126.607677,34.165595]]],[[[126.661876,34.165717],[126.679454,34.146552],[126.671886,34.142971],[126.665375,34.119086],[126.655528,34.116848],[126.638682,34.128119],[126.64503,34.177476],[126.636485,34.187161],[126.645274,34.19717],[126.670746,34.189887],[126.673106,34.180121],[126.661876,34.165717]]],[[[126.899262,34.209662],[126.924978,34.184882],[126.913585,34.15766],[126.886974,34.151353],[126.866954,34.162828],[126.853201,34.159003],[126.849132,34.174384],[126.867931,34.207465],[126.882172,34.213284],[126.899262,34.209662]]],[[[126.616222,34.213284],[126.606619,34.1883],[126.583995,34.186265],[126.588878,34.179104],[126.583832,34.175605],[126.549815,34.19123],[126.556163,34.218655],[126.562185,34.222317],[126.559744,34.234524],[126.596202,34.22602],[126.616222,34.213284]]],[[[126.088715,34.307929],[126.084646,34.283881],[126.069347,34.278998],[126.057384,34.285956],[126.049327,34.280219],[126.028656,34.28734],[126.021007,34.301093],[126.033214,34.314887],[126.082042,34.310736],[126.088715,34.307929]]],[[[126.858897,34.312201],[126.840587,34.303371],[126.820567,34.325629],[126.788748,34.32095],[126.757579,34.336127],[126.785899,34.343248],[126.802908,34.33869],[126.837657,34.353746],[126.893321,34.341254],[126.876801,34.312242],[126.858897,34.312201]]],[[[127.077403,34.35932],[127.096934,34.337795],[127.090831,34.336737],[127.065278,34.339789],[127.073985,34.334174],[127.038829,34.312893],[127.037852,34.321723],[127.049164,34.331448],[127.045584,34.335435],[127.023692,34.339179],[127.024262,34.348212],[127.017589,34.351549],[126.991466,34.356269],[127.007009,34.362616],[127.025401,34.381334],[127.045909,34.357652],[127.077403,34.35932]]],[[[126.767263,34.380032],[126.753184,34.386949],[126.782481,34.426744],[126.823009,34.439846],[126.83546,34.438056],[126.840994,34.425482],[126.836599,34.418647],[126.853526,34.406887],[126.861095,34.392768],[126.824718,34.395209],[126.793305,34.378892],[126.775727,34.354722],[126.769216,34.360989],[126.767263,34.380032]]],[[[128.29713,34.637315],[128.281749,34.619859],[128.258067,34.6199],[128.236257,34.61046],[128.237804,34.625759],[128.225271,34.632839],[128.22877,34.647854],[128.239513,34.652411],[128.271169,34.638495],[128.271251,34.63231],[128.29713,34.637315]]],[[[128.38583,34.820125],[128.428226,34.827448],[128.437997,34.819572],[128.438976,34.793903],[128.434636,34.787882],[128.420597,34.789236],[128.437332,34.779809],[128.423083,34.763253],[128.406534,34.763098],[128.395363,34.77854],[128.38699,34.778804],[128.386206,34.791917],[128.368702,34.796537],[128.380089,34.810404],[128.352395,34.821804],[128.334192,34.819132],[128.332049,34.825702],[128.351831,34.835422],[128.38583,34.820125]]],[[[128.239919,34.836168],[128.260509,34.814643],[128.240733,34.807074],[128.238455,34.796942],[128.205821,34.815619],[128.213878,34.830227],[128.227306,34.838568],[128.239919,34.836168]]],[[[126.35963,34.858588],[126.361664,34.837388],[126.342052,34.822496],[126.331309,34.825832],[126.338227,34.841457],[126.306163,34.855902],[126.248709,34.844713],[126.230724,34.85456],[126.272309,34.866767],[126.280121,34.877509],[126.292654,34.880683],[126.297618,34.894232],[126.286469,34.912909],[126.297374,34.917548],[126.33253,34.906724],[126.345225,34.896226],[126.343923,34.890326],[126.319998,34.88109],[126.320079,34.865871],[126.35963,34.858588]]],[[[126.236095,35.051947],[126.184825,35.06269],[126.169444,35.073676],[126.158702,35.094224],[126.177501,35.10578],[126.198578,35.097113],[126.216645,35.103664],[126.224946,35.096747],[126.236013,35.098375],[126.238536,35.091864],[126.222423,35.085639],[126.218516,35.076606],[126.255138,35.056383],[126.264985,35.034247],[126.261078,35.024563],[126.238048,35.032416],[126.236095,35.051947]]],[[[124.602061,39.427395],[124.592865,39.446804],[124.612559,39.457139],[124.61907,39.43301],[124.602061,39.427395]]],[[[124.211533,39.795573],[124.220994,39.818974],[124.230017,39.821172],[124.242751,39.804633],[124.223189,39.791557],[124.211533,39.795573]]],[[[123.606293,25.739],[123.600434,25.739366],[123.602794,25.745469],[123.606293,25.739]]],[[[123.593028,25.744371],[123.588634,25.751532],[123.594249,25.752794],[123.593028,25.744371]]],[[[123.558197,25.75434],[123.555593,25.757554],[123.559906,25.756822],[123.558197,25.75434]]],[[[123.545339,25.761786],[123.511485,25.758083],[123.513927,25.76911],[123.531423,25.773342],[123.545339,25.761786]]],[[[123.620453,25.773586],[123.618012,25.774482],[123.620453,25.774482],[123.620453,25.773586]]],[[[123.59547,25.797268],[123.592377,25.797431],[123.595307,25.801907],[123.59547,25.797268]]],[[[124.568858,25.896226],[124.565278,25.895738],[124.566824,25.898424],[124.568858,25.896226]]],[[[123.672048,25.927476],[123.671723,25.929755],[123.673025,25.928697],[123.672048,25.927476]]],[[[123.672699,25.926825],[123.67921,25.930772],[123.685802,25.922797],[123.675873,25.918158],[123.672699,25.926825]]]]}},{"type":"Feature","properties":{},"geometry":{"type":"MultiPolygon","coordinates":[[[[112.654552,21.698472],[112.63795,21.664455],[112.650401,21.640448],[112.62379,21.633287],[112.616466,21.619208],[112.607188,21.616034],[112.579926,21.615546],[112.555919,21.62344],[112.534923,21.595526],[112.519298,21.606676],[112.524262,21.626899],[112.559825,21.648383],[112.567882,21.660631],[112.555919,21.678127],[112.645356,21.712836],[112.654552,21.698472]]],[[[113.602875,22.772447],[113.602794,22.762641],[113.594574,22.75609],[113.558279,22.75788],[113.544607,22.768785],[113.528575,22.802151],[113.521169,22.787909],[113.506114,22.798041],[113.480805,22.849311],[113.473969,22.849311],[113.473155,22.825385],[113.455903,22.830756],[113.40211,22.88288],[113.396169,22.898098],[113.405121,22.908108],[113.432953,22.912014],[113.475597,22.900702],[113.527029,22.846625],[113.546723,22.834866],[113.573009,22.830064],[113.602875,22.772447]]],[[[129.783214,31.799628],[129.799571,31.745429],[129.776134,31.729478],[129.74171,31.676174],[129.72934,31.644232],[129.695977,31.621447],[129.659374,31.641935],[129.655381,31.659785],[129.676298,31.666966],[129.690603,31.700198],[129.716645,31.730373],[129.753591,31.743801],[129.767751,31.759345],[129.783214,31.799628]]],[[[124.926741,39.604786],[124.909674,39.593554],[124.933609,39.550543],[124.883182,39.52747],[124.861664,39.507636],[124.818563,39.495444],[124.836927,39.520939],[124.849816,39.516534],[124.85697,39.527899],[124.842773,39.538426],[124.856588,39.544228],[124.854475,39.573754],[124.870522,39.580934],[124.869706,39.595657],[124.881769,39.603869],[124.880471,39.612455],[124.899193,39.614124],[124.926741,39.604786]]],[[[94.823253,15.945787],[94.841563,15.877427],[94.803722,15.796576],[94.777843,15.791571],[94.724864,15.811957],[94.724864,15.818793],[94.759288,15.85224],[94.806814,15.931098],[94.823253,15.945787]]],[[[106.845551,20.866034],[106.881602,20.821519],[106.886485,20.796129],[106.873546,20.789537],[106.847504,20.797309],[106.82252,20.853502],[106.819591,20.876776],[106.812673,20.85932],[106.819591,20.842027],[106.770681,20.858588],[106.765636,20.876776],[106.785411,20.930813],[106.824555,20.915188],[106.835948,20.902411],[106.845551,20.866034]]],[[[107.546397,21.034898],[107.55836,21.034735],[107.528819,20.950914],[107.511729,20.923977],[107.481456,20.912543],[107.39503,20.897284],[107.39503,20.90351],[107.451182,20.929999],[107.49171,20.964911],[107.492442,20.991441],[107.504731,21.020168],[107.519786,21.013373],[107.532725,21.040595],[107.532725,21.020168],[107.546397,21.034898]]],[[[118.09254,24.55622],[118.163097,24.531968],[118.181407,24.535102],[118.189301,24.503079],[118.180837,24.483466],[118.16391,24.47191],[118.153819,24.437079],[118.136485,24.429267],[118.092052,24.438463],[118.069998,24.460273],[118.072032,24.467475],[118.103038,24.479885],[118.106212,24.494127],[118.082286,24.482327],[118.074718,24.483954],[118.072032,24.49787],[118.09254,24.55622]]],[[[129.325531,28.123481],[129.347341,28.10692],[129.350434,28.086493],[129.323985,28.078599],[129.300792,28.100531],[129.279145,28.077094],[129.263031,28.099107],[129.221446,28.099107],[129.214122,28.140082],[129.180837,28.190253],[129.227712,28.195258],[129.221528,28.176011],[129.232595,28.170722],[129.269298,28.174872],[129.250499,28.151028],[129.251801,28.143785],[129.296641,28.119574],[129.325531,28.123481]]],[[[122.177013,29.696845],[122.18686,29.673407],[122.162934,29.654527],[122.16977,29.675035],[122.149425,29.66885],[122.149425,29.68183],[122.127452,29.669013],[122.121104,29.691718],[122.092784,29.725775],[122.04005,29.716376],[122.032888,29.730943],[122.039317,29.747545],[122.068207,29.779527],[122.114757,29.78852],[122.12379,29.770901],[122.122081,29.7508],[122.177013,29.696845]]],[[[122.408051,29.899848],[122.382823,29.864732],[122.394054,29.847886],[122.395193,29.833319],[122.377208,29.838935],[122.357107,29.861721],[122.369151,29.883612],[122.367361,29.895901],[122.325206,29.927883],[122.322032,29.948432],[122.330089,29.958238],[122.341807,29.963039],[122.346446,29.949408],[122.359141,29.946275],[122.406749,29.952704],[122.407481,29.930609],[122.395193,29.922065],[122.409679,29.9112],[122.408051,29.899848]]],[[[127.792491,34.682359],[127.808767,34.655829],[127.818126,34.616156],[127.807872,34.588202],[127.786632,34.579006],[127.740001,34.613674],[127.73585,34.62523],[127.741873,34.643622],[127.768321,34.666083],[127.77589,34.691474],[127.760753,34.704739],[127.762543,34.712836],[127.785899,34.718166],[127.796641,34.714179],[127.7942,34.693793],[127.782074,34.684556],[127.792491,34.682359]]],[[[128.747406,34.857123],[128.734141,34.837551],[128.720551,34.842271],[128.74171,34.790717],[128.716563,34.793199],[128.686371,34.808092],[128.680186,34.786566],[128.662852,34.769965],[128.657237,34.756985],[128.693858,34.736151],[128.678233,34.72484],[128.583995,34.705146],[128.618175,34.725572],[128.598643,34.739976],[128.604503,34.766547],[128.573497,34.753485],[128.564301,34.758734],[128.560395,34.781806],[128.591563,34.791205],[128.604503,34.835435],[128.590831,34.842271],[128.580577,34.831855],[128.528819,34.808092],[128.491547,34.849921],[128.488455,34.868964],[128.494884,34.880439],[128.523285,34.899156],[128.573741,34.910061],[128.645518,34.890692],[128.645518,34.896918],[128.626964,34.906928],[128.616384,34.921861],[128.610606,34.954901],[128.62379,34.953559],[128.693858,34.986274],[128.681895,35.004625],[128.687511,35.022854],[128.702891,35.032945],[128.720551,35.027248],[128.724946,35.018948],[128.719249,34.966295],[128.734386,34.935452],[128.730154,34.910386],[128.714366,34.87641],[128.744314,34.887763],[128.747406,34.857123]]],[[[130.920665,37.53559],[130.919444,37.510199],[130.896739,37.463121],[130.877696,37.455512],[130.852224,37.459459],[130.811046,37.487006],[130.805837,37.507392],[130.814301,37.52261],[130.832286,37.532131],[130.903575,37.545844],[130.920665,37.53559]]],[[[124.743663,37.969672],[124.742035,37.955024],[124.728201,37.947008],[124.708751,37.956285],[124.677989,37.952541],[124.678396,37.942043],[124.705333,37.932685],[124.684906,37.919989],[124.644054,37.924506],[124.613617,37.945054],[124.624034,37.980455],[124.649425,37.973293],[124.704926,37.988674],[124.732677,37.980455],[124.743663,37.969672]]],[[[121.210948,19.176703],[121.229828,19.159247],[121.258962,19.045722],[121.244965,19.018459],[121.196788,19.065497],[121.190278,19.087348],[121.210948,19.176703]]],[[[122.019298,20.486477],[122.032725,20.473456],[122.0324,20.464057],[121.963715,20.406643],[121.973888,20.379299],[121.971202,20.368476],[121.958018,20.354967],[121.938975,20.3487],[121.92213,20.354153],[121.916026,20.375922],[121.922374,20.393297],[121.965994,20.460639],[121.997895,20.483873],[122.019298,20.486477]]],[[[121.867686,20.744289],[121.851736,20.718573],[121.829845,20.698961],[121.803396,20.691148],[121.786388,20.70307],[121.791189,20.730048],[121.805431,20.758979],[121.837657,20.820258],[121.855805,20.838324],[121.865977,20.838202],[121.879242,20.814032],[121.879893,20.784491],[121.867686,20.744289]]],[[[119.665782,23.57331],[119.668468,23.548814],[119.640636,23.563544],[119.609711,23.551947],[119.600108,23.528388],[119.582367,23.518948],[119.563975,23.516588],[119.545584,23.523098],[119.52711,23.539984],[119.531993,23.548814],[119.542166,23.537584],[119.557384,23.534613],[119.587169,23.548814],[119.559255,23.569322],[119.552419,23.562486],[119.552419,23.590399],[119.567231,23.588528],[119.613129,23.610297],[119.606293,23.590399],[119.641856,23.594062],[119.64796,23.603461],[119.665782,23.57331]]],[[[119.489431,23.639635],[119.501313,23.650377],[119.517345,23.6376],[119.501231,23.619818],[119.490733,23.590399],[119.49171,23.571031],[119.442393,23.562486],[119.449474,23.574123],[119.474457,23.579739],[119.489431,23.639635]]],[[[119.569347,23.639716],[119.545258,23.664944],[119.566417,23.679185],[119.591075,23.66352],[119.596202,23.653266],[119.586925,23.645006],[119.590668,23.632799],[119.585134,23.624742],[119.576834,23.622504],[119.569347,23.639716]]],[[[114.196788,22.291856],[114.23585,22.277818],[114.251475,22.25906],[114.245291,22.241889],[114.256114,22.203599],[114.243663,22.20128],[114.232758,22.211493],[114.229503,22.233588],[114.222667,22.238837],[114.216807,22.23432],[114.222667,22.23253],[114.222667,22.224758],[114.211762,22.216132],[114.219493,22.191881],[114.207693,22.189561],[114.209321,22.207546],[114.206554,22.212388],[114.191417,22.209947],[114.193696,22.225531],[114.182709,22.23253],[114.183849,22.241034],[114.164887,22.227851],[114.160981,22.240383],[114.12908,22.248887],[114.112559,22.271511],[114.115652,22.279364],[114.139089,22.288723],[114.178884,22.279364],[114.196788,22.291856]]],[[[126.76588,34.303046],[126.768077,34.289211],[126.74171,34.298245],[126.7317,34.289374],[126.688975,34.301093],[126.69809,34.313422],[126.695649,34.320787],[126.663585,34.323432],[126.644867,34.337104],[126.640961,34.360338],[126.645763,34.385565],[126.653656,34.395209],[126.670177,34.40058],[126.687755,34.402045],[126.709972,34.39289],[126.721853,34.381293],[126.745616,34.324205],[126.76588,34.303046]]],[[[118.648672,39.055851],[118.648736,39.044651],[118.594321,38.972197],[118.514308,38.919445],[118.502699,38.919028],[118.480276,38.93482],[118.4909,38.943187],[118.470698,38.970551],[118.469477,39.006319],[118.478483,39.042858],[118.488193,39.050492],[118.526381,39.046694],[118.559718,39.003125],[118.577812,39.008619],[118.628711,39.048554],[118.614637,39.067649],[118.632743,39.074581],[118.648672,39.055851]]]]}},{"type":"Feature","properties":{},"geometry":{"type":"MultiPolygon","coordinates":[[[[128.337657,26.796942],[128.329845,26.780341],[128.337657,26.764309],[128.309744,26.721177],[128.308116,26.700873],[128.296641,26.701321],[128.264415,26.652411],[128.243337,26.633287],[128.158865,26.618801],[128.132091,26.581244],[128.145763,26.573432],[128.138357,26.554023],[128.090343,26.54267],[128.055919,26.550482],[127.984141,26.478461],[127.950938,26.466702],[127.947276,26.451158],[127.870616,26.447414],[127.851736,26.44123],[127.838878,26.425238],[127.864757,26.40648],[127.878266,26.351874],[127.919932,26.309638],[127.901866,26.304999],[127.840831,26.32392],[127.828298,26.31623],[127.771007,26.216498],[127.768403,26.197659],[127.775401,26.185126],[127.823578,26.186754],[127.796886,26.139716],[127.775727,26.121772],[127.754893,26.125312],[127.725352,26.089586],[127.710134,26.084377],[127.651703,26.084377],[127.657074,26.121772],[127.635916,26.191352],[127.638194,26.214748],[127.658458,26.212348],[127.677745,26.230618],[127.700206,26.276109],[127.718272,26.274075],[127.731293,26.289374],[127.741873,26.320543],[127.724376,26.385443],[127.722504,26.429918],[127.731293,26.439887],[127.805186,26.447577],[127.830577,26.48843],[127.937511,26.532131],[127.960216,26.564114],[127.962413,26.581977],[127.955903,26.594794],[127.894298,26.60928],[127.88559,26.620185],[127.878266,26.694525],[127.987315,26.692939],[128.001231,26.680243],[127.988536,26.652981],[127.995616,26.639228],[128.014903,26.634833],[128.057384,26.644761],[128.111095,26.674018],[128.103282,26.69123],[128.111339,26.703437],[128.152354,26.731513],[128.161957,26.757148],[128.176117,26.762519],[128.187999,26.780504],[128.225922,26.800971],[128.254405,26.864407],[128.255056,26.886298],[128.331391,26.813422],[128.337657,26.796942]]],[[[129.711436,28.455634],[129.72169,28.444037],[129.715994,28.429145],[129.693858,28.428697],[129.619314,28.400784],[129.611176,28.383124],[129.581554,28.370673],[129.553966,28.328437],[129.533458,28.318834],[129.498871,28.287502],[129.487315,28.282538],[129.447439,28.29092],[129.454845,28.277248],[129.447765,28.266303],[129.420177,28.249945],[129.467947,28.215766],[129.406505,28.184475],[129.401541,28.163316],[129.371104,28.167222],[129.351817,28.160549],[129.374522,28.140041],[129.375987,28.119574],[129.286632,28.177924],[129.280284,28.190497],[129.280772,28.218573],[129.269298,28.229438],[129.256358,28.214667],[129.242442,28.214301],[129.207856,28.229438],[129.158946,28.240627],[129.145763,28.249945],[129.145763,28.256171],[129.162852,28.262641],[129.180512,28.256171],[129.208832,28.264228],[129.270844,28.255357],[129.290375,28.284084],[129.253673,28.284573],[129.239513,28.290351],[129.227712,28.304592],[129.263927,28.328843],[129.295665,28.336371],[129.331309,28.366034],[129.380626,28.366767],[129.399587,28.371731],[129.413341,28.393297],[129.432302,28.386908],[129.450938,28.392035],[129.475352,28.421291],[129.482432,28.411038],[129.516368,28.393297],[129.533458,28.430487],[129.560802,28.451117],[129.626231,28.482733],[129.613943,28.447984],[129.616466,28.438544],[129.632498,28.434882],[129.644054,28.439765],[129.67335,28.482733],[129.667247,28.502997],[129.673106,28.509833],[129.687755,28.508979],[129.698009,28.494859],[129.711436,28.455634]]],[[[121.918966,31.578463],[121.980086,31.540296],[121.986598,31.503897],[121.977851,31.477771],[121.851374,31.439179],[121.817326,31.44665],[121.68463,31.506807],[121.571544,31.529364],[121.517456,31.568392],[121.404614,31.613715],[121.375523,31.634134],[121.314464,31.655585],[121.285899,31.704047],[121.224511,31.737667],[121.176288,31.784323],[121.181443,31.79598],[121.219301,31.829473],[121.264065,31.841077],[121.386133,31.811736],[121.475304,31.77077],[121.663223,31.652352],[121.721227,31.630313],[121.844075,31.607947],[121.918966,31.578463]]],[[[126.953624,33.465033],[126.932384,33.451321],[126.93922,33.430854],[126.925548,33.413153],[126.87353,33.373046],[126.840587,33.310207],[126.780141,33.30555],[126.741793,33.280208],[126.640723,33.264666],[126.606919,33.24061],[126.565527,33.232908],[126.521209,33.236618],[126.470562,33.228714],[126.428458,33.239309],[126.333427,33.238169],[126.30379,33.226559],[126.286143,33.200385],[126.27003,33.197577],[126.253917,33.204047],[126.231151,33.234923],[126.200824,33.243552],[126.171397,33.269355],[126.161143,33.300767],[126.195811,33.366685],[126.240977,33.392768],[126.270661,33.435874],[126.297949,33.441715],[126.310567,33.464476],[126.45938,33.502381],[126.484935,33.520758],[126.582434,33.529284],[126.648798,33.553426],[126.664692,33.549676],[126.79236,33.563797],[126.823366,33.55944],[126.849946,33.53498],[126.898204,33.518988],[126.912852,33.506578],[126.932384,33.464911],[126.946056,33.478013],[126.953624,33.465033]]]]}},{"type":"Feature","properties":{},"geometry":{"type":"MultiPolygon","coordinates":[[[[111.016368,19.678046],[111.034679,19.642239],[111.020356,19.635972],[110.993337,19.643012],[110.965831,19.635972],[110.876475,19.539781],[110.858653,19.534817],[110.842784,19.539944],[110.821788,19.567776],[110.818533,19.591051],[110.825694,19.603258],[110.862641,19.60871],[110.847667,19.622463],[110.826427,19.621772],[110.806326,19.612738],[110.794444,19.601264],[110.821788,19.554104],[110.802501,19.517401],[110.796235,19.484605],[110.772309,19.461656],[110.760265,19.457913],[110.764496,19.440823],[110.757579,19.430894],[110.732432,19.416938],[110.698253,19.416938],[110.685802,19.393052],[110.669688,19.381741],[110.677908,19.334377],[110.666026,19.31977],[110.641368,19.312445],[110.621593,19.230658],[110.580333,19.155178],[110.568614,19.163072],[110.544444,19.150051],[110.510102,19.150051],[110.479177,19.169257],[110.507335,19.132229],[110.524181,19.128323],[110.546235,19.139879],[110.556814,19.120022],[110.554942,19.087348],[110.57545,19.150051],[110.582286,19.150051],[110.563243,19.05565],[110.530772,19.018378],[110.518077,18.993476],[110.507091,18.930325],[110.513357,18.906399],[110.509125,18.897773],[110.490896,18.895657],[110.483897,18.887193],[110.465587,18.881903],[110.458751,18.848334],[110.434581,18.83039],[110.431488,18.821479],[110.445079,18.803656],[110.465017,18.804511],[110.492849,18.793118],[110.502452,18.811225],[110.493663,18.876044],[110.503429,18.881903],[110.534434,18.785631],[110.498546,18.781643],[110.492849,18.77204],[110.469005,18.777167],[110.450369,18.756537],[110.424571,18.703762],[110.431,18.69245],[110.426768,18.680894],[110.403494,18.662787],[110.388682,18.675035],[110.344493,18.664618],[110.335216,18.673326],[110.345388,18.680854],[110.410899,18.690131],[110.403494,18.703762],[110.380138,18.690497],[110.327322,18.679348],[110.307872,18.662787],[110.270844,18.668158],[110.227224,18.642157],[110.121104,18.555813],[110.103282,18.539374],[110.088145,18.50434],[110.070649,18.502021],[110.03419,18.511949],[110.046153,18.495917],[110.074067,18.489081],[110.08253,18.477769],[110.068207,18.408922],[110.061371,18.408922],[110.06072,18.429592],[110.053233,18.440619],[110.044607,18.440131],[110.040294,18.425971],[110.052582,18.390204],[110.040294,18.38227],[109.995128,18.38231],[109.968598,18.389838],[109.968598,18.405504],[110.000336,18.403022],[110.013682,18.408922],[110.023448,18.429389],[110.020518,18.450507],[110.006196,18.429389],[109.992524,18.443061],[109.992524,18.429389],[109.981944,18.435492],[109.96518,18.416327],[109.898285,18.414252],[109.83546,18.38227],[109.825206,18.385891],[109.814464,18.402086],[109.795665,18.405178],[109.746104,18.395901],[109.750011,18.373603],[109.726573,18.303778],[109.731781,18.273017],[109.717784,18.273098],[109.7046,18.292222],[109.670421,18.273017],[109.670421,18.26557],[109.739268,18.258734],[109.741466,18.2508],[109.728038,18.224677],[109.708751,18.207221],[109.690684,18.209174],[109.677257,18.245063],[109.62908,18.227362],[109.60613,18.208889],[109.603526,18.198798],[109.615733,18.176174],[109.587657,18.181586],[109.561209,18.169338],[109.568044,18.193183],[109.547618,18.220852],[109.561209,18.23078],[109.566254,18.242987],[109.561209,18.258734],[109.529552,18.227688],[109.533946,18.210354],[109.510753,18.213609],[109.478689,18.192694],[109.465017,18.204088],[109.492686,18.228095],[109.509613,18.23078],[109.506521,18.252753],[109.500173,18.259508],[109.492931,18.245063],[109.480724,18.264797],[109.439952,18.288967],[109.333507,18.304267],[109.21811,18.30565],[109.162608,18.287828],[109.149669,18.299709],[109.139496,18.340725],[109.129161,18.34748],[109.135997,18.361151],[109.122081,18.358222],[109.091645,18.368598],[108.990896,18.36872],[108.95281,18.402289],[108.885916,18.426663],[108.868663,18.443834],[108.795584,18.486558],[108.755138,18.496975],[108.710704,18.499661],[108.684906,18.515204],[108.674083,18.554836],[108.690929,18.604722],[108.697113,18.683295],[108.693614,18.719875],[108.668142,18.788642],[108.627452,18.835883],[108.623871,18.849189],[108.653819,18.921047],[108.656261,18.943996],[108.650401,18.973578],[108.642589,18.982815],[108.642589,19.018459],[108.615245,19.10163],[108.644298,19.124172],[108.663097,19.156236],[108.683442,19.150051],[108.683442,19.156236],[108.671886,19.173],[108.66391,19.209621],[108.622081,19.217719],[108.621755,19.228095],[108.63795,19.248969],[108.626964,19.27497],[108.631684,19.286282],[108.649425,19.299628],[108.644786,19.31037],[108.662608,19.309719],[108.66684,19.325181],[108.677257,19.327582],[108.669281,19.343736],[108.686534,19.377875],[108.729177,19.377997],[108.76295,19.388983],[108.790294,19.423163],[108.827485,19.444241],[108.869802,19.457913],[108.903331,19.493354],[108.92449,19.506252],[108.937348,19.492011],[108.944835,19.492011],[108.940766,19.514106],[108.992686,19.567776],[109.008474,19.597073],[109.078868,19.612738],[109.133556,19.643378],[109.156505,19.649644],[109.192068,19.678453],[109.205821,19.698432],[109.204926,19.718573],[109.211192,19.724799],[109.258962,19.731635],[109.307384,19.711127],[109.274669,19.757229],[109.2942,19.759508],[109.286794,19.773179],[109.300466,19.776842],[109.307384,19.786851],[109.273204,19.793647],[109.235606,19.762356],[109.163341,19.724799],[109.16684,19.805487],[109.19752,19.827826],[109.211192,19.848293],[109.248709,19.868842],[109.255138,19.898342],[109.28004,19.902899],[109.303722,19.921698],[109.311371,19.919501],[109.31422,19.899848],[109.3213,19.892035],[109.368826,19.889309],[109.412608,19.861396],[109.443614,19.872992],[109.455333,19.864936],[109.465017,19.834052],[109.527029,19.861965],[109.53297,19.852607],[109.581716,19.855699],[109.581716,19.861965],[109.520193,19.882473],[109.515636,19.905219],[109.525401,19.911851],[109.554454,19.910346],[109.557465,19.917304],[109.544607,19.933336],[109.537364,19.924465],[109.530935,19.930121],[109.527029,19.951361],[109.595714,19.99315],[109.626313,19.997952],[109.642589,19.992336],[109.668142,20.006903],[109.719005,20.010647],[109.728363,19.99787],[109.7199,19.985297],[109.725597,19.971829],[109.71811,19.957506],[109.725597,19.957506],[109.737559,19.978095],[109.763682,19.974351],[109.807628,19.951361],[109.815929,19.991197],[109.835134,19.973334],[109.83546,19.930854],[109.870372,19.953355],[109.883311,19.984849],[109.914806,19.99022],[109.926606,19.98432],[109.934581,19.992336],[109.942638,19.990912],[109.944672,19.978664],[109.972423,19.948188],[109.975597,19.932278],[109.951508,19.930854],[109.959972,19.917792],[109.990082,19.905951],[110.006196,19.910346],[110.006196,19.916571],[109.992198,19.92536],[110.014659,19.940863],[110.013682,19.957506],[110.068207,19.978664],[110.10255,19.973944],[110.109874,19.964993],[110.122732,19.974311],[110.149587,20.006578],[110.115489,19.984849],[110.068207,19.984849],[110.129731,20.012763],[110.156993,20.067369],[110.260997,20.033149],[110.295177,20.039374],[110.324962,20.061225],[110.344737,20.058051],[110.358897,20.049791],[110.37672,20.026435],[110.368175,20.007799],[110.397227,19.978664],[110.410899,19.923407],[110.417735,19.923407],[110.410899,19.93769],[110.417735,19.951361],[110.409434,19.980048],[110.390636,19.993069],[110.382986,20.012763],[110.375011,20.063625],[110.382986,20.081041],[110.424571,20.047512],[110.431163,20.050605],[110.495942,20.023505],[110.527599,20.020209],[110.520763,20.006578],[110.550548,19.988471],[110.564138,19.984524],[110.57545,19.999172],[110.605805,19.923163],[110.62322,19.940741],[110.617849,19.963935],[110.62322,19.971829],[110.609141,19.989895],[110.600922,20.021064],[110.570811,20.030666],[110.572032,20.057522],[110.566173,20.069525],[110.59311,20.107327],[110.640147,20.108344],[110.652029,20.117011],[110.677908,20.16356],[110.710948,20.075181],[110.752778,20.047512],[110.788341,20.010403],[110.869884,19.997016],[110.896332,20.004584],[110.904307,19.999172],[110.920665,20.01203],[110.934581,19.995063],[110.977061,19.865871],[111.000011,19.721666],[110.994395,19.694281],[110.996593,19.686591],[111.016368,19.678046]]],[[[121.926768,24.96662],[121.823497,24.854926],[121.808849,24.805162],[121.807791,24.753119],[121.820323,24.699652],[121.814952,24.644355],[121.827973,24.622789],[121.852712,24.608873],[121.881847,24.60399],[121.881847,24.597805],[121.857758,24.597846],[121.840831,24.590318],[121.855968,24.550523],[121.852794,24.530992],[121.830089,24.519232],[121.840017,24.48135],[121.806814,24.460639],[121.78004,24.432685],[121.780772,24.39761],[121.758556,24.332343],[121.772716,24.309231],[121.703868,24.238349],[121.697765,24.21898],[121.662852,24.193101],[121.641287,24.129869],[121.607432,24.07685],[121.608165,24.060492],[121.628917,24.02619],[121.629161,24.01496],[121.611095,23.982489],[121.594493,23.891506],[121.570323,23.832099],[121.539806,23.692816],[121.521495,23.658677],[121.462169,23.343004],[121.426768,23.293118],[121.408865,23.254584],[121.400076,23.145494],[121.381602,23.110663],[121.347423,23.083319],[121.318858,23.025539],[121.299571,22.959174],[121.255626,22.897773],[121.190278,22.843166],[121.190278,22.802151],[121.177419,22.778632],[121.141449,22.741767],[121.080251,22.704088],[121.029063,22.657538],[120.991222,22.583075],[120.948253,22.526801],[120.922862,22.42475],[120.886567,22.365953],[120.881358,22.345933],[120.875011,22.289252],[120.879242,22.055813],[120.863617,22.008938],[120.835704,21.98725],[120.840343,21.904608],[120.82309,21.928616],[120.767426,21.959296],[120.737315,21.966132],[120.736095,21.942816],[120.727306,21.934475],[120.714366,21.937486],[120.700369,21.948432],[120.704356,21.981391],[120.681651,22.022528],[120.68336,22.079047],[120.696951,22.113227],[120.621267,22.295071],[120.593923,22.329169],[120.569672,22.373847],[120.518077,22.406968],[120.511974,22.42475],[120.457205,22.451606],[120.413259,22.482327],[120.38087,22.483873],[120.331228,22.519721],[120.285167,22.580064],[120.333669,22.525946],[120.327973,22.551703],[120.313487,22.577053],[120.258962,22.62759],[120.239594,22.659084],[120.252126,22.689643],[120.246349,22.709906],[120.199962,22.792467],[120.196462,22.81859],[120.203461,22.839667],[120.175548,22.884101],[120.163829,22.953843],[120.1421,22.980292],[120.160167,22.992133],[120.170258,23.013373],[120.166189,23.031724],[120.1421,23.034898],[120.12672,23.007148],[120.114106,23.007636],[120.107921,23.04857],[120.092459,23.054755],[120.076671,23.037421],[120.066254,23.034898],[120.055186,23.043687],[120.052419,23.055813],[120.059418,23.075873],[120.096446,23.086412],[120.100434,23.096991],[120.059418,23.110663],[120.059418,23.117499],[120.089203,23.117743],[120.059418,23.151028],[120.062022,23.165025],[120.081879,23.173163],[120.086925,23.182034],[120.078624,23.206977],[120.096098,23.239491],[120.096039,23.255357],[120.108897,23.286689],[120.124685,23.294989],[120.110494,23.303699],[120.116527,23.317897],[120.148936,23.322252],[120.145763,23.333319],[120.137341,23.327734],[120.120942,23.329739],[120.120779,23.341254],[120.130149,23.36096],[120.164577,23.361711],[120.134776,23.426256],[120.1421,23.445787],[120.130544,23.450995],[120.157544,23.491476],[120.125029,23.489611],[120.124262,23.520021],[120.141689,23.537947],[120.143609,23.638036],[120.15423,23.672212],[120.170805,23.698902],[120.184418,23.76439],[120.219493,23.817939],[120.240733,23.832831],[120.257498,23.878404],[120.292247,23.911933],[120.350352,24.038072],[120.385509,24.063056],[120.392345,24.082913],[120.411876,24.09691],[120.422048,24.152167],[120.493175,24.230658],[120.511974,24.295559],[120.547374,24.351549],[120.558116,24.385891],[120.648936,24.483873],[120.659353,24.520697],[120.702159,24.607001],[120.727875,24.613918],[120.74464,24.638821],[120.778087,24.665717],[120.799327,24.670803],[120.826671,24.666083],[120.823009,24.685045],[120.847504,24.710842],[120.857677,24.737006],[120.871349,24.743232],[120.90919,24.816881],[120.902354,24.836819],[120.920584,24.861396],[120.926036,24.884711],[120.953624,24.905015],[120.963878,24.940416],[121.005544,25.000678],[121.059337,25.050238],[121.129405,25.071112],[121.176931,25.100043],[121.210948,25.111151],[121.330251,25.130683],[121.378754,25.157945],[121.412283,25.155463],[121.430024,25.131578],[121.443207,25.13642],[121.429454,25.155992],[121.395763,25.182807],[121.399099,25.192125],[121.41627,25.203599],[121.43629,25.241441],[121.461274,25.261908],[121.497813,25.278754],[121.539724,25.287421],[121.580821,25.283026],[121.597911,25.27143],[121.649669,25.197089],[121.684418,25.200507],[121.676443,25.179389],[121.703868,25.156887],[121.892833,25.113674],[121.905121,25.106594],[121.897227,25.083889],[121.899913,25.065985],[121.9192,25.02204],[121.96754,25.021064],[121.997732,25.010688],[122.005382,25.001899],[121.926768,24.96662]]]]}},{"type":"Feature","properties":{},"geometry":{"type":"MultiPolygon","coordinates":[[[[109.129812,15.390204],[109.144216,15.378892],[109.118826,15.370673],[109.097341,15.379462],[109.104828,15.389919],[109.129812,15.390204]]],[[[95.052501,15.750678],[95.065847,15.736355],[95.059011,15.719509],[95.042084,15.712673],[95.026296,15.714342],[95.022146,15.727729],[95.052501,15.750678]]],[[[108.538748,15.953518],[108.540457,15.920559],[108.512787,15.942491],[108.50587,15.955715],[108.48821,15.963935],[108.508474,15.975816],[108.538748,15.953518]]],[[[119.955903,16.372382],[119.909923,16.390937],[119.908295,16.396552],[119.909841,16.421373],[119.918305,16.426907],[119.934906,16.425523],[119.95696,16.397691],[119.960297,16.376451],[119.955903,16.372382]]],[[[111.506928,16.443549],[111.51002,16.444729],[111.508149,16.442043],[111.506928,16.443549]]],[[[111.710948,16.450344],[111.713715,16.449449],[111.71225,16.447414],[111.710948,16.450344]]],[[[111.701427,16.453884],[111.704194,16.452948],[111.70281,16.450914],[111.701427,16.453884]]],[[[111.741547,16.460069],[111.744314,16.459133],[111.742849,16.457139],[111.741547,16.460069]]],[[[111.658214,16.546536],[111.660981,16.5456],[111.659516,16.543606],[111.658214,16.546536]]],[[[111.712576,16.546617],[111.715343,16.545722],[111.713959,16.543687],[111.712576,16.546617]]],[[[111.672048,16.572903],[111.674897,16.571967],[111.673432,16.569932],[111.672048,16.572903]]],[[[111.70281,16.5751],[111.705903,16.575181],[111.703949,16.573188],[111.70281,16.5751]]],[[[111.678884,16.581122],[111.681651,16.580186],[111.680268,16.578152],[111.678884,16.581122]]],[[[112.324229,16.941718],[112.325043,16.944322],[112.326915,16.942369],[112.324229,16.941718]]],[[[112.31422,16.953843],[112.316091,16.952541],[112.314301,16.951687],[112.31422,16.953843]]],[[[112.197032,16.972357],[112.198741,16.975653],[112.200206,16.97427],[112.197032,16.972357]]],[[[122.153819,18.57156],[122.146821,18.526435],[122.112559,18.506985],[122.117849,18.542792],[122.108897,18.554836],[122.115245,18.571275],[122.137462,18.582546],[122.153819,18.57156]]],[[[105.935557,19.381863],[105.941498,19.37169],[105.929047,19.359076],[105.920502,19.376288],[105.935557,19.381863]]],[[[121.514008,19.43712],[121.510671,19.424547],[121.503184,19.438178],[121.506928,19.451077],[121.514008,19.43712]]],[[[107.72755,20.129014],[107.745616,20.139716],[107.742279,20.127468],[107.730479,20.126003],[107.72755,20.129014]]],[[[121.808442,20.338243],[121.815847,20.317369],[121.804047,20.30032],[121.796641,20.307766],[121.797211,20.319851],[121.808442,20.338243]]],[[[107.471121,20.737698],[107.473888,20.730048],[107.466319,20.720404],[107.452647,20.714464],[107.471121,20.737698]]],[[[107.144054,20.765652],[107.146821,20.740587],[107.137218,20.738267],[107.129893,20.748318],[107.144054,20.765652]]],[[[107.475841,20.762112],[107.494802,20.77676],[107.49114,20.762722],[107.481863,20.755601],[107.475841,20.762112]]],[[[107.1338,20.772528],[107.126394,20.769192],[107.119884,20.783271],[107.118826,20.805569],[107.125499,20.801011],[107.128998,20.80508],[107.137706,20.792304],[107.1338,20.772528]]],[[[107.41391,20.768297],[107.401947,20.788886],[107.410818,20.806016],[107.420909,20.783637],[107.41391,20.768297]]],[[[106.800466,20.817247],[106.814952,20.814276],[106.807058,20.807969],[106.786713,20.807318],[106.765798,20.824978],[106.761485,20.841702],[106.766124,20.846055],[106.800466,20.817247]]],[[[107.286713,20.855333],[107.299408,20.844062],[107.294444,20.838935],[107.272309,20.832587],[107.279877,20.841579],[107.271983,20.841864],[107.285167,20.846544],[107.286713,20.855333]]],[[[107.11321,20.830878],[107.1067,20.82746],[107.085785,20.842475],[107.101899,20.856513],[107.102224,20.845323],[107.11321,20.830878]]],[[[106.897065,20.847764],[106.897065,20.840318],[106.881521,20.847154],[106.889089,20.865139],[106.893158,20.863389],[106.891775,20.873114],[106.900401,20.864325],[106.902761,20.84748],[106.897065,20.847764]]],[[[106.764985,20.847764],[106.753835,20.850857],[106.749034,20.862331],[106.737071,20.863267],[106.725515,20.874783],[106.732921,20.881781],[106.753266,20.871283],[106.764985,20.847764]]],[[[107.207693,20.865098],[107.188813,20.879706],[107.190684,20.882188],[107.210053,20.875718],[107.207693,20.865098]]],[[[107.295746,20.906724],[107.324392,20.870307],[107.293712,20.905015],[107.295746,20.906724]]],[[[107.315278,20.911363],[107.326345,20.880845],[107.309744,20.905219],[107.315278,20.911363]]],[[[106.977224,20.931383],[106.997244,20.936916],[106.997244,20.929226],[106.991059,20.916978],[106.977224,20.931383]]],[[[106.93686,20.952053],[106.955089,20.939236],[106.94866,20.931912],[106.932221,20.939032],[106.93686,20.952053]]],[[[107.326589,20.929104],[107.316091,20.939927],[107.339447,20.943468],[107.347911,20.934312],[107.39031,20.959377],[107.387055,20.947699],[107.366791,20.929307],[107.34962,20.924343],[107.326589,20.929104]]],[[[107.406098,20.918118],[107.439301,20.957628],[107.44809,20.964138],[107.454275,20.960028],[107.444753,20.941311],[107.420421,20.917426],[107.381847,20.903103],[107.350759,20.904731],[107.406098,20.918118]]],[[[107.061615,20.961859],[107.038341,20.947537],[107.019379,20.95421],[107.031261,20.974351],[107.043793,20.978258],[107.061615,20.961859]]],[[[106.760102,20.947008],[106.693289,20.960679],[106.68686,20.981879],[106.692556,20.985256],[106.72698,20.968655],[106.733084,20.972398],[106.728119,20.980658],[106.733084,20.992987],[106.739268,20.996243],[106.753591,20.988918],[106.762787,20.979071],[106.763845,20.972683],[106.757498,20.972968],[106.763764,20.96894],[106.764659,20.952704],[106.760102,20.947008]]],[[[107.53476,21.05211],[107.496918,21.039049],[107.530203,21.070705],[107.537771,21.068549],[107.530203,21.081],[107.553152,21.113756],[107.581798,21.11758],[107.572683,21.084133],[107.53476,21.05211]]],[[[107.560313,21.127427],[107.583507,21.137478],[107.581716,21.129299],[107.563487,21.117621],[107.560313,21.127427]]],[[[107.657563,21.148057],[107.679454,21.210924],[107.658295,21.139431],[107.657563,21.148057]]],[[[107.9546,21.239569],[107.980968,21.242214],[107.979666,21.229438],[107.953624,21.233629],[107.9546,21.239569]]],[[[107.639496,21.25259],[107.615245,21.232978],[107.599457,21.237779],[107.638031,21.258612],[107.639496,21.25259]]],[[[107.544119,21.265611],[107.572765,21.273179],[107.587901,21.261501],[107.561046,21.252183],[107.542084,21.259019],[107.544119,21.265611]]],[[[107.5324,21.263983],[107.525238,21.274726],[107.533132,21.285386],[107.557058,21.281562],[107.5324,21.263983]]],[[[107.759369,21.290839],[107.796967,21.293036],[107.75408,21.283718],[107.759369,21.290839]]],[[[107.700531,21.296739],[107.69988,21.291775],[107.660248,21.266832],[107.676443,21.287502],[107.700531,21.296739]]],[[[108.160004,21.544176],[108.181814,21.54149],[108.177013,21.530056],[108.126557,21.520413],[108.160004,21.544176]]],[[[108.576345,21.759101],[108.565522,21.77383],[108.570893,21.777533],[108.577403,21.771145],[108.576345,21.759101]]],[[[113.175873,21.862128],[113.187673,21.869045],[113.190929,21.863349],[113.180024,21.850328],[113.165538,21.853339],[113.148692,21.842597],[113.131196,21.850369],[113.135671,21.864976],[113.146332,21.862454],[113.155935,21.872748],[113.175873,21.862128]]],[[[113.024669,21.880845],[113.03533,21.878445],[113.038829,21.865627],[113.034516,21.855292],[113.020518,21.854844],[113.017345,21.849514],[113.003754,21.869534],[113.024669,21.880845]]],[[[121.60255,21.948798],[121.601248,21.95718],[121.605724,21.953681],[121.60255,21.948798]]],[[[113.201589,21.988756],[113.196137,21.96719],[113.182791,21.960476],[113.180024,21.970771],[113.192393,22.033759],[113.200043,22.038438],[113.249115,22.038357],[113.239513,22.023301],[113.249034,22.004747],[113.223318,22.000556],[113.201589,21.988756]]],[[[113.897146,22.158433],[113.899587,22.163031],[113.910574,22.166164],[113.910574,22.158433],[113.897146,22.158433]]],[[[114.256114,22.154568],[114.250662,22.16234],[114.266368,22.178697],[114.26946,22.164578],[114.256114,22.154568]]],[[[113.910574,22.178697],[113.903331,22.178697],[113.903331,22.18651],[113.910574,22.178697]]],[[[114.242849,22.175564],[114.242849,22.184963],[114.253754,22.18651],[114.251475,22.177151],[114.242849,22.175564]]],[[[113.989106,22.18651],[113.97755,22.193427],[113.983735,22.198961],[113.990733,22.191881],[113.989106,22.18651]]],[[[114.014985,22.198188],[114.034516,22.205227],[114.031423,22.195868],[114.026785,22.198961],[114.015798,22.191881],[114.014985,22.198188]]],[[[114.152192,22.230984],[114.14446,22.236477],[114.142182,22.241889],[114.156342,22.238837],[114.152192,22.230984]]],[[[114.29599,22.254421],[114.298513,22.242662],[114.288259,22.23253],[114.281342,22.238837],[114.282888,22.249742],[114.29599,22.254421]]],[[[114.042979,22.241197],[114.031423,22.249742],[114.020518,22.255194],[114.042247,22.255968],[114.042979,22.241197]]],[[[114.042979,22.256741],[114.045339,22.262152],[114.051768,22.261379],[114.047862,22.256741],[114.042979,22.256741]]],[[[114.34669,22.25906],[114.344412,22.263048],[114.34669,22.269192],[114.349946,22.264594],[114.34669,22.25906]]],[[[114.264822,22.269965],[114.265636,22.279364],[114.272553,22.27619],[114.264822,22.269965]]],[[[114.073497,22.280137],[114.069672,22.285631],[114.074392,22.284084],[114.073497,22.280137]]],[[[114.040701,22.291083],[114.042979,22.281684],[114.034516,22.279364],[114.034516,22.288723],[114.040701,22.291083]]],[[[114.368663,22.305162],[114.363943,22.312893],[114.366303,22.318427],[114.370209,22.311347],[114.368663,22.305162]]],[[[114.134369,22.319932],[114.146821,22.313666],[114.12908,22.315985],[114.134369,22.319932]]],[[[113.942556,22.322252],[113.936127,22.309801],[113.929942,22.292711],[113.923676,22.313666],[113.942556,22.322252]]],[[[114.34669,22.309801],[114.353038,22.322252],[114.356049,22.322252],[114.352306,22.312893],[114.34669,22.309801]]],[[[114.319509,22.323798],[114.316335,22.33633],[114.328868,22.337144],[114.331228,22.326117],[114.319509,22.323798]]],[[[114.056407,22.339464],[114.057953,22.351915],[114.065766,22.348822],[114.061778,22.339464],[114.056407,22.339464]]],[[[120.345063,22.331814],[120.360769,22.353827],[120.371104,22.355496],[120.378917,22.345038],[120.348318,22.320339],[120.345063,22.331814]]],[[[114.089041,22.322252],[114.079112,22.349636],[114.085297,22.358995],[114.10255,22.353461],[114.108735,22.340237],[114.104828,22.326117],[114.089041,22.322252]]],[[[114.29599,22.348822],[114.289724,22.353461],[114.292817,22.371405],[114.29599,22.362087],[114.29599,22.348822]]],[[[114.307791,22.342556],[114.303152,22.36522],[114.316335,22.376125],[114.328868,22.342556],[114.307791,22.342556]]],[[[113.879893,22.369859],[113.876069,22.383897],[113.883962,22.379218],[113.879893,22.369859]]],[[[114.359141,22.465806],[114.353038,22.480658],[114.358328,22.486884],[114.365408,22.474433],[114.359141,22.465806]]],[[[114.317068,22.518175],[114.300059,22.506415],[114.29363,22.512803],[114.303152,22.514268],[114.308523,22.526028],[114.317068,22.518175]]],[[[114.427908,22.548611],[114.43336,22.543891],[114.422537,22.543891],[114.427908,22.548611]]],[[[114.297699,22.550198],[114.308523,22.554063],[114.316335,22.551744],[114.295177,22.547838],[114.300792,22.535264],[114.285981,22.547065],[114.288992,22.556383],[114.297699,22.550198]]],[[[120.046072,23.052273],[120.043224,23.044582],[120.034679,23.051703],[120.029307,23.070705],[120.046072,23.052273]]],[[[120.047618,23.145413],[120.03655,23.120958],[120.051443,23.168158],[120.047618,23.145413]]],[[[119.436046,23.219713],[119.435639,23.206692],[119.418305,23.191799],[119.407644,23.213446],[119.42571,23.222357],[119.436046,23.219713]]],[[[120.060395,23.190212],[120.074148,23.224595],[120.076182,23.22484],[120.076834,23.218533],[120.060395,23.190212]]],[[[119.414154,23.225979],[119.39796,23.236762],[119.401541,23.249376],[119.413748,23.247585],[119.420665,23.236802],[119.414154,23.225979]]],[[[119.610688,23.255723],[119.604666,23.247829],[119.600271,23.252794],[119.610688,23.255723]]],[[[119.609386,23.256496],[119.610118,23.258979],[119.611176,23.257148],[119.609386,23.256496]]],[[[119.669281,23.263332],[119.669281,23.258857],[119.662283,23.247219],[119.658865,23.263332],[119.669281,23.263332]]],[[[119.652273,23.265937],[119.652517,23.261461],[119.647716,23.263251],[119.652273,23.265937]]],[[[119.501882,23.274604],[119.504242,23.271186],[119.497406,23.268378],[119.501882,23.274604]]],[[[120.087576,23.296658],[120.083263,23.260403],[120.085623,23.297268],[120.087576,23.296658]]],[[[119.326671,23.318793],[119.329519,23.317369],[119.328298,23.316759],[119.326671,23.318793]]],[[[119.311941,23.324246],[119.314708,23.322862],[119.313487,23.322252],[119.311941,23.324246]]],[[[119.328054,23.319932],[119.326671,23.325263],[119.329682,23.323391],[119.328054,23.319932]]],[[[120.098725,23.306545],[120.097341,23.31037],[120.113862,23.334621],[120.11671,23.328966],[120.098725,23.306545]]],[[[120.120453,23.36579],[120.110444,23.351426],[120.122325,23.372219],[120.120453,23.36579]]],[[[119.527029,23.37523],[119.531912,23.367621],[119.512706,23.362209],[119.51824,23.372097],[119.527029,23.37523]]],[[[120.132416,23.386746],[120.132416,23.402167],[120.134451,23.390652],[120.132416,23.386746]]],[[[119.507823,23.372911],[119.503103,23.356676],[119.479584,23.35814],[119.48406,23.383572],[119.473155,23.37934],[119.470958,23.387397],[119.478689,23.405097],[119.484955,23.406317],[119.499929,23.390855],[119.507823,23.372911]]],[[[119.309418,23.399563],[119.31186,23.410915],[119.32073,23.408637],[119.318614,23.399807],[119.309418,23.399563]]],[[[120.135102,23.414944],[120.133149,23.421983],[120.137869,23.42064],[120.135102,23.414944]]],[[[120.132416,23.443061],[120.131033,23.43712],[120.12615,23.444525],[120.132416,23.443061]]],[[[119.533621,23.497341],[119.505626,23.483832],[119.500987,23.485745],[119.502289,23.494127],[119.533621,23.497341]]],[[[116.929454,23.539537],[116.918875,23.554999],[116.945974,23.57449],[116.953705,23.59573],[116.970795,23.59984],[116.958263,23.547349],[116.929454,23.539537]]],[[[119.612804,23.749823],[119.602712,23.739122],[119.594086,23.727484],[119.588471,23.742987],[119.601329,23.758328],[119.612804,23.749823]]],[[[123.76002,24.045111],[123.75766,24.053819],[123.783458,24.062405],[123.802908,24.060614],[123.807465,24.050767],[123.781749,24.039089],[123.76002,24.045111]]],[[[123.997081,24.246772],[124.028738,24.234361],[124.024587,24.221381],[124.01352,24.213772],[124.004324,24.215155],[123.994477,24.235704],[123.997081,24.246772]]],[[[124.08961,24.304877],[124.078868,24.319403],[124.082693,24.328233],[124.09197,24.328559],[124.100678,24.320014],[124.102224,24.314683],[124.08961,24.304877]]],[[[123.999278,24.321763],[123.954031,24.328843],[123.963959,24.334215],[123.968761,24.346829],[123.981212,24.347195],[123.999278,24.321763]]],[[[118.262706,24.441799],[118.262543,24.430976],[118.244802,24.415147],[118.220225,24.407538],[118.208995,24.411607],[118.233084,24.450751],[118.249034,24.452826],[118.262706,24.441799]]],[[[118.30128,24.55744],[118.300955,24.565212],[118.323985,24.569159],[118.33546,24.555569],[118.326508,24.54324],[118.30128,24.55744]]],[[[124.7199,24.661241],[124.725841,24.646552],[124.717133,24.635037],[124.701752,24.62991],[124.678559,24.636542],[124.67628,24.651964],[124.689382,24.666897],[124.705089,24.669257],[124.7199,24.661241]]],[[[124.687429,24.755113],[124.704112,24.748318],[124.707856,24.737128],[124.68865,24.744574],[124.687429,24.755113]]],[[[121.956391,24.844224],[121.953624,24.836168],[121.939057,24.836615],[121.927257,24.848578],[121.942068,24.853217],[121.956391,24.844224]]],[[[125.245779,24.935899],[125.257416,24.918443],[125.25058,24.91531],[125.237559,24.934027],[125.245779,24.935899]]],[[[119.476085,24.9949],[119.473643,24.980862],[119.462901,24.975898],[119.457937,24.980048],[119.460378,24.99079],[119.476085,24.9949]]],[[[119.12143,25.027452],[119.104991,25.048448],[119.118256,25.061672],[119.10906,25.080593],[119.154145,25.102688],[119.15561,25.095893],[119.136078,25.079413],[119.143565,25.055609],[119.12143,25.027452]]],[[[122.079845,25.630316],[122.071869,25.625352],[122.070486,25.635484],[122.079845,25.630316]]],[[[119.676606,25.636461],[119.665375,25.644273],[119.669851,25.652574],[119.717052,25.663926],[119.714529,25.640245],[119.676606,25.636461]]],[[[119.60434,25.668972],[119.606944,25.65884],[119.596853,25.646348],[119.577729,25.631578],[119.563406,25.63699],[119.559093,25.643663],[119.56544,25.649034],[119.571869,25.640245],[119.596202,25.668362],[119.60434,25.668972]]],[[[119.975841,25.966742],[119.990082,25.969306],[119.989431,25.961453],[119.966563,25.947414],[119.975841,25.966742]]],[[[119.941987,25.980902],[119.952403,25.97606],[119.937348,25.964871],[119.928559,25.976671],[119.941987,25.980902]]],[[[119.93686,26.158108],[119.953624,26.166856],[119.964041,26.166938],[119.953461,26.149685],[119.932628,26.139919],[119.916677,26.144802],[119.919607,26.169338],[119.93686,26.158108]]],[[[119.971039,26.192369],[119.966807,26.214626],[119.973074,26.22248],[119.99407,26.233059],[120.003591,26.231798],[120.014171,26.220364],[120.01352,26.205797],[119.998871,26.219387],[119.986176,26.216417],[119.975678,26.209621],[119.971039,26.192369]]],[[[127.945079,26.260769],[127.945974,26.251899],[127.939464,26.239529],[127.932628,26.250556],[127.945079,26.260769]]],[[[127.993826,26.372504],[127.989106,26.358466],[127.978201,26.354804],[127.967703,26.359687],[127.977631,26.379747],[127.987071,26.38406],[127.993826,26.372504]]],[[[120.476899,26.370103],[120.479096,26.380683],[120.491059,26.388739],[120.50766,26.375922],[120.496349,26.374376],[120.489594,26.364122],[120.476899,26.370103]]],[[[120.027924,26.496365],[120.035411,26.521064],[120.06186,26.524441],[120.06544,26.516872],[120.060802,26.501044],[120.035492,26.493069],[120.027924,26.496365]]],[[[120.117361,26.564765],[120.149832,26.605536],[120.161632,26.60224],[120.160981,26.577338],[120.132009,26.55626],[120.117361,26.564765]]],[[[119.775401,26.603909],[119.760427,26.616278],[119.770193,26.627021],[119.794607,26.632188],[119.81365,26.623603],[119.807302,26.612942],[119.792735,26.615139],[119.775401,26.603909]]],[[[119.664073,26.641099],[119.657319,26.650743],[119.657644,26.668077],[119.715994,26.668362],[119.72698,26.662665],[119.735037,26.677273],[119.75644,26.674872],[119.749197,26.663438],[119.715505,26.641669],[119.664073,26.641099]]],[[[119.910737,26.681545],[119.905935,26.692369],[119.944102,26.69538],[119.935557,26.677476],[119.942393,26.663072],[119.926443,26.669013],[119.923595,26.679145],[119.910737,26.681545]]],[[[120.297862,26.929063],[120.285411,26.934027],[120.302664,26.941799],[120.314545,26.936143],[120.297862,26.929063]]],[[[127.956391,26.941026],[127.953461,26.913845],[127.948171,26.911282],[127.918142,26.925198],[127.918549,26.942165],[127.926199,26.95128],[127.945893,26.951606],[127.956391,26.941026]]],[[[121.040818,27.875962],[121.056917,27.863641],[121.083699,27.865697],[121.062575,27.845738],[121.056477,27.854216],[121.04694,27.855218],[121.020006,27.837739],[121.015036,27.839781],[121.02203,27.868205],[121.040818,27.875962]]],[[[129.265798,28.03498],[129.26767,28.017117],[129.26002,28.006293],[129.243175,28.018866],[129.211599,28.023057],[129.207693,28.042263],[129.215912,28.051459],[129.236257,28.035102],[129.265798,28.03498]]],[[[129.160737,28.06212],[129.168468,28.066392],[129.17449,28.052558],[129.164317,28.02501],[129.146658,28.015326],[129.145437,28.031399],[129.160737,28.06212]]],[[[121.62558,28.518622],[121.613617,28.501736],[121.595388,28.51378],[121.607677,28.541815],[121.615164,28.541815],[121.62558,28.518622]]],[[[129.219574,29.126654],[129.192882,29.146918],[129.195649,29.1588],[129.22047,29.157131],[129.219574,29.126654]]],[[[122.272146,29.690741],[122.271821,29.682644],[122.249034,29.69245],[122.240326,29.687038],[122.208181,29.705959],[122.2046,29.719102],[122.21697,29.718533],[122.22877,29.70661],[122.272146,29.690741]]],[[[122.306977,29.737128],[122.278656,29.731513],[122.257335,29.736965],[122.242035,29.744534],[122.215912,29.775784],[122.240082,29.786404],[122.251313,29.778347],[122.247244,29.760443],[122.277924,29.749172],[122.298106,29.749457],[122.306977,29.737128]]],[[[121.977468,29.805406],[122.016124,29.824164],[122.024343,29.824652],[122.030203,29.816067],[122.028982,29.806098],[121.993826,29.769232],[121.968272,29.77383],[121.968516,29.794623],[121.977468,29.805406]]],[[[122.341645,29.876247],[122.329519,29.862942],[122.304291,29.855577],[122.284434,29.863064],[122.292328,29.883043],[122.334402,29.884548],[122.341645,29.876247]]],[[[122.053884,29.953274],[122.038259,29.934516],[122.026703,29.943671],[122.025238,29.953681],[122.040457,29.966498],[122.052013,29.96247],[122.053884,29.953274]]],[[[122.161469,29.989936],[122.184011,29.967515],[122.176524,29.960069],[122.134776,29.974677],[122.161469,29.989936]]],[[[122.390961,29.996202],[122.391856,29.974514],[122.372,29.981676],[122.37908,30.026394],[122.402192,30.032538],[122.400564,30.015774],[122.413748,30.00613],[122.390961,29.996202]]],[[[121.911306,30.089789],[121.908132,30.098456],[121.931,30.114651],[121.956391,30.108507],[121.949718,30.087999],[121.931733,30.069444],[121.926606,30.083808],[121.911306,30.089789]]],[[[122.771332,30.141059],[122.781423,30.132392],[122.763276,30.127712],[122.754731,30.141343],[122.771332,30.141059]]],[[[122.20102,30.177314],[122.183035,30.171495],[122.182302,30.162462],[122.162364,30.143988],[122.145112,30.162665],[122.144949,30.188666],[122.169037,30.202094],[122.190929,30.189521],[122.204112,30.191596],[122.20102,30.177314]]],[[[122.013845,30.18537],[122.026459,30.199042],[122.035899,30.194403],[122.040538,30.202501],[122.05657,30.192288],[122.051687,30.182685],[122.023611,30.165758],[122.02825,30.17532],[122.013845,30.18537]]],[[[122.674815,30.209703],[122.687918,30.19831],[122.684825,30.181871],[122.669932,30.203518],[122.674815,30.209703]]],[[[122.648041,30.186225],[122.632986,30.207302],[122.632253,30.210598],[122.641775,30.214342],[122.646169,30.208564],[122.648041,30.186225]]],[[[121.955496,30.293362],[121.951345,30.307969],[121.961111,30.331285],[121.982351,30.344753],[121.970225,30.307359],[121.955496,30.293362]]],[[[122.26824,30.516832],[122.252452,30.516343],[122.264496,30.529771],[122.26824,30.516832]]],[[[122.052501,30.588894],[122.071544,30.597235],[122.087901,30.596747],[122.07724,30.58983],[122.081147,30.583564],[122.071869,30.575548],[122.064789,30.586819],[122.052501,30.588894]]],[[[122.544607,30.65823],[122.556895,30.680976],[122.582205,30.663153],[122.564789,30.658108],[122.56658,30.645819],[122.544607,30.65823]]],[[[122.773774,30.730902],[122.792654,30.72366],[122.779307,30.716742],[122.783865,30.700914],[122.776947,30.696316],[122.76531,30.709906],[122.751638,30.707546],[122.757498,30.723334],[122.771007,30.724392],[122.773774,30.730902]]],[[[130.857758,30.766547],[130.865001,30.747748],[130.854666,30.725613],[130.838145,30.727484],[130.840668,30.751125],[130.857758,30.766547]]],[[[130.317556,30.804063],[130.322113,30.793199],[130.31072,30.780382],[130.278412,30.779975],[130.277843,30.771715],[130.259044,30.781643],[130.2671,30.794135],[130.273855,30.792467],[130.295746,30.805976],[130.317556,30.804063]]],[[[130.400401,30.81155],[130.426117,30.819037],[130.446625,30.804267],[130.443533,30.799709],[130.419851,30.807847],[130.403168,30.806138],[130.400401,30.81155]]],[[[122.66684,30.847683],[122.669851,30.859239],[122.698497,30.853787],[122.682953,30.840847],[122.66684,30.847683]]],[[[129.453705,31.199652],[129.451752,31.180691],[129.43686,31.174058],[129.446137,31.199652],[129.453705,31.199652]]],[[[130.158865,31.356187],[130.169363,31.361029],[130.162039,31.349758],[130.158865,31.356187]]],[[[131.409841,31.542589],[131.417735,31.511054],[131.405365,31.523505],[131.409841,31.542589]]],[[[129.816498,31.7803],[129.824555,31.814602],[129.842784,31.814805],[129.841319,31.802598],[129.846528,31.79918],[129.830089,31.791246],[129.829926,31.773342],[129.816498,31.7803]]],[[[128.356293,32.009345],[128.351248,31.996731],[128.354666,31.989285],[128.346039,31.986151],[128.34311,32.007229],[128.356293,32.009345]]],[[[128.404877,32.038642],[128.383718,32.043769],[128.394054,32.054836],[128.41391,32.054389],[128.404877,32.038642]]],[[[120.581879,32.033271],[120.566254,32.041734],[120.565359,32.052314],[120.579519,32.062527],[120.600108,32.060818],[120.627208,32.046536],[120.631358,32.036078],[120.626882,32.030585],[120.581879,32.033271]]],[[[130.017751,32.161078],[130.017182,32.178209],[130.028982,32.191148],[130.039561,32.180406],[130.044281,32.156399],[130.032563,32.17178],[130.017751,32.161078]]],[[[130.211843,32.218329],[130.203787,32.203111],[130.201996,32.214179],[130.199067,32.20893],[130.188487,32.221015],[130.191987,32.243191],[130.197765,32.242987],[130.211843,32.218329]]],[[[130.187104,32.268093],[130.173839,32.233018],[130.167572,32.226752],[130.160167,32.230862],[130.157481,32.238715],[130.169851,32.256334],[130.187104,32.268093]]],[[[130.370453,32.341742],[130.331309,32.305487],[130.301199,32.305854],[130.329356,32.318427],[130.334972,32.340522],[130.346283,32.349799],[130.369477,32.348131],[130.370453,32.341742]]],[[[130.312104,32.346869],[130.319835,32.347927],[130.299001,32.356024],[130.315929,32.369127],[130.322765,32.359402],[130.340424,32.352281],[130.318777,32.339504],[130.312104,32.346869]]],[[[130.412852,32.399888],[130.431733,32.378648],[130.415619,32.368313],[130.407807,32.393093],[130.412852,32.399888]]],[[[129.789643,32.565212],[129.79005,32.558743],[129.775157,32.54621],[129.776703,32.565294],[129.789643,32.565212]]],[[[128.890147,32.564683],[128.903575,32.572496],[128.903168,32.560045],[128.890147,32.564683]]],[[[130.460378,32.575751],[130.474946,32.58511],[130.481375,32.574449],[130.4817,32.561428],[130.462576,32.541653],[130.460378,32.575751]]],[[[128.832856,32.605943],[128.841156,32.600246],[128.838959,32.594957],[128.826182,32.598822],[128.832856,32.605943]]],[[[130.478852,32.590481],[130.479666,32.606757],[130.488455,32.609727],[130.510102,32.60692],[130.510834,32.593044],[130.487153,32.575588],[130.487885,32.590237],[130.478852,32.590481]]],[[[129.747651,32.666368],[129.756847,32.662828],[129.753429,32.649115],[129.74407,32.660956],[129.747651,32.666368]]],[[[131.818207,32.674221],[131.837576,32.668687],[131.824555,32.651597],[131.826427,32.656602],[131.81308,32.655585],[131.809174,32.669176],[131.818207,32.674221]]],[[[129.780121,32.689602],[129.760265,32.715725],[129.78533,32.691921],[129.780121,32.689602]]],[[[131.923188,32.73074],[131.93214,32.720282],[131.928396,32.713853],[131.922211,32.717353],[131.923188,32.73074]]],[[[128.610281,32.73192],[128.600841,32.729438],[128.59783,32.709459],[128.589692,32.720079],[128.594981,32.732245],[128.602631,32.740017],[128.610281,32.73192]]],[[[131.925304,32.771552],[131.911143,32.769884],[131.911957,32.77794],[131.925304,32.771552]]],[[[129.006196,32.756415],[129.000011,32.751085],[128.989187,32.75373],[128.986339,32.742499],[128.96518,32.745022],[128.966156,32.75434],[128.986583,32.764879],[128.991547,32.791734],[128.999604,32.788601],[129.006196,32.756415]]],[[[128.67392,32.804389],[128.681651,32.808865],[128.677013,32.801703],[128.67392,32.804389]]],[[[129.602061,32.880927],[129.592784,32.878323],[129.59254,32.88406],[129.599294,32.888577],[129.602061,32.880927]]],[[[129.194509,32.924262],[129.187918,32.916287],[129.184174,32.920762],[129.194509,32.924262]]],[[[128.934255,32.910712],[128.935069,32.92418],[128.952078,32.916897],[128.948578,32.904446],[128.934255,32.910712]]],[[[129.625173,32.938096],[129.616303,32.916287],[129.600515,32.921617],[129.594005,32.945583],[129.598481,32.947984],[129.598155,32.94066],[129.602061,32.937486],[129.611257,32.943427],[129.625173,32.938096]]],[[[131.915375,32.981106],[131.914154,32.993476],[131.922048,32.997341],[131.928071,33.014268],[131.944102,33.015489],[131.931977,32.998765],[131.947195,32.994208],[131.915375,32.981106]]],[[[129.178396,33.00731],[129.177338,33.016059],[129.189871,33.019761],[129.195893,33.015041],[129.189789,33.00731],[129.178396,33.00731]]],[[[129.352143,33.000393],[129.337332,33.00906],[129.344086,33.01907],[129.353608,33.021918],[129.352143,33.000393]]],[[[129.224213,32.996975],[129.231863,33.012885],[129.246186,33.022854],[129.246918,33.015041],[129.259451,33.0185],[129.24586,32.992296],[129.224213,32.996975]]],[[[129.581391,33.011176],[129.559418,32.997301],[129.535818,33.008165],[129.555837,33.007758],[129.566173,33.014919],[129.561209,33.029893],[129.582612,33.030178],[129.607514,33.06387],[129.63502,33.062364],[129.62558,33.038194],[129.607839,33.024441],[129.587983,33.025702],[129.581391,33.011176]]],[[[129.679942,33.134914],[129.672455,33.143052],[129.680837,33.141506],[129.679942,33.134914]]],[[[129.548106,33.134914],[129.530203,33.130601],[129.503266,33.140082],[129.542328,33.152411],[129.548106,33.134914]]],[[[131.981944,33.168565],[131.989431,33.173082],[131.983165,33.162991],[131.981944,33.168565]]],[[[128.903168,33.166083],[128.896983,33.1706],[128.899425,33.173529],[128.903168,33.166083]]],[[[129.576915,33.184027],[129.585704,33.194729],[129.592784,33.192857],[129.59311,33.183539],[129.588064,33.184638],[129.592214,33.169338],[129.582205,33.161119],[129.588064,33.170722],[129.576915,33.184027]]],[[[129.122976,33.161729],[129.119314,33.174791],[129.119721,33.212755],[129.143484,33.189765],[129.132904,33.157986],[129.122976,33.161729]]],[[[129.022146,33.199042],[129.014252,33.199734],[129.014578,33.211534],[129.022472,33.213406],[129.026459,33.206895],[129.022146,33.199042]]],[[[129.095714,33.211982],[129.082367,33.201931],[129.091156,33.188503],[129.061209,33.190334],[129.051199,33.182766],[129.029063,33.199612],[129.049001,33.219387],[129.061941,33.210232],[129.095714,33.211982]]],[[[131.949067,33.271959],[131.938324,33.280707],[131.958344,33.280788],[131.949067,33.271959]]],[[[129.680837,33.413642],[129.681814,33.425238],[129.685557,33.407782],[129.680837,33.413642]]],[[[129.435232,33.434312],[129.433604,33.356676],[129.409679,33.352647],[129.411225,33.396267],[129.424571,33.435899],[129.431163,33.44066],[129.435232,33.434312]]],[[[129.544932,33.442206],[129.506033,33.425238],[129.507009,33.438015],[129.517833,33.440823],[129.526378,33.453559],[129.544932,33.442206]]],[[[129.726899,33.460435],[129.727224,33.450141],[129.715424,33.463853],[129.726899,33.460435]]],[[[129.789806,33.432278],[129.764089,33.428778],[129.758149,33.418362],[129.738292,33.407009],[129.720795,33.417467],[129.751882,33.453192],[129.746918,33.464586],[129.752859,33.471015],[129.768728,33.462958],[129.773529,33.455959],[129.770274,33.444322],[129.789806,33.432278]]],[[[126.958914,33.51675],[126.963634,33.495998],[126.944835,33.493842],[126.941091,33.50609],[126.948334,33.52265],[126.958914,33.51675]]],[[[129.963227,33.539211],[129.977061,33.544216],[129.976736,33.531399],[129.968272,33.526109],[129.963227,33.539211]]],[[[129.872732,33.545356],[129.872325,33.55976],[129.883474,33.565863],[129.889903,33.553494],[129.872732,33.545356]]],[[[129.757823,33.563463],[129.739757,33.575629],[129.745209,33.58279],[129.763031,33.58279],[129.770193,33.572211],[129.757823,33.563463]]],[[[129.848155,33.599799],[129.854991,33.617662],[129.862722,33.618272],[129.859874,33.6046],[129.865489,33.591213],[129.858084,33.587795],[129.848155,33.599799]]],[[[130.300222,33.606431],[130.293305,33.613023],[130.301443,33.63821],[130.313243,33.62051],[130.300222,33.606431]]],[[[131.680593,33.736477],[131.681814,33.726711],[131.669281,33.718492],[131.633149,33.71898],[131.665294,33.739732],[131.680593,33.736477]]],[[[129.628917,33.732327],[129.626801,33.742418],[129.637055,33.746731],[129.643728,33.741726],[129.641449,33.73371],[129.628917,33.732327]]],[[[130.361827,33.754136],[130.359955,33.767808],[130.379405,33.760932],[130.379731,33.758002],[130.361827,33.754136]]],[[[131.950369,33.773139],[131.94516,33.77912],[131.975108,33.796576],[131.988292,33.786933],[131.98585,33.777533],[131.971202,33.771145],[131.950369,33.773139]]],[[[131.999522,33.857693],[132.0,33.85766845242596],[132.0,33.856776931203946],[131.999522,33.857693]]],[[[130.507091,33.894924],[130.486501,33.914211],[130.498057,33.912828],[130.507091,33.894924]]],[[[130.424327,33.889675],[130.407481,33.90884],[130.442068,33.913398],[130.437429,33.898668],[130.424327,33.889675]]],[[[126.342459,33.956692],[126.340668,33.947496],[126.326834,33.945299],[126.321788,33.929755],[126.302582,33.953762],[126.342459,33.956692]]],[[[130.864675,33.982693],[130.867931,33.978013],[130.861013,33.96898],[130.864675,33.982693]]],[[[131.875906,33.972073],[131.861257,33.959947],[131.858572,33.949693],[131.836029,33.933498],[131.819591,33.927883],[131.819184,33.933946],[131.806244,33.94066],[131.81308,33.955878],[131.820079,33.957017],[131.827159,33.947821],[131.833507,33.948757],[131.8331,33.955471],[131.84783,33.953884],[131.84254,33.969021],[131.853201,33.974758],[131.860688,33.989285],[131.875906,33.972073]]],[[[126.92571,33.989651],[126.935232,33.974107],[126.912446,33.970852],[126.91033,33.986436],[126.92571,33.989651]]],[[[130.716482,34.000108],[130.710704,33.998928],[130.714041,34.006822],[130.716482,34.000108]]],[[[131.71046,34.004828],[131.73349,33.98782],[131.723318,33.979885],[131.691417,34.007921],[131.702485,34.019436],[131.702485,34.029405],[131.712576,34.034369],[131.71046,34.004828]]],[[[131.765961,34.044745],[131.7553,34.031277],[131.736664,34.023139],[131.724946,34.033596],[131.740408,34.040635],[131.750662,34.036892],[131.760916,34.047838],[131.765961,34.044745]]],[[[127.334646,34.036892],[127.318696,34.03734],[127.30836,34.060411],[127.323009,34.059312],[127.334646,34.036892]]],[[[126.601085,34.106838],[126.603445,34.097317],[126.581554,34.101671],[126.588064,34.116319],[126.601085,34.106838]]],[[[130.778087,34.104153],[130.774913,34.116604],[130.796072,34.109117],[130.796072,34.093573],[130.778087,34.104153]]],[[[126.763682,34.212104],[126.768321,34.19066],[126.759125,34.177029],[126.747325,34.189358],[126.749197,34.202582],[126.763682,34.212104]]],[[[125.92628,34.239936],[125.936941,34.247423],[125.955251,34.2414],[125.93686,34.229967],[125.928152,34.229967],[125.92628,34.239936]]],[[[130.107758,34.249579],[130.113617,34.246039],[130.104747,34.238715],[130.107758,34.249579]]],[[[127.256114,34.221584],[127.258393,34.212063],[127.222423,34.211127],[127.230642,34.232652],[127.253673,34.250515],[127.262625,34.241319],[127.256114,34.221584]]],[[[126.620535,34.24787],[126.625987,34.239325],[126.614024,34.234971],[126.598481,34.2331],[126.592621,34.241645],[126.601817,34.250718],[126.620535,34.24787]]],[[[126.063324,34.251776],[126.06837,34.240994],[126.056082,34.226671],[126.042898,34.23371],[126.037934,34.224351],[126.023123,34.236151],[126.029796,34.24136],[126.042898,34.237454],[126.053884,34.254055],[126.063324,34.251776]]],[[[125.926524,34.246283],[125.922374,34.25377],[125.912364,34.249579],[125.914399,34.239936],[125.898448,34.249498],[125.91627,34.261094],[125.924978,34.258775],[125.926524,34.246283]]],[[[127.525971,34.268134],[127.538422,34.270046],[127.534028,34.261094],[127.525971,34.268134]]],[[[126.539236,34.284776],[126.57073,34.280788],[126.53891,34.275743],[126.539236,34.284776]]],[[[127.392182,34.280056],[127.386648,34.294135],[127.400645,34.294582],[127.399506,34.28262],[127.392182,34.280056]]],[[[127.370779,34.288845],[127.34905,34.267971],[127.351573,34.296007],[127.354828,34.289211],[127.367361,34.293321],[127.370779,34.288845]]],[[[129.383149,34.303534],[129.390961,34.299302],[129.388601,34.291327],[129.360118,34.270006],[129.353608,34.293687],[129.383149,34.303534]]],[[[127.013031,34.331732],[127.009044,34.319566],[126.989106,34.307563],[126.968842,34.305162],[126.955984,34.316596],[126.959321,34.331651],[126.972748,34.338121],[126.997406,34.338853],[127.013031,34.331732]]],[[[126.018077,34.341376],[126.056814,34.329657],[126.057872,34.320421],[125.996593,34.327297],[125.991384,34.337633],[126.018077,34.341376]]],[[[126.465994,34.346381],[126.476003,34.342678],[126.474457,34.333401],[126.464854,34.340725],[126.465994,34.346381]]],[[[130.865326,34.37637],[130.880219,34.36636],[130.870291,34.356472],[130.856537,34.352688],[130.84726,34.342108],[130.83725,34.353624],[130.868419,34.367011],[130.865326,34.37637]]],[[[125.283783,34.398383],[125.317149,34.386176],[125.29656,34.380113],[125.283783,34.398383]]],[[[126.868337,34.370632],[126.863129,34.409532],[126.922862,34.393948],[126.931326,34.394355],[126.942149,34.410509],[126.946462,34.404364],[126.937266,34.384996],[126.940929,34.374172],[126.906993,34.355333],[126.88738,34.362901],[126.883311,34.384996],[126.868337,34.370632]]],[[[127.269786,34.388088],[127.266694,34.380194],[127.252289,34.383938],[127.249604,34.401516],[127.241222,34.405137],[127.239513,34.413682],[127.247895,34.4147],[127.269786,34.388088]]],[[[125.29656,34.442369],[125.282888,34.434272],[125.281098,34.438625],[125.290375,34.451483],[125.29656,34.442369]]],[[[126.414887,34.457913],[126.417166,34.449856],[126.413829,34.452786],[126.414887,34.457913]]],[[[127.025483,34.452053],[127.042328,34.458564],[127.06308,34.449774],[127.074229,34.425035],[127.063813,34.404608],[127.055919,34.424669],[127.051606,34.427395],[127.050873,34.416327],[127.042003,34.419908],[127.025483,34.452053]]],[[[127.812511,34.449612],[127.806488,34.416571],[127.802664,34.408515],[127.790294,34.416449],[127.78655,34.431545],[127.796397,34.45779],[127.801524,34.459744],[127.812511,34.449612]]],[[[126.41212,34.467922],[126.414887,34.458116],[126.408214,34.461208],[126.41212,34.467922]]],[[[126.032563,34.47956],[126.04835,34.497138],[126.062511,34.491116],[126.059418,34.483018],[126.067719,34.482082],[126.038829,34.460639],[126.032563,34.47956]]],[[[127.814138,34.497463],[127.824392,34.496568],[127.818777,34.490505],[127.822927,34.479926],[127.797293,34.475206],[127.797293,34.485012],[127.814138,34.497463]]],[[[131.413015,34.515123],[131.418468,34.500027],[131.406505,34.490953],[131.401134,34.505601],[131.413015,34.515123]]],[[[131.290131,34.506537],[131.276866,34.499091],[131.275971,34.521511],[131.29127,34.513861],[131.290131,34.506537]]],[[[127.112885,34.501573],[127.102143,34.516791],[127.112153,34.521267],[127.120453,34.513251],[127.126801,34.523871],[127.134125,34.522121],[127.12615,34.506049],[127.112885,34.501573]]],[[[127.456147,34.478909],[127.443533,34.495022],[127.458018,34.501451],[127.450776,34.513983],[127.435557,34.519558],[127.450694,34.540351],[127.466482,34.541409],[127.47641,34.53384],[127.462901,34.528713],[127.474132,34.516343],[127.462332,34.513414],[127.499848,34.502346],[127.505138,34.493435],[127.494558,34.485338],[127.456147,34.478909]]],[[[127.395763,34.563218],[127.404959,34.57453],[127.409434,34.580064],[127.40447,34.570095],[127.395763,34.563218]]],[[[127.693207,34.574612],[127.697765,34.567776],[127.693696,34.562812],[127.687999,34.561143],[127.682872,34.569241],[127.671072,34.555976],[127.653982,34.5539],[127.637055,34.567939],[127.657888,34.585517],[127.671072,34.573717],[127.693207,34.574612]]],[[[127.098643,34.595608],[127.092133,34.6081],[127.098725,34.611233],[127.107595,34.604641],[127.098643,34.595608]]],[[[127.565929,34.606187],[127.553884,34.603664],[127.549571,34.594387],[127.542735,34.595974],[127.538422,34.609117],[127.524343,34.604763],[127.522065,34.610419],[127.526622,34.617458],[127.537608,34.613064],[127.550141,34.619371],[127.565929,34.606187]]],[[[125.859711,34.610948],[125.852387,34.603095],[125.820649,34.596096],[125.813975,34.60456],[125.820811,34.608425],[125.80185,34.621405],[125.825613,34.617825],[125.855072,34.628485],[125.859711,34.610948]]],[[[125.974132,34.634101],[125.976817,34.618679],[125.964447,34.627387],[125.951101,34.627712],[125.94573,34.63642],[125.962576,34.644355],[125.974132,34.634101]]],[[[128.578624,34.649156],[128.584239,34.639228],[128.561534,34.632392],[128.578624,34.649156]]],[[[125.455577,34.643581],[125.465994,34.655382],[125.481619,34.656033],[125.465424,34.637356],[125.455577,34.643581]]],[[[128.349457,34.649522],[128.340668,34.66352],[128.380382,34.639065],[128.37558,34.634263],[128.348969,34.637519],[128.342377,34.646064],[128.349457,34.649522]]],[[[126.198822,34.640937],[126.176199,34.623643],[126.16212,34.625881],[126.127615,34.613349],[126.128917,34.641547],[126.115896,34.649359],[126.153982,34.672268],[126.160492,34.669664],[126.158051,34.653551],[126.174246,34.663764],[126.185069,34.653876],[126.187266,34.640611],[126.198822,34.640937]]],[[[128.223643,34.672268],[128.221772,34.680325],[128.228608,34.674099],[128.243175,34.6789],[128.256521,34.675564],[128.2435,34.668484],[128.223643,34.672268]]],[[[125.370779,34.666612],[125.362071,34.676418],[125.374034,34.68126],[125.381358,34.677232],[125.370779,34.666612]]],[[[128.202322,34.695299],[128.19516,34.685858],[128.167898,34.702419],[128.175059,34.710557],[128.195486,34.707139],[128.202322,34.695299]]],[[[126.107758,34.713365],[126.108246,34.701443],[126.102631,34.696519],[126.094574,34.702419],[126.107758,34.713365]]],[[[125.198171,34.682278],[125.197032,34.671617],[125.186371,34.662258],[125.178315,34.68126],[125.188569,34.684719],[125.200531,34.713202],[125.213796,34.715237],[125.214041,34.699205],[125.198171,34.682278]]],[[[127.725759,34.719875],[127.742686,34.706529],[127.732677,34.699652],[127.716482,34.712714],[127.725759,34.719875]]],[[[128.512218,34.734524],[128.492035,34.73192],[128.469574,34.740465],[128.489268,34.748074],[128.512218,34.734524]]],[[[128.292003,34.746365],[128.28769,34.755398],[128.293305,34.761827],[128.307791,34.752305],[128.304047,34.743232],[128.292003,34.746365]]],[[[128.515717,34.765163],[128.557628,34.755357],[128.557628,34.749416],[128.543061,34.748684],[128.508556,34.761217],[128.515717,34.765163]]],[[[119.467052,34.751614],[119.441417,34.774156],[119.450043,34.777533],[119.494477,34.76081],[119.481863,34.748196],[119.467052,34.751614]]],[[[126.317475,34.772488],[126.315033,34.760077],[126.305919,34.779527],[126.317393,34.787624],[126.328543,34.780788],[126.317475,34.772488]]],[[[131.128103,34.784329],[131.135753,34.791002],[131.147716,34.789618],[131.148285,34.780666],[131.161143,34.775824],[131.160492,34.7685],[131.140147,34.759101],[131.128103,34.784329]]],[[[127.441254,34.782253],[127.447358,34.795315],[127.467133,34.800564],[127.465505,34.789984],[127.453136,34.778673],[127.441254,34.782253]]],[[[128.470632,34.760688],[128.461599,34.800727],[128.470144,34.792955],[128.470632,34.81037],[128.476573,34.816514],[128.508474,34.77143],[128.491384,34.757392],[128.470632,34.760688]]],[[[128.140147,34.834784],[128.141856,34.824815],[128.133962,34.823554],[128.126394,34.837307],[128.140147,34.834784]]],[[[128.18629,34.825914],[128.169119,34.847154],[128.173676,34.854438],[128.226736,34.849107],[128.226003,34.84398],[128.18629,34.825914]]],[[[127.694835,34.879136],[127.710134,34.89647],[127.744884,34.891791],[127.722748,34.870836],[127.704356,34.871405],[127.694835,34.879136]]],[[[126.280447,34.936957],[126.262055,34.9678],[126.276134,34.969062],[126.288585,34.961412],[126.300141,34.938218],[126.296316,34.932603],[126.280447,34.936957]]],[[[128.518809,34.922024],[128.513194,34.96251],[128.533214,34.97248],[128.534353,34.961208],[128.525238,34.949123],[128.528819,34.927517],[128.518809,34.922024]]],[[[126.217214,34.98546],[126.215668,34.977159],[126.211681,34.953152],[126.199474,34.969631],[126.20338,34.978258],[126.217214,34.98546]]],[[[126.244721,34.975572],[126.24936,34.998074],[126.243093,35.004462],[126.247406,35.006659],[126.262055,34.999905],[126.271007,34.981716],[126.255056,34.97248],[126.244721,34.975572]]],[[[128.650971,35.019639],[128.645925,34.980251],[128.632009,34.971096],[128.624522,34.979967],[128.61142,34.977281],[128.611908,34.983669],[128.620779,34.987291],[128.618337,34.996772],[128.632416,35.003892],[128.632172,35.010525],[128.650971,35.019639]]],[[[126.177989,34.996609],[126.177582,34.978135],[126.146007,34.965928],[126.14503,34.951158],[126.129487,34.946967],[126.13795,34.988267],[126.151785,34.996772],[126.10491,34.995469],[126.097179,35.00255],[126.133962,35.024563],[126.151622,35.021267],[126.163503,35.003485],[126.177989,34.996609]]],[[[128.561778,35.052191],[128.542491,35.068264],[128.554779,35.069648],[128.561778,35.052191]]],[[[129.069745,35.093495],[129.090398,35.075753],[129.082944,35.064207],[129.097034,35.058723],[129.088846,35.050215],[129.046608,35.079439],[129.04739,35.091608],[129.054914,35.097761],[129.069745,35.093495]]],[[[126.01531,35.081529],[126.010265,35.097032],[126.021007,35.100124],[126.025564,35.075832],[126.01531,35.081529]]],[[[126.140554,35.268948],[126.130219,35.287909],[126.137869,35.297471],[126.149343,35.290147],[126.154145,35.276435],[126.140554,35.268948]]],[[[126.008881,35.354641],[126.021658,35.363023],[126.039073,35.342841],[126.013682,35.331895],[126.015798,35.33747],[126.006196,35.344346],[126.019379,35.345201],[126.008881,35.354641]]],[[[120.159434,35.743313],[120.153331,35.753689],[120.157319,35.767646],[120.175304,35.783189],[120.183442,35.754543],[120.170909,35.743313],[120.159434,35.743313]]],[[[126.625824,35.77912],[126.623627,35.793362],[126.634776,35.800686],[126.641531,35.791815],[126.637869,35.786566],[126.625824,35.77912]]],[[[126.442393,35.831977],[126.485769,35.816026],[126.464447,35.811184],[126.459483,35.82217],[126.452078,35.806505],[126.442393,35.831977]]],[[[126.362966,35.844997],[126.365245,35.852769],[126.378754,35.854071],[126.380544,35.848334],[126.362966,35.844997]]],[[[125.983735,36.116726],[125.985606,36.1105],[125.97991,36.107408],[125.970063,36.119086],[125.978608,36.126207],[125.991222,36.122341],[125.995128,36.111436],[125.983735,36.116726]]],[[[126.077729,36.23428],[126.091156,36.232774],[126.0949,36.224921],[126.064708,36.220771],[126.077729,36.23428]]],[[[126.339203,36.327623],[126.353201,36.355943],[126.358002,36.354153],[126.367686,36.336575],[126.359141,36.326361],[126.339203,36.327623]]],[[[126.450287,36.355292],[126.387462,36.368923],[126.382986,36.375067],[126.386078,36.380357],[126.406179,36.375596],[126.412446,36.383002],[126.428071,36.384955],[126.441173,36.364773],[126.458018,36.361599],[126.450287,36.355292]]],[[[126.054698,36.666734],[126.047862,36.671698],[126.083588,36.690579],[126.079031,36.672349],[126.054698,36.666734]]],[[[125.992035,37.019232],[125.978689,37.040473],[125.986664,37.040391],[125.990571,37.029405],[126.013927,37.028469],[126.00823,37.020616],[125.992035,37.019232]]],[[[126.418305,37.057156],[126.421153,37.062323],[126.445323,37.057359],[126.448009,37.049262],[126.429535,37.041368],[126.418305,37.057156]]],[[[125.948822,37.067247],[125.940766,37.082831],[125.947602,37.094672],[125.964854,37.089057],[125.964529,37.081732],[125.952485,37.083075],[125.948822,37.067247]]],[[[126.072846,37.093736],[126.059744,37.095933],[126.065603,37.103705],[126.085134,37.106838],[126.075369,37.082831],[126.063324,37.087185],[126.072846,37.093736]]],[[[126.388601,37.115261],[126.392914,37.097805],[126.381196,37.103868],[126.38144,37.114895],[126.388601,37.115261]]],[[[126.250011,37.169298],[126.244965,37.177843],[126.258393,37.182522],[126.280691,37.156968],[126.250011,37.169298]]],[[[126.112966,37.18008],[126.109467,37.165066],[126.095225,37.165391],[126.087657,37.18065],[126.100759,37.186265],[126.112966,37.18008]]],[[[126.630707,37.21719],[126.626475,37.225653],[126.633556,37.232978],[126.642751,37.229519],[126.647065,37.211737],[126.630707,37.21719]]],[[[126.340343,37.255154],[126.322032,37.244737],[126.296397,37.251573],[126.280691,37.26321],[126.287608,37.268744],[126.337413,37.260525],[126.340343,37.255154]]],[[[126.436127,37.371975],[126.412364,37.367458],[126.399343,37.391913],[126.403168,37.407131],[126.417491,37.403388],[126.434662,37.387397],[126.436127,37.371975]]],[[[122.20753,37.496405],[122.165375,37.50259],[122.180268,37.512966],[122.20753,37.496405]]],[[[126.472504,37.533474],[126.465099,37.511094],[126.431977,37.522203],[126.458751,37.539862],[126.472504,37.533474]]],[[[126.331554,37.52558],[126.312511,37.55622],[126.334321,37.549384],[126.348481,37.537421],[126.382335,37.532091],[126.331554,37.52558]]],[[[125.705821,37.601671],[125.708832,37.611029],[125.718598,37.613837],[125.7199,37.608791],[125.705821,37.601671]]],[[[126.23935,37.636054],[126.22698,37.65119],[126.252778,37.653225],[126.253591,37.634385],[126.260346,37.627997],[126.23935,37.636054]]],[[[126.179617,37.667467],[126.157888,37.674018],[126.194835,37.683865],[126.206472,37.661404],[126.203787,37.654975],[126.195486,37.655911],[126.179617,37.667467]]],[[[126.125173,37.682644],[126.12322,37.68887],[126.130219,37.691352],[126.142019,37.686998],[126.138682,37.679551],[126.125173,37.682644]]],[[[126.232107,37.714382],[126.218435,37.720649],[126.236827,37.72248],[126.243093,37.716986],[126.232107,37.714382]]],[[[125.650401,37.73371],[125.646658,37.735256],[125.649587,37.737942],[125.650401,37.73371]]],[[[125.214285,37.755154],[125.239919,37.754747],[125.238129,37.74079],[125.234955,37.739976],[125.214285,37.755154]]],[[[124.765229,37.778551],[124.76824,37.76968],[124.751882,37.77025],[124.729828,37.758612],[124.743175,37.778144],[124.765229,37.778551]]],[[[125.904633,37.769232],[125.888276,37.76793],[125.895925,37.778551],[125.90211,37.774848],[125.921316,37.784084],[125.904633,37.769232]]],[[[125.359955,37.810533],[125.3296,37.781073],[125.336436,37.80036],[125.351329,37.811713],[125.359955,37.810533]]],[[[125.773774,37.809719],[125.77003,37.796658],[125.760102,37.798529],[125.762462,37.81037],[125.773774,37.809719]]],[[[124.96518,37.915758],[124.958344,37.914415],[124.957042,37.927802],[124.966238,37.92418],[124.96518,37.915758]]],[[[124.823822,38.051418],[124.819591,38.058702],[124.824148,38.061387],[124.823822,38.051418]]],[[[124.97934,38.62519],[124.985037,38.639635],[124.996755,38.637519],[125.003998,38.647528],[124.985362,38.647325],[124.988292,38.67357],[125.007823,38.657497],[125.020193,38.659044],[125.007498,38.636298],[124.984386,38.622667],[124.97934,38.62519]]],[[[121.82602,38.860582],[121.823578,38.890245],[121.833751,38.892646],[121.83839,38.870551],[121.82602,38.860582]]],[[[117.731503,38.954469],[117.769123,38.943906],[117.762132,38.929277],[117.778205,38.92708],[117.785638,38.938446],[117.814789,38.930446],[117.810865,38.914665],[117.789289,38.90463],[117.760962,38.909365],[117.718365,38.921352],[117.69711,38.934768],[117.713711,38.966441],[117.731503,38.954469]]],[[[117.729952,38.976724],[117.879402,38.946554],[117.88005,38.930526],[117.733231,38.964288],[117.720451,38.973943],[117.729952,38.976724]]],[[[122.713796,39.021633],[122.712087,39.045681],[122.721528,39.04918],[122.727306,39.038479],[122.760427,39.016669],[122.758149,39.010443],[122.747406,39.009345],[122.713796,39.021633]]],[[[117.796251,39.049901],[117.826843,38.983718],[117.819697,38.977408],[117.803232,38.979609],[117.791224,38.989276],[117.77335,39.047577],[117.796251,39.049901]]],[[[127.527843,39.219346],[127.515473,39.224962],[127.537039,39.224189],[127.527843,39.219346]]],[[[122.497976,39.219346],[122.487966,39.23314],[122.501882,39.234931],[122.544444,39.230333],[122.535899,39.223538],[122.497976,39.219346]]],[[[127.617198,39.222398],[127.622895,39.238186],[127.639252,39.235704],[127.640229,39.226182],[127.617198,39.222398]]],[[[124.716156,39.414171],[124.72698,39.421129],[124.732921,39.418077],[124.716807,39.408108],[124.716156,39.414171]]],[[[123.060639,39.432196],[123.049653,39.451646],[123.055675,39.454779],[123.093516,39.442939],[123.085785,39.442491],[123.081554,39.423651],[123.060639,39.432196]]],[[[124.773448,39.447333],[124.769135,39.465481],[124.792003,39.459133],[124.773448,39.447333]]],[[[124.623383,39.473009],[124.630544,39.463406],[124.627045,39.461575],[124.621267,39.468695],[124.623383,39.473009]]],[[[124.631358,39.489651],[124.621918,39.4855],[124.617931,39.493232],[124.625092,39.498969],[124.631358,39.489651]]],[[[125.111746,39.503363],[125.109711,39.509263],[125.114594,39.509101],[125.111746,39.503363]]],[[[124.809662,39.514146],[124.801524,39.518948],[124.812673,39.513332],[124.809662,39.514146]]],[[[125.210704,39.517076],[125.19516,39.531236],[125.203787,39.534329],[125.217621,39.525173],[125.210704,39.517076]]],[[[125.144542,39.520779],[125.131928,39.529853],[125.138194,39.536607],[125.163422,39.540758],[125.144542,39.520779]]],[[[125.163585,39.544135],[125.137625,39.555569],[125.160492,39.555609],[125.163585,39.544135]]],[[[124.734141,39.54446],[124.736583,39.558661],[124.741466,39.558214],[124.734141,39.54446]]],[[[124.763357,39.619249],[124.754731,39.614895],[124.759288,39.626085],[124.763357,39.619249]]],[[[124.908458,39.622341],[124.898855,39.628567],[124.905365,39.63231],[124.908458,39.622341]]],[[[124.76474,39.63109],[124.757986,39.632717],[124.759613,39.640082],[124.768077,39.639797],[124.76474,39.63109]]],[[[124.838715,39.637926],[124.825206,39.644924],[124.842296,39.643785],[124.838715,39.637926]]],[[[124.45696,39.682807],[124.447927,39.686387],[124.453787,39.687649],[124.45696,39.682807]]],[[[124.521739,39.711493],[124.517507,39.717678],[124.548839,39.730129],[124.526703,39.72016],[124.521739,39.711493]]],[[[124.352631,39.87523],[124.344981,39.862982],[124.334565,39.86579],[124.332612,39.883205],[124.341156,39.885199],[124.352631,39.87523]]],[[[124.323578,39.892361],[124.32073,39.900702],[124.340343,39.892808],[124.335297,39.888617],[124.323578,39.892361]]],[[[124.304373,39.932563],[124.305512,39.928616],[124.292003,39.91946],[124.304373,39.932563]]],[[[124.36085,39.949042],[124.3449,39.939358],[124.358897,39.962144],[124.36085,39.949042]]],[[[128.168224,39.98725],[128.163178,39.992906],[128.175955,39.997504],[128.174815,40.009263],[128.198009,40.001614],[128.207937,40.009508],[128.211762,39.996161],[128.229096,40.011461],[128.220063,39.992336],[128.168224,39.98725]]],[[[120.785085,40.470689],[120.774343,40.485419],[120.790294,40.492987],[120.79184,40.507025],[120.799978,40.507066],[120.806651,40.516262],[120.821056,40.511257],[120.825938,40.492296],[120.785085,40.470689]]],[[[130.273936,42.146308],[130.263682,42.167507],[130.273855,42.177436],[130.285004,42.170315],[130.287771,42.156928],[130.273936,42.146308]]],[[[130.909841,42.456081],[130.910004,42.471788],[130.931163,42.475694],[130.933116,42.467515],[130.909841,42.456081]]],[[[131.460867,42.637152],[131.439138,42.639635],[131.420339,42.643378],[131.455089,42.651638],[131.463959,42.672634],[131.472016,42.670762],[131.460867,42.637152]]],[[[131.650157,42.859524],[131.639496,42.865424],[131.659028,42.885688],[131.675304,42.891588],[131.678477,42.874172],[131.661143,42.875556],[131.659272,42.864651],[131.650157,42.859524]]],[[[131.744884,42.919827],[131.745372,42.906236],[131.723074,42.897528],[131.714773,42.901597],[131.712087,42.91885],[131.718435,42.924343],[131.744884,42.919827]]],[[[131.710867,42.951768],[131.709727,42.977769],[131.724213,42.984239],[131.727224,42.995347],[131.75644,42.959296],[131.736664,42.95071],[131.726736,42.932196],[131.710867,42.951768]]],[[[131.861042,37.244006],[131.861704,37.241606],[131.860148,37.242399],[131.861042,37.244006]]],[[[117.753887,15.154369],[117.753887,15.150082],[117.751856,15.151887],[117.753887,15.154369]]]]}}]}