{"type":"FeatureCollection","features":[{"type":"Feature","properties":{},"geometry":{"type":"MultiPolygon","coordinates":[[[[109.104828,15.389919],[109.129812,15.390204],[109.144216,15.378892],[109.118826,15.370673],[109.104828,15.389919]]],[[[97.664399,15.504096],[97.65089,15.592231],[97.671641,15.549994],[97.664399,15.504096]]],[[[95.065847,15.736355],[95.022146,15.727729],[95.052501,15.750678],[95.065847,15.736355]]],[[[111.199392,15.789211],[111.2046,15.779242],[111.194102,15.776109],[111.199392,15.789211]]],[[[94.841563,15.877427],[94.803722,15.796576],[94.724864,15.811957],[94.823253,15.945787],[94.841563,15.877427]]],[[[108.540457,15.920559],[108.508474,15.975816],[108.538748,15.953518],[108.540457,15.920559]]],[[[94.478038,15.966132],[94.40268,15.83926],[94.389659,16.000922],[94.485362,16.058987],[94.642833,16.24551],[94.667491,16.171942],[94.629649,16.075181],[94.569591,16.005194],[94.478038,15.966132]]],[[[111.761404,16.048651],[111.763357,16.043443],[111.753103,16.044664],[111.761404,16.048651]]],[[[97.484874,16.363918],[97.459646,16.477362],[97.520518,16.510891],[97.606293,16.483547],[97.547461,16.199928],[97.459269,16.301362],[97.484874,16.363918]]],[[[111.506928,16.443549],[111.51002,16.444729],[111.508149,16.442043],[111.506928,16.443549]]],[[[111.710948,16.450344],[111.713715,16.449449],[111.71225,16.447414],[111.710948,16.450344]]],[[[111.701427,16.453884],[111.704194,16.452948],[111.70281,16.450914],[111.701427,16.453884]]],[[[111.744314,16.459133],[111.742849,16.457139],[111.741547,16.460069],[111.744314,16.459133]]],[[[111.602875,16.533352],[111.606293,16.524237],[111.599864,16.527493],[111.602875,16.533352]]],[[[111.658214,16.546536],[111.660981,16.5456],[111.659516,16.543606],[111.658214,16.546536]]],[[[111.712576,16.546617],[111.715343,16.545722],[111.713959,16.543687],[111.712576,16.546617]]],[[[111.672048,16.572903],[111.674897,16.571967],[111.673432,16.569932],[111.672048,16.572903]]],[[[111.705903,16.575181],[111.703949,16.573188],[111.70281,16.5751],[111.705903,16.575181]]],[[[111.681651,16.580186],[111.680268,16.578152],[111.678884,16.581122],[111.681651,16.580186]]],[[[112.31422,16.953843],[112.316091,16.952541],[112.314301,16.951687],[112.31422,16.953843]]],[[[112.197032,16.972357],[112.198741,16.975653],[112.200206,16.97427],[112.197032,16.972357]]],[[[93.484141,18.874986],[93.621755,18.910346],[93.663341,18.873196],[93.749522,18.86518],[93.759044,18.755561],[93.731944,18.689683],[93.645274,18.679348],[93.484141,18.874986]]],[[[110.818533,19.591051],[110.862641,19.60871],[110.794444,19.601264],[110.821788,19.554104],[110.796235,19.484605],[110.669688,19.381741],[110.677908,19.334377],[110.641368,19.312445],[110.580333,19.155178],[110.479177,19.169257],[110.507335,19.132229],[110.546235,19.139879],[110.554942,19.087348],[110.582286,19.150051],[110.513357,18.906399],[110.431488,18.821479],[110.492849,18.793118],[110.503429,18.881903],[110.534434,18.785631],[110.469005,18.777167],[110.403494,18.662787],[110.335216,18.673326],[110.410899,18.690131],[110.403494,18.703762],[110.270844,18.668158],[110.088145,18.50434],[110.03419,18.511949],[110.08253,18.477769],[110.040294,18.38227],[109.968598,18.389838],[110.013682,18.408922],[110.020518,18.450507],[109.83546,18.38227],[109.746104,18.395901],[109.731781,18.273017],[109.670421,18.273017],[109.739268,18.258734],[109.708751,18.207221],[109.677257,18.245063],[109.60613,18.208889],[109.615733,18.176174],[109.561209,18.169338],[109.561209,18.258734],[109.533946,18.210354],[109.478689,18.192694],[109.506521,18.252753],[109.439952,18.288967],[109.162608,18.287828],[109.135997,18.361151],[108.990896,18.36872],[108.795584,18.486558],[108.684906,18.515204],[108.693614,18.719875],[108.623871,18.849189],[108.656261,18.943996],[108.615245,19.10163],[108.683442,19.156236],[108.66391,19.209621],[108.622081,19.217719],[108.626964,19.27497],[108.686534,19.377875],[108.76295,19.388983],[108.92449,19.506252],[108.944835,19.492011],[109.008474,19.597073],[109.156505,19.649644],[109.211192,19.724799],[109.307384,19.711127],[109.274669,19.757229],[109.307384,19.786851],[109.273204,19.793647],[109.163341,19.724799],[109.16684,19.805487],[109.255138,19.898342],[109.311371,19.919501],[109.3213,19.892035],[109.443614,19.872992],[109.465017,19.834052],[109.581716,19.855699],[109.520193,19.882473],[109.557465,19.917304],[109.527029,19.951361],[109.719005,20.010647],[109.71811,19.957506],[109.737559,19.978095],[109.807628,19.951361],[109.815929,19.991197],[109.83546,19.930854],[109.883311,19.984849],[109.942638,19.990912],[109.975597,19.932278],[109.951508,19.930854],[109.990082,19.905951],[110.013682,19.957506],[110.122732,19.974311],[110.149587,20.006578],[110.068207,19.984849],[110.129731,20.012763],[110.156993,20.067369],[110.260997,20.033149],[110.344737,20.058051],[110.417735,19.923407],[110.382986,20.081041],[110.57545,19.999172],[110.605805,19.923163],[110.62322,19.971829],[110.566173,20.069525],[110.677908,20.16356],[110.710948,20.075181],[110.788341,20.010403],[110.934581,19.995063],[110.994395,19.694281],[111.034679,19.642239],[110.965831,19.635972],[110.858653,19.534817],[110.818533,19.591051]]],[[[105.935557,19.381863],[105.929047,19.359076],[105.920502,19.376288],[105.935557,19.381863]]],[[[93.773774,19.298774],[93.730479,19.419257],[93.641775,19.492011],[93.688162,19.559475],[93.970714,19.416938],[93.965831,19.363023],[93.898936,19.30329],[93.862804,19.307766],[93.864919,19.282864],[93.773774,19.298774]]],[[[93.49879,19.88703],[93.516856,19.777167],[93.511974,19.745836],[93.440684,19.81094],[93.402843,19.95307],[93.49879,19.88703]]],[[[92.952891,20.063056],[93.024913,19.827826],[92.91684,20.088935],[92.952891,20.063056]]],[[[107.745616,20.139716],[107.730479,20.126003],[107.72755,20.129014],[107.745616,20.139716]]],[[[110.457286,20.586859],[110.417654,20.654771],[110.437022,20.667914],[110.471365,20.647366],[110.457286,20.586859]]],[[[107.471121,20.737698],[107.466319,20.720404],[107.452647,20.714464],[107.471121,20.737698]]],[[[107.146821,20.740587],[107.129893,20.748318],[107.144054,20.765652],[107.146821,20.740587]]],[[[107.494802,20.77676],[107.481863,20.755601],[107.475841,20.762112],[107.494802,20.77676]]],[[[107.401947,20.788886],[107.420909,20.783637],[107.41391,20.768297],[107.401947,20.788886]]],[[[107.1338,20.772528],[107.118826,20.805569],[107.128998,20.80508],[107.1338,20.772528]]],[[[107.067393,20.749742],[107.046153,20.70425],[106.912852,20.8369],[106.957367,20.876776],[107.005138,20.842027],[107.022716,20.86225],[107.107677,20.800442],[107.066091,20.814114],[107.073497,20.780585],[107.031912,20.787421],[107.067393,20.749742]]],[[[107.341075,20.842597],[107.381196,20.818915],[107.380219,20.797553],[107.350271,20.81094],[107.341075,20.842597]]],[[[106.814952,20.814276],[106.765798,20.824978],[106.766124,20.846055],[106.814952,20.814276]]],[[[107.101899,20.856513],[107.1067,20.82746],[107.085785,20.842475],[107.101899,20.856513]]],[[[107.294444,20.838935],[107.272309,20.832587],[107.286713,20.855333],[107.294444,20.838935]]],[[[106.900401,20.864325],[106.881521,20.847154],[106.891775,20.873114],[106.900401,20.864325]]],[[[106.770681,20.858588],[106.785411,20.930813],[106.824555,20.915188],[106.886485,20.796129],[106.847504,20.797309],[106.819591,20.876776],[106.819591,20.842027],[106.770681,20.858588]]],[[[106.764985,20.847764],[106.737071,20.863267],[106.725515,20.874783],[106.753266,20.871283],[106.764985,20.847764]]],[[[107.188813,20.879706],[107.210053,20.875718],[107.207693,20.865098],[107.188813,20.879706]]],[[[107.367686,20.858385],[107.33253,20.883287],[107.392345,20.88467],[107.367686,20.858385]]],[[[107.295746,20.906724],[107.324392,20.870307],[107.293712,20.905015],[107.295746,20.906724]]],[[[107.470714,20.883002],[107.516124,20.895657],[107.553233,20.972357],[107.545177,20.919135],[107.463878,20.814114],[107.470714,20.883002]]],[[[107.326345,20.880845],[107.309744,20.905219],[107.315278,20.911363],[107.326345,20.880845]]],[[[110.595876,20.958726],[110.630382,20.925767],[110.589203,20.88349],[110.547537,20.917711],[110.595876,20.958726]]],[[[106.977224,20.931383],[106.997244,20.929226],[106.991059,20.916978],[106.977224,20.931383]]],[[[107.439301,20.957628],[107.420421,20.917426],[107.350759,20.904731],[107.406098,20.918118],[107.439301,20.957628]]],[[[107.316091,20.939927],[107.347911,20.934312],[107.39031,20.959377],[107.34962,20.924343],[107.316091,20.939927]]],[[[106.955089,20.939236],[106.932221,20.939032],[106.93686,20.952053],[106.955089,20.939236]]],[[[107.031261,20.974351],[107.061615,20.961859],[107.019379,20.95421],[107.031261,20.974351]]],[[[107.49171,20.964911],[107.55836,21.034735],[107.511729,20.923977],[107.39503,20.897284],[107.49171,20.964911]]],[[[106.753591,20.988918],[106.760102,20.947008],[106.68686,20.981879],[106.72698,20.968655],[106.753591,20.988918]]],[[[107.745128,21.020168],[107.77296,20.992255],[107.738292,20.937649],[107.745128,21.020168]]],[[[107.827403,20.989081],[107.825694,21.02497],[107.856293,21.033271],[107.852794,21.019924],[107.827403,20.989081]]],[[[110.24586,20.986029],[110.24586,21.027574],[110.287364,21.03384],[110.273123,21.061103],[110.309906,21.052924],[110.335216,21.06859],[110.287364,21.074449],[110.389822,21.095893],[110.417735,21.040595],[110.507091,21.082221],[110.545584,21.057359],[110.516938,20.937649],[110.441417,21.005845],[110.24586,20.986029]]],[[[109.099864,21.060696],[109.127696,21.032172],[109.095958,21.02204],[109.099864,21.060696]]],[[[107.628266,21.120185],[107.5796,20.98314],[107.559418,20.986029],[107.594249,21.089057],[107.628266,21.120185]]],[[[107.496918,21.039049],[107.553152,21.113756],[107.581798,21.11758],[107.496918,21.039049]]],[[[107.581716,21.129299],[107.563487,21.117621],[107.560313,21.127427],[107.581716,21.129299]]],[[[110.565196,21.112616],[110.417735,21.184638],[110.543224,21.204169],[110.568614,21.191474],[110.554942,21.156724],[110.616954,21.19892],[110.565196,21.112616]]],[[[107.388682,21.047512],[107.455333,21.275702],[107.532725,21.19892],[107.603201,21.219306],[107.388682,21.047512]]],[[[107.657563,21.148057],[107.679454,21.210924],[107.658295,21.139431],[107.657563,21.148057]]],[[[107.980968,21.242214],[107.953624,21.233629],[107.9546,21.239569],[107.980968,21.242214]]],[[[107.599457,21.237779],[107.638031,21.258612],[107.615245,21.232978],[107.599457,21.237779]]],[[[107.542084,21.259019],[107.572765,21.273179],[107.587901,21.261501],[107.561046,21.252183],[107.542084,21.259019]]],[[[107.5324,21.263983],[107.533132,21.285386],[107.557058,21.281562],[107.5324,21.263983]]],[[[107.69988,21.291775],[107.660248,21.266832],[107.676443,21.287502],[107.69988,21.291775]]],[[[107.796967,21.293036],[107.75408,21.283718],[107.759369,21.290839],[107.796967,21.293036]]],[[[107.725841,21.323472],[107.817068,21.348538],[107.711436,21.307563],[107.725841,21.323472]]],[[[107.826915,21.370266],[107.868663,21.390082],[107.998302,21.403754],[107.854259,21.350409],[107.872813,21.374213],[107.826915,21.370266]]],[[[108.160004,21.544176],[108.177013,21.530056],[108.126557,21.520413],[108.160004,21.544176]]],[[[111.809337,21.565497],[111.835297,21.643948],[111.928233,21.664455],[112.007335,21.643948],[111.981456,21.612047],[111.809337,21.565497]]],[[[108.565522,21.77383],[108.577403,21.771145],[108.576345,21.759101],[108.565522,21.77383]]],[[[131.815684,43.336737],[131.722667,43.209784],[131.763927,43.185858],[131.694672,43.202338],[131.646983,43.16885],[131.694672,43.174994],[131.562999,43.038316],[131.564952,42.996283],[131.499522,42.999986],[131.496104,42.942288],[131.393891,42.945014],[131.400401,42.873358],[131.47169,42.873236],[131.378917,42.831122],[131.352017,42.774328],[131.273127,42.777331],[131.236447,42.706644],[131.262299,42.681098],[131.201182,42.614025],[131.23409,42.588854],[131.213275,42.551393],[131.167003,42.575629],[131.18065,42.605205],[131.126903,42.617256],[131.120347,42.66719],[130.889659,42.599595],[130.815478,42.634172],[130.93214,42.618354],[130.949714,42.653123],[130.786981,42.653764],[130.83701,42.691592],[130.720758,42.700025],[130.660789,42.643185],[130.732921,42.615546],[130.729503,42.579169],[130.774181,42.596829],[130.872895,42.527655],[130.843028,42.519761],[130.838715,42.472357],[130.786632,42.461859],[130.703603,42.295241],[130.597544,42.26278],[130.594981,42.298163],[130.51019,42.33578],[130.40745,42.324577],[130.384157,42.291195],[130.40089,42.242499],[130.367992,42.255687],[130.307026,42.183154],[130.294182,42.237045],[130.202274,42.173551],[130.199311,42.101304],[130.159432,42.072838],[130.073041,42.078459],[130.033879,41.995514],[130.01495,42.014404],[129.982188,41.982652],[130.002696,41.962226],[129.964692,41.898749],[129.89674,41.904263],[129.85246,41.764923],[129.77476,41.759417],[129.648798,41.549403],[129.659403,41.464647],[129.806163,41.376044],[129.711925,41.122626],[129.728282,40.978705],[129.764891,40.944414],[129.716558,40.834586],[129.571773,40.839716],[129.351687,40.745343],[129.303233,40.673651],[129.233482,40.705714],[129.172618,40.568915],[129.077564,40.472565],[128.975812,40.459933],[128.860532,40.371848],[128.636489,40.313217],[128.616447,40.271443],[128.656722,40.25714],[128.664561,40.201239],[128.364765,40.09689],[128.327753,40.028216],[128.263444,40.077105],[128.234386,40.029364],[128.155121,40.016303],[128.006847,40.045152],[127.940033,39.974758],[127.906659,39.983942],[127.874604,39.892808],[127.78183,39.885403],[127.794037,39.865668],[127.69575,39.848201],[127.663291,39.806801],[127.623749,39.830935],[127.514415,39.738593],[127.512218,39.649482],[127.574555,39.595038],[127.520439,39.510465],[127.562104,39.31623],[127.521821,39.31623],[127.542247,39.371487],[127.495128,39.433417],[127.378429,39.378852],[127.473399,39.347561],[127.391938,39.341864],[127.37203,39.240426],[127.393403,39.201728],[127.45224,39.165961],[127.491303,39.194892],[127.531749,39.146145],[127.759288,39.117011],[128.014659,38.85814],[128.091156,38.843736],[128.210216,38.727729],[128.282807,38.755072],[128.347667,38.696723],[128.631602,38.144965],[129.06422,37.67886],[129.073334,37.613023],[129.331065,37.282172],[129.378917,37.130113],[129.434093,37.061103],[129.41269,37.018052],[129.473888,36.730618],[129.422618,36.616645],[129.440929,36.407945],[129.386567,36.322699],[129.382335,36.20185],[129.430512,36.097398],[129.380859,36.041487],[129.453331,35.993287],[129.554795,36.082478],[129.58725,36.016913],[129.53559,35.939036],[129.443053,35.63609],[129.467275,35.599668],[129.4546,35.513251],[129.412852,35.472073],[129.373546,35.532782],[129.391856,35.475735],[129.357758,35.451809],[129.360444,35.353583],[129.269206,35.316767],[129.228479,35.200531],[129.194347,35.155504],[129.120257,35.149617],[129.12347,35.100845],[129.06384,35.120847],[129.021862,35.059983],[128.997026,35.075728],[129.000402,35.04595],[128.965125,35.043649],[128.95801,35.136897],[128.91842,35.081882],[128.897926,35.121305],[128.882186,35.081485],[128.791555,35.082953],[128.781077,35.111062],[128.761971,35.079392],[128.70045,35.096137],[128.6963,35.1435],[128.679942,35.115953],[128.617931,35.143256],[128.602061,35.213935],[128.577891,35.178656],[128.65211,35.061347],[128.511241,35.104234],[128.389171,35.049018],[128.37143,35.006781],[128.488129,35.051174],[128.499604,35.009223],[128.420014,34.982733],[128.432953,34.890692],[128.474457,34.890692],[128.41293,34.837635],[128.383397,34.854587],[128.415863,34.862738],[128.326508,34.889065],[128.357758,34.909898],[128.335053,34.947333],[128.302257,34.908026],[128.224132,34.937893],[128.207042,34.890692],[128.055675,34.931627],[128.069347,35.082465],[128.000987,35.034084],[128.006847,34.991767],[127.953868,34.978827],[127.925792,35.019761],[127.891205,34.946682],[127.744395,34.960191],[127.719249,34.990058],[127.709239,34.940416],[127.641124,34.899115],[127.591563,34.946438],[127.576427,34.896918],[127.646007,34.816067],[127.775645,34.849066],[127.749848,34.737128],[127.656261,34.731269],[127.624278,34.698228],[127.640717,34.617987],[127.560802,34.662177],[127.584483,34.746243],[127.521251,34.889838],[127.483897,34.839545],[127.365326,34.824042],[127.425548,34.800727],[127.357921,34.759711],[127.395274,34.756659],[127.406016,34.700019],[127.50359,34.591325],[127.349376,34.585842],[127.357921,34.554267],[127.43922,34.540676],[127.327802,34.473929],[127.343598,34.445014],[127.223481,34.54682],[127.17921,34.513332],[127.124522,34.540676],[127.21339,34.636868],[127.192882,34.574774],[127.246674,34.583726],[127.240571,34.670966],[127.27475,34.705146],[127.314464,34.651923],[127.357921,34.698228],[127.331554,34.741156],[127.290782,34.721381],[127.248057,34.766547],[127.199718,34.691474],[127.136241,34.688056],[127.010265,34.612494],[126.994151,34.540676],[126.938975,34.495917],[126.940766,34.454576],[126.896007,34.449937],[126.89796,34.417711],[126.809825,34.451239],[126.806651,34.568549],[126.777843,34.586493],[126.765961,34.523383],[126.735118,34.514879],[126.761485,34.479193],[126.633637,34.395697],[126.603282,34.300442],[126.521251,34.294176],[126.527436,34.341376],[126.479584,34.348822],[126.517589,34.413764],[126.475841,34.433254],[126.470307,34.496487],[126.541759,34.513332],[126.513764,34.53384],[126.539643,34.562974],[126.39088,34.53384],[126.346039,34.584621],[126.295258,34.589057],[126.318614,34.619127],[126.271088,34.642483],[126.298432,34.753485],[126.3567,34.698228],[126.382335,34.602729],[126.472748,34.602037],[126.434997,34.606786],[126.416108,34.652737],[126.386134,34.635835],[126.378613,34.711182],[126.447881,34.705879],[126.452891,34.670966],[126.535711,34.623178],[126.519111,34.65037],[126.602701,34.625532],[126.623627,34.62995],[126.508393,34.718492],[126.364017,34.74916],[126.460149,34.778755],[126.534923,34.746039],[126.544444,34.795722],[126.665294,34.808092],[126.575776,34.821763],[126.567638,34.901435],[126.513276,34.782294],[126.487153,34.813788],[126.373546,34.790717],[126.425059,34.890692],[126.397716,34.951483],[126.436371,34.981391],[126.370616,34.968492],[126.363292,34.927436],[126.315196,34.937893],[126.301524,34.972602],[126.349213,34.972602],[126.374115,35.016832],[126.320649,35.083319],[126.288341,35.052965],[126.254242,35.12344],[126.289073,35.13939],[126.315196,35.115953],[126.343028,35.156968],[126.344981,35.096422],[126.411388,35.061347],[126.425059,35.019761],[126.452403,35.100287],[126.371104,35.173529],[126.363536,35.239488],[126.30893,35.233303],[126.377289,35.25259],[126.3567,35.259996],[126.411388,35.369859],[126.458507,35.345445],[126.418224,35.394029],[126.492663,35.525333],[126.642889,35.572775],[126.692475,35.534369],[126.670177,35.58869],[126.513158,35.576897],[126.463736,35.601973],[126.467559,35.639638],[126.597168,35.71389],[126.662154,35.792998],[126.781993,35.76024],[126.791026,35.791449],[126.70338,35.848456],[126.837494,35.893297],[126.612289,35.890224],[126.608809,35.931127],[126.525736,35.940359],[126.521417,35.97052],[126.744477,35.989569],[126.870697,36.061957],[126.692475,35.999905],[126.589447,36.130805],[126.529172,36.153514],[126.493419,36.130805],[126.531357,36.17394],[126.603282,36.17182],[126.534923,36.219631],[126.582612,36.294664],[126.513764,36.322659],[126.582612,36.353013],[126.5206,36.373603],[126.498779,36.420106],[126.617442,36.473456],[126.497651,36.448391],[126.483409,36.497016],[126.513927,36.528795],[126.470329,36.540199],[126.457657,36.595596],[126.519867,36.626166],[126.483799,36.649603],[126.50803,36.670413],[126.474535,36.687885],[126.500743,36.719875],[126.479584,36.747138],[126.437999,36.716457],[126.424238,36.606581],[126.36715,36.629065],[126.377909,36.702582],[126.343028,36.740383],[126.301524,36.699368],[126.343028,36.610012],[126.295258,36.582709],[126.274181,36.719875],[126.177745,36.673245],[126.156993,36.702053],[126.21339,36.726711],[126.158214,36.76081],[126.132823,36.703843],[126.128184,36.761298],[126.165619,36.816067],[126.21339,36.781317],[126.192231,36.80858],[126.240001,36.816067],[126.198741,36.823228],[126.192231,36.885932],[126.233897,36.904202],[126.229991,36.873033],[126.275238,36.874742],[126.30893,36.966864],[126.323497,36.883246],[126.282725,36.803697],[126.3567,36.788764],[126.328705,36.846991],[126.404552,36.857001],[126.377289,36.876899],[126.4192,36.922309],[126.353852,36.955227],[126.376475,36.974921],[126.335704,36.986762],[126.353038,36.999986],[126.445404,37.003404],[126.432384,36.961982],[126.478526,36.935858],[126.483897,36.841498],[126.519135,36.947903],[126.582612,36.898017],[126.493419,36.997016],[126.572113,36.977484],[126.500743,37.054999],[126.626095,36.996104],[126.631114,36.911607],[126.681544,36.994704],[126.796235,36.955756],[126.781993,36.891181],[126.83017,36.910224],[126.850841,36.753974],[126.863292,36.829088],[126.904796,36.822252],[126.860199,36.869574],[126.989513,36.918606],[126.994151,36.966864],[127.042003,36.993598],[126.982188,36.98017],[126.969086,36.932034],[126.91269,36.929633],[126.82441,37.002616],[126.910981,37.014106],[126.890473,37.095933],[126.849132,37.037299],[126.751191,37.070092],[126.778268,37.132804],[126.870697,37.175482],[126.829845,37.158677],[126.802338,37.18537],[126.702891,37.124701],[126.706879,37.164862],[126.668468,37.161811],[126.719005,37.212877],[126.680186,37.217678],[126.67213,37.261705],[126.767589,37.254299],[126.781993,37.22016],[126.819184,37.2744],[126.870697,37.26789],[126.689793,37.332486],[126.717162,37.383839],[126.64034,37.36439],[126.615087,37.379745],[126.638629,37.413791],[126.595985,37.439657],[126.604761,37.485697],[126.644163,37.504385],[126.601106,37.506802],[126.531016,37.754706],[126.648529,37.765041],[126.661469,37.672431],[126.755219,37.637885],[126.678803,37.686265],[126.699962,37.829657],[126.576182,37.777533],[126.378673,37.889594],[126.158214,37.829657],[126.158214,37.733466],[126.110362,37.740912],[126.062836,37.802232],[126.055756,37.870592],[126.012787,37.854315],[125.959483,37.912177],[125.986176,37.822821],[125.921641,37.844875],[125.805186,37.951565],[125.799327,37.992906],[125.596934,38.032213],[125.596528,37.992255],[125.675385,37.977607],[125.678315,37.952541],[125.71933,37.952541],[125.698822,37.925238],[125.739757,37.925238],[125.685069,37.898586],[125.630626,37.925238],[125.644135,37.822821],[125.609223,37.806301],[125.620128,37.765326],[125.528901,37.772528],[125.527599,37.796129],[125.47462,37.731187],[125.385265,37.716376],[125.347504,37.675605],[125.36378,37.760891],[125.444916,37.7744],[125.389903,37.796129],[125.524181,37.817816],[125.527599,37.843329],[125.479096,37.857611],[125.510102,37.894273],[125.424408,37.912177],[125.383556,37.89175],[125.444916,37.843329],[125.349376,37.864407],[125.377289,37.843329],[125.30836,37.809149],[125.239513,37.822821],[125.30836,37.878079],[125.26002,37.932685],[125.176606,37.867621],[125.013194,37.905992],[125.01352,37.939521],[124.979503,37.925238],[125.062022,37.978583],[125.175385,37.969916],[125.1067,38.034613],[125.201671,38.049384],[125.246349,38.020087],[125.264903,38.077948],[125.140636,38.097805],[125.01352,38.062405],[124.885265,38.131659],[124.793793,38.097805],[124.667247,38.125718],[124.855968,38.226955],[124.920909,38.189358],[124.993012,38.226955],[124.872325,38.257636],[124.879731,38.345201],[125.016368,38.497952],[124.983949,38.591942],[125.128009,38.580281],[125.123383,38.666327],[125.1566,38.631727],[125.179797,38.670002],[125.301036,38.656806],[125.462657,38.707261],[125.520763,38.652655],[125.545177,38.679389],[125.657807,38.631008],[125.479096,38.727729],[125.447765,38.777248],[125.410899,38.755072],[125.419313,38.729265],[125.301036,38.734565],[125.30836,38.707261],[125.27768,38.703315],[125.2435,38.728339],[125.266856,38.755072],[125.240977,38.793118],[125.18812,38.738608],[125.137218,38.803534],[125.198643,38.986056],[125.270803,39.080606],[125.335053,39.083441],[125.28407,39.089556],[125.287364,39.15233],[125.343516,39.168891],[125.343598,39.212877],[125.410899,39.213813],[125.393565,39.245795],[125.444916,39.310614],[125.404633,39.364651],[125.459239,39.385077],[125.357026,39.398749],[125.383556,39.440334],[125.34254,39.433539],[125.444916,39.584377],[125.285981,39.521186],[125.210297,39.573065],[125.22519,39.591213],[125.116954,39.565863],[125.097504,39.602729],[124.901622,39.662055],[124.881602,39.704169],[124.77065,39.741811],[124.746104,39.782945],[124.743907,39.644355],[124.637452,39.590483],[124.610803,39.628651],[124.646983,39.697577],[124.584809,39.723578],[124.564057,39.814276],[124.417735,39.82453],[124.321544,39.912665],[124.369965,39.940009],[124.405772,40.027777],[124.499604,40.022528],[124.410248,40.0362],[124.369965,40.098293],[124.361339,40.011176],[124.2942,39.933783],[124.118175,39.833157],[123.773041,39.818345],[123.643077,39.878567],[123.656749,39.919501],[123.591401,39.784329],[123.563243,39.768785],[123.513194,39.797797],[123.427745,39.72663],[123.417084,39.82453],[123.314057,39.776109],[123.244721,39.814032],[123.265391,39.754096],[123.206391,39.734687],[123.269135,39.707587],[123.223155,39.679755],[123.009125,39.680487],[122.964122,39.61164],[122.848643,39.617865],[122.688243,39.518622],[122.648448,39.532416],[122.587901,39.466986],[122.562104,39.486762],[122.555431,39.456],[122.29005,39.350979],[122.115001,39.200751],[122.104503,39.159125],[122.16269,39.146145],[122.047862,39.099189],[122.042328,39.059719],[121.888438,39.042467],[121.923188,39.008979],[121.826915,39.036282],[121.895274,38.981024],[121.859874,38.944648],[121.724701,39.030178],[121.73878,39.001532],[121.635753,38.995307],[121.652599,38.963446],[121.587413,38.94009],[121.693614,38.909613],[121.6963,38.862942],[121.552745,38.85814],[121.484955,38.809882],[121.236664,38.798489],[121.198497,38.727851],[121.153087,38.727607],[121.114513,38.768134],[121.139252,38.789496],[121.111339,38.840277],[121.148529,38.899075],[121.086192,38.905707],[121.117931,38.943427],[121.334321,38.968573],[121.334239,39.026597],[121.374848,39.044176],[121.467296,39.015123],[121.674083,39.088039],[121.681,39.13642],[121.592621,39.192206],[121.633067,39.236151],[121.589939,39.264054],[121.680186,39.275214],[121.779796,39.371487],[121.942963,39.399359],[121.52589,39.364651],[121.436046,39.508612],[121.223399,39.528632],[121.306163,39.597968],[121.449805,39.615098],[121.463878,39.645819],[121.533295,39.622301],[121.550141,39.678656],[121.457286,39.748481],[121.484612,39.764005],[121.470714,39.810248],[121.684906,39.922512],[121.774425,39.920844],[121.87379,39.9914],[121.874766,40.016303],[121.826915,40.022528],[121.995668,40.123895],[121.991466,40.186998],[122.091646,40.227207],[122.106116,40.310123],[122.211029,40.380601],[122.203624,40.427232],[122.250092,40.430609],[122.30185,40.502346],[122.224864,40.578518],[122.150434,40.603864],[122.159434,40.701606],[122.121837,40.680121],[122.049083,40.74608],[121.851085,40.832261],[121.825938,40.948188],[121.867931,40.995795],[121.777709,40.934972],[121.739552,40.849079],[121.575043,40.841498],[121.361339,40.939643],[121.299327,40.899604],[121.175792,40.922309],[121.079926,40.862982],[121.04985,40.797401],[120.981944,40.826809],[120.939545,40.740546],[121.020738,40.71933],[120.825321,40.674033],[120.798432,40.599677],[120.545665,40.402411],[120.591153,40.367298],[120.501758,40.32691],[120.504893,40.249091],[120.472016,40.214301],[119.950277,40.056502],[119.911998,39.998088],[119.774425,39.950507],[119.535592,39.890826],[119.530699,39.814702],[119.429406,39.795306],[119.349864,39.731757],[119.284923,39.595445],[119.208588,39.569566],[119.243012,39.570705],[119.22934,39.535956],[119.281398,39.575014],[119.256425,39.493111],[119.305075,39.432978],[119.279429,39.384006],[119.184804,39.354814],[118.926036,39.130601],[118.894298,39.124416],[118.969981,39.193305],[118.880626,39.172797],[118.87379,39.213813],[118.795991,39.151777],[118.52711,39.149237],[118.529146,39.124653],[118.326096,39.030932],[118.235285,39.053098],[118.140528,39.172835],[118.02802,39.219798],[117.88559,39.201117],[117.715424,39.111396],[117.775264,38.981058],[117.701915,38.995307],[117.583995,38.811591],[117.543549,38.621324],[117.716082,38.378511],[117.837169,38.270901],[118.053727,38.173253],[118.065214,38.143082],[118.215831,38.144965],[118.542979,38.068345],[118.654871,38.145695],[118.760353,38.155132],[118.840099,38.152574],[118.950037,38.097262],[118.924815,38.057766],[118.996593,37.963121],[119.092493,37.912773],[119.116942,37.853271],[119.243083,37.769482],[119.259597,37.715847],[119.255664,37.671867],[119.217736,37.675248],[119.069472,37.740631],[118.969981,37.593451],[118.961192,37.29564],[119.145518,37.17886],[119.441173,37.120551],[119.7706,37.151842],[119.897309,37.249416],[119.858897,37.360175],[120.187592,37.511786],[120.32252,37.632392],[120.306407,37.665188],[120.215668,37.684068],[120.3685,37.694729],[120.738048,37.83397],[120.925792,37.819281],[120.940929,37.773993],[121.032563,37.710395],[121.13795,37.701158],[121.134369,37.610541],[121.171641,37.577094],[121.308116,37.581244],[121.374522,37.610541],[121.354015,37.637885],[121.393565,37.622463],[121.429779,37.596869],[121.381684,37.566107],[121.476899,37.468004],[121.570323,37.428656],[121.676117,37.439195],[121.587413,37.453559],[121.63502,37.481269],[121.937836,37.46426],[121.949799,37.425605],[121.988048,37.425605],[121.977794,37.471666],[122.025645,37.528022],[122.121837,37.56273],[122.151866,37.532864],[122.129893,37.483466],[122.183197,37.418158],[122.245372,37.459703],[122.296479,37.418158],[122.688243,37.409817],[122.678966,37.374661],[122.570811,37.344794],[122.594737,37.295233],[122.549653,37.31977],[122.628917,37.192816],[122.574311,37.18537],[122.574311,37.144436],[122.51002,37.155219],[122.470714,37.110297],[122.453949,37.154283],[122.457042,37.065904],[122.402354,37.02147],[122.54005,37.027737],[122.507416,36.898017],[122.498546,36.93891],[122.405772,36.922187],[122.436371,36.870673],[122.319835,36.822943],[122.185313,36.849921],[122.196869,36.898017],[122.26588,36.898017],[122.16269,36.945787],[122.166108,37.014106],[122.142914,36.945787],[122.09433,36.950914],[122.033051,36.898017],[122.049164,36.979926],[121.92628,36.993598],[121.949799,36.93891],[121.785981,36.891181],[121.728038,36.835924],[121.637462,36.831366],[121.625255,36.740383],[121.49643,36.774482],[121.607188,36.844957],[121.511567,36.80858],[121.459483,36.828681],[121.45338,36.757392],[121.377778,36.731513],[121.401703,36.712388],[121.157725,36.668606],[121.08017,36.610012],[121.032481,36.624254],[121.023529,36.58393],[120.928803,36.59634],[120.93336,36.620266],[120.850597,36.650946],[120.75058,36.616848],[120.750255,36.540758],[120.850352,36.60456],[120.927501,36.532904],[120.963634,36.547919],[120.949962,36.459174],[120.906261,36.452379],[120.867442,36.377183],[120.806895,36.463935],[120.714122,36.428697],[120.686534,36.387152],[120.722179,36.330552],[120.643647,36.322496],[120.704845,36.156236],[120.627778,36.116523],[120.353526,36.040839],[120.292003,36.061957],[120.361583,36.191636],[120.306407,36.274237],[120.273529,36.23428],[120.284516,36.175971],[120.216319,36.199123],[120.219086,36.22191],[120.097179,36.226386],[120.089692,36.111721],[120.168468,36.061957],[120.175304,35.993638],[120.229991,35.999905],[120.242768,35.973578],[120.284923,36.010932],[120.298839,35.973131],[120.175304,35.890041],[120.188975,35.945258],[120.097179,35.900824],[120.038829,35.842841],[120.00294,35.727769],[119.937755,35.761135],[119.908214,35.744859],[119.935639,35.705024],[119.904552,35.624579],[119.860199,35.606106],[119.840099,35.657904],[119.743907,35.575914],[119.732514,35.620836],[119.64796,35.58393],[119.551524,35.380032],[119.50766,35.332343],[119.42392,35.313463],[119.358002,35.097113],[119.221202,35.064032],[119.192882,35.000434],[119.192231,34.718207],[119.22934,34.759711],[119.34669,34.780829],[119.442231,34.746039],[119.474213,34.715277],[119.456554,34.684556],[119.647716,34.53384],[119.939952,34.457913],[120.257091,34.311835],[120.371349,34.036038],[120.399669,33.86933],[120.504893,33.735582],[120.511729,33.656724],[120.483735,33.64997],[120.634369,33.466946],[120.667247,33.3251],[120.750255,33.269599],[120.730235,33.204901],[120.806977,33.137763],[120.825938,33.030178],[120.895763,33.013577],[120.904796,32.812649],[120.852387,32.756008],[120.860444,32.689765],[120.840099,32.724514],[120.830333,32.697659],[121.086192,32.536038],[121.100841,32.497952],[121.389409,32.384948],[121.419281,32.250312],[121.36085,32.231635],[121.44337,32.114325],[121.655365,32.062934],[121.821945,31.952486],[121.930383,31.726714],[121.871998,31.690682],[121.675554,31.723573],[121.286418,31.890589],[121.115087,31.796334],[120.977817,31.814365],[120.940564,31.844647],[120.941417,31.892524],[120.810802,32.02261],[120.634376,32.07701],[120.490758,32.082453],[120.2671,31.948676],[120.131358,31.943183],[119.992035,32.015855],[119.912201,32.123725],[119.92213,32.217434],[119.900483,32.198188],[119.842133,32.299058],[119.612885,32.35456],[119.685395,32.292426],[119.606049,32.196926],[119.69044,32.235338],[119.788585,32.198635],[119.772472,32.126776],[120.006396,31.950305],[120.229991,31.908881],[120.455781,31.982519],[120.469493,32.025133],[120.750354,31.978336],[120.824799,31.828702],[120.751475,31.824693],[120.717133,31.86107],[120.731456,31.81387],[121.144402,31.684658],[121.320323,31.504828],[121.725164,31.281567],[121.877025,31.099136],[121.977383,30.914923],[121.960075,30.874257],[121.907399,30.857086],[121.542937,30.816495],[121.202891,30.665107],[121.121349,30.593004],[121.020226,30.571071],[120.948891,30.506815],[120.939545,30.421942],[120.894786,30.401272],[120.915131,30.374579],[120.810732,30.296568],[120.698148,30.393951],[120.479145,30.403524],[120.430315,30.38984],[120.378967,30.273524],[120.257904,30.298082],[120.147094,30.198891],[120.274387,30.277618],[120.38472,30.249588],[120.450494,30.36886],[120.621606,30.372563],[120.734401,30.232213],[120.631789,30.122388],[120.682465,30.084906],[120.792247,30.066067],[120.646251,30.126939],[120.751425,30.225626],[120.892812,30.169796],[121.185389,30.337564],[121.377384,30.325064],[121.506847,30.220026],[121.721934,29.960517],[121.767482,29.973177],[121.935557,29.887356],[122.129143,29.903777],[122.114755,29.871554],[121.983039,29.823176],[121.873149,29.753828],[121.862448,29.708002],[121.704112,29.572008],[121.574311,29.552151],[121.530822,29.510015],[121.516836,29.546091],[121.484386,29.544664],[121.44337,29.524237],[121.455324,29.489355],[121.427836,29.467947],[121.442593,29.415369],[121.504893,29.483832],[121.484864,29.39054],[121.569641,29.474574],[121.710948,29.538642],[121.763999,29.530761],[121.778381,29.469423],[121.844819,29.5362],[121.748422,29.562567],[121.915782,29.640855],[121.971202,29.593329],[121.949799,29.538479],[121.910411,29.524563],[121.970958,29.449123],[121.957286,29.408149],[121.922556,29.418146],[121.931407,29.323879],[121.900483,29.298651],[121.991466,29.25731],[121.953217,29.249661],[121.942963,29.195868],[121.785347,29.168085],[121.799653,29.305121],[121.840587,29.318793],[121.788178,29.328559],[121.786632,29.374498],[121.758637,29.359768],[121.774314,29.253887],[121.724328,29.182035],[121.652458,29.18302],[121.640391,29.306627],[121.628917,29.188422],[121.574311,29.305121],[121.574311,29.277777],[121.52589,29.277777],[121.50351,29.178941],[121.480235,29.197211],[121.456391,29.161119],[121.408539,29.161119],[121.456391,29.133775],[121.401703,29.106513],[121.62143,29.113267],[121.614757,29.058051],[121.536876,29.061184],[121.532074,29.020494],[121.557384,29.049018],[121.641938,29.051256],[121.689789,29.017076],[121.653819,28.988593],[121.717784,28.948798],[121.684174,28.9147],[121.587413,28.963121],[121.570811,28.93008],[121.497813,28.949652],[121.491791,28.928371],[121.61085,28.891181],[121.623546,28.842271],[121.669932,28.825344],[121.605561,28.724677],[121.351166,28.711859],[121.142345,28.845852],[121.299327,28.722886],[121.258393,28.675116],[121.413829,28.696601],[121.510128,28.657059],[121.581619,28.50469],[121.511567,28.489488],[121.607743,28.477203],[121.583777,28.442946],[121.656342,28.339301],[121.607921,28.270453],[121.578136,28.260321],[121.580577,28.300849],[121.499986,28.332673],[121.408946,28.304918],[121.416026,28.256171],[121.364838,28.225816],[121.374034,28.172593],[121.330089,28.147528],[121.261695,28.225791],[121.225165,28.238863],[121.248871,28.270209],[121.203136,28.331855],[121.264659,28.366034],[121.168956,28.384833],[121.13025,28.305554],[121.024994,28.304592],[121.121803,28.284362],[121.124753,28.23552],[121.009378,28.103133],[120.965228,27.987145],[120.606049,28.042222],[120.576996,28.115627],[120.559581,28.112779],[120.588959,28.026679],[120.835297,27.955959],[120.868364,27.882559],[120.722614,27.71591],[120.635265,27.763332],[120.675629,27.659654],[120.596574,27.570283],[120.618459,27.516421],[120.681977,27.481594],[120.635265,27.379706],[120.545909,27.403266],[120.504893,27.344957],[120.549327,27.321031],[120.517833,27.201606],[120.468354,27.182196],[120.459727,27.220445],[120.421723,27.222073],[120.42921,27.173651],[120.376231,27.236274],[120.34726,27.249416],[120.303071,27.242255],[120.31186,27.317694],[120.223725,27.311469],[120.225678,27.268622],[120.195811,27.297797],[120.182384,27.216864],[120.256602,27.256903],[120.306407,27.215277],[120.34726,27.24258],[120.34726,27.180487],[120.421723,27.146959],[120.373871,27.146959],[120.40797,27.139553],[120.367035,27.12523],[120.377533,27.098578],[120.243663,27.132717],[120.278331,27.063788],[120.216319,27.037095],[120.255219,26.997056],[120.148692,26.981879],[120.235688,26.966376],[120.219086,26.915432],[120.031993,26.899888],[120.055268,26.88939],[120.024506,26.837877],[120.128184,26.796942],[120.097748,26.75849],[120.148692,26.721177],[120.102061,26.689154],[120.134369,26.646064],[119.959972,26.611274],[119.935639,26.560452],[119.847179,26.523627],[119.85377,26.598293],[119.984141,26.65351],[120.079682,26.796942],[119.925141,26.792182],[119.935639,26.759019],[119.888031,26.687242],[119.901622,26.659735],[119.856944,26.65351],[119.829194,26.714993],[119.791759,26.68769],[119.802257,26.766791],[119.840099,26.790025],[119.791759,26.790025],[119.797374,26.816392],[119.846283,26.8522],[119.781993,26.828518],[119.756196,26.737738],[119.685802,26.811998],[119.677989,26.763129],[119.724946,26.697821],[119.626557,26.749091],[119.606049,26.796942],[119.575531,26.788031],[119.554698,26.71483],[119.608246,26.683539],[119.599864,26.646064],[119.544444,26.662502],[119.55421,26.61518],[119.599864,26.57038],[119.675059,26.618801],[119.742198,26.608629],[119.784923,26.577826],[119.76588,26.534369],[119.818858,26.453192],[119.761974,26.407457],[119.653656,26.498033],[119.5713,26.465725],[119.57309,26.437812],[119.648448,26.437445],[119.681895,26.317125],[119.747081,26.327623],[119.754405,26.372056],[119.825776,26.426947],[119.840099,26.378567],[119.949962,26.364936],[119.877452,26.313381],[119.801117,26.317572],[119.792735,26.284084],[119.654307,26.272406],[119.634125,26.255072],[119.668224,26.221503],[119.600108,26.176337],[119.458507,25.982489],[119.435557,25.98135],[119.41505,26.009263],[119.27711,26.052924],[119.215831,26.100084],[119.093516,26.145819],[119.19516,26.087592],[119.246837,25.967231],[119.329845,25.944281],[119.440929,25.963813],[119.519054,26.044501],[119.695404,26.002631],[119.675059,25.926093],[119.616466,25.892646],[119.599864,25.844184],[119.566417,25.872056],[119.62086,25.760321],[119.589936,25.687161],[119.449067,25.687161],[119.492442,25.564765],[119.579438,25.584662],[119.59311,25.529486],[119.566417,25.515815],[119.599864,25.508368],[119.572602,25.48786],[119.628022,25.461371],[119.646007,25.392564],[119.620372,25.364976],[119.654552,25.35814],[119.579438,25.344468],[119.599864,25.371161],[119.57602,25.467353],[119.538585,25.461168],[119.544444,25.377183],[119.483246,25.371161],[119.507335,25.474433],[119.466156,25.47484],[119.447032,25.438788],[119.449067,25.505276],[119.356537,25.526923],[119.38087,25.590888],[119.305186,25.60456],[119.321381,25.587348],[119.277843,25.570461],[119.237804,25.481757],[119.10255,25.420315],[119.173188,25.325141],[119.20338,25.35814],[119.223155,25.316596],[119.181488,25.289252],[119.201264,25.259711],[119.243012,25.330227],[119.277843,25.330227],[119.344249,25.242377],[119.281261,25.241441],[119.288829,25.189114],[119.255626,25.175897],[119.175629,25.1765],[119.116096,25.213782],[119.10418,25.182948],[119.153087,25.139716],[119.093272,25.135647],[119.099132,25.111151],[119.064789,25.124742],[119.064708,25.162543],[119.044444,25.124742],[119.029063,25.14053],[119.068858,25.216742],[118.96933,25.226386],[119.027298,25.278238],[118.87558,25.243842],[118.915294,25.179389],[118.97462,25.182563],[118.942963,25.108832],[118.849132,25.073798],[118.953705,25.002997],[119.004161,25.050238],[118.983246,24.995103],[119.01767,24.960273],[118.977061,24.934027],[118.911632,24.953437],[118.909923,24.907172],[118.973237,24.893785],[118.951996,24.870754],[118.792084,24.891099],[118.716075,24.843573],[118.69809,24.859524],[118.729503,24.900539],[118.695567,24.940416],[118.688813,24.895738],[118.667735,24.953437],[118.640391,24.915595],[118.671153,24.874661],[118.572032,24.885199],[118.612804,24.85578],[118.63795,24.772121],[118.701752,24.810045],[118.719981,24.769355],[118.76295,24.762681],[118.685395,24.66649],[118.6421,24.678697],[118.661469,24.590318],[118.620453,24.545478],[118.553966,24.518052],[118.578136,24.560207],[118.428071,24.631334],[118.431244,24.699693],[118.40089,24.672309],[118.404796,24.606635],[118.351654,24.582343],[118.284028,24.597805],[118.219005,24.541449],[118.181163,24.576117],[118.21518,24.614814],[118.174327,24.624498],[118.160492,24.693427],[118.110362,24.584052],[118.044444,24.617662],[118.037364,24.560614],[118.009288,24.580715],[117.974864,24.55272],[118.058116,24.515855],[117.999522,24.470852],[118.021739,24.445746],[117.867686,24.489569],[117.825938,24.480455],[117.901134,24.453192],[117.79127,24.467475],[117.907319,24.384914],[118.042979,24.406684],[118.01588,24.32685],[118.090587,24.341457],[118.126475,24.26203],[118.071788,24.254584],[117.97877,24.162095],[117.943614,24.212592],[117.907319,24.186265],[117.937755,24.161689],[117.893647,24.028022],[117.839122,24.023627],[117.748057,23.907538],[117.737885,23.950507],[117.798106,24.021796],[117.761729,24.014838],[117.763276,24.070258],[117.724132,24.033759],[117.667084,24.06273],[117.708751,24.035468],[117.695079,23.953559],[117.648633,23.909234],[117.639269,23.794102],[117.591669,23.737064],[117.598155,23.852444],[117.571056,23.903266],[117.416596,23.946845],[117.409679,23.913398],[117.468516,23.911933],[117.499596,23.874072],[117.490073,23.832579],[117.434331,23.775922],[117.277354,23.782213],[117.257093,23.615616],[117.238964,23.605473],[117.229503,23.692816],[117.219201,23.629628],[117.084228,23.550606],[117.068413,23.651273],[117.023448,23.658677],[116.950705,23.610883],[116.916515,23.662746],[116.872081,23.606879],[116.866628,23.450233],[116.773224,23.349432],[116.657844,23.354452],[116.523204,23.418524],[116.573009,23.323676],[116.748635,23.326288],[116.77711,23.240383],[116.804822,23.236122],[116.783946,23.212388],[116.705577,23.276597],[116.667247,23.281317],[116.715099,23.243801],[116.646755,23.162991],[116.615216,23.178349],[116.61151,23.23873],[116.508881,23.234117],[116.526988,23.200621],[116.604504,23.209557],[116.533648,23.109135],[116.56325,23.018774],[116.494688,22.939352],[116.379607,22.928984],[116.289064,22.978943],[116.213634,22.982815],[116.281458,22.957857],[116.14491,22.847823],[116.09569,22.8259],[116.091253,22.86841],[116.123721,22.894729],[116.042105,22.932918],[116.076178,22.867871],[115.81003,22.746091],[115.804779,22.81509],[115.684266,22.877779],[115.730317,22.934231],[115.560557,22.849311],[115.53297,22.862047],[115.547618,22.895413],[115.406016,22.925035],[115.483002,22.901842],[115.494151,22.860785],[115.468028,22.849311],[115.559418,22.836086],[115.612071,22.863593],[115.527017,22.767042],[115.555588,22.71437],[115.567321,22.747281],[115.590099,22.737209],[115.562511,22.705634],[115.575219,22.668336],[115.373508,22.694177],[115.338471,22.7331],[115.424133,22.761993],[115.411208,22.788268],[115.363994,22.763645],[115.233391,22.788209],[115.32016,22.850531],[115.303803,22.903022],[115.245616,22.835354],[115.172944,22.821194],[115.180271,22.784806],[115.132878,22.811454],[115.065475,22.795985],[115.017828,22.737044],[115.028903,22.708377],[114.985342,22.689309],[114.941661,22.753852],[114.862524,22.763216],[114.880736,22.72147],[114.966629,22.676487],[114.895966,22.547524],[114.865816,22.601745],[114.743776,22.609404],[114.741951,22.732653],[114.816954,22.800389],[114.695481,22.792642],[114.563324,22.732733],[114.571096,22.702354],[114.522065,22.705959],[114.506607,22.646523],[114.590343,22.643866],[114.495372,22.561957],[114.543224,22.569403],[114.617686,22.514146],[114.515816,22.452643],[114.485118,22.468329],[114.479584,22.54621],[114.408702,22.61164],[114.276215,22.587958],[114.209972,22.534491],[114.254568,22.550971],[114.289236,22.505194],[114.335134,22.506415],[114.253754,22.451768],[114.211762,22.470567],[114.217133,22.447943],[114.167491,22.448065],[114.209321,22.398668],[114.23821,22.43537],[114.272553,22.409654],[114.323741,22.480048],[114.347585,22.422919],[114.359874,22.461168],[114.39975,22.436143],[114.357595,22.332424],[114.318614,22.38939],[114.278005,22.390977],[114.276459,22.348049],[114.258393,22.362087],[114.311615,22.297309],[114.296723,22.258287],[114.255544,22.322333],[114.238943,22.281684],[114.195486,22.318264],[114.171886,22.288723],[114.104828,22.369859],[114.020518,22.350369],[113.970632,22.387071],[113.914399,22.376125],[113.896983,22.408759],[113.998627,22.488552],[114.029877,22.478258],[114.082367,22.529364],[114.042003,22.506781],[113.963796,22.538113],[113.890345,22.452712],[113.866155,22.511493],[113.893891,22.521145],[113.822358,22.587226],[113.758067,22.753404],[113.653575,22.758734],[113.655284,22.819241],[113.617198,22.890286],[113.605561,22.847235],[113.610362,22.904527],[113.592296,22.889065],[113.638194,23.034898],[113.59669,22.918199],[113.617198,23.034898],[113.576182,22.938707],[113.583018,23.021226],[113.542003,22.986518],[113.536388,23.063137],[113.720225,23.137926],[113.830089,23.117499],[113.703136,23.157782],[113.509125,23.062161],[113.417491,23.096991],[113.398692,23.083319],[113.502312,23.020424],[113.483979,22.924262],[113.212983,22.904527],[113.350434,22.889716],[113.494233,22.774848],[113.439545,22.739447],[113.377533,22.767401],[113.59917,22.57518],[113.546355,22.437585],[113.558116,22.380764],[113.610362,22.370185],[113.573578,22.300727],[113.587655,22.237882],[113.561196,22.23373],[113.52296,22.213039],[113.483745,22.155142],[113.425629,22.186225],[113.276378,22.372056],[113.165294,22.575588],[113.160167,22.487616],[113.401971,22.179574],[113.302745,22.183295],[113.250987,22.115668],[113.247162,22.054267],[113.157467,22.0247],[113.110606,22.099189],[113.110606,22.219306],[113.085053,22.207587],[113.057893,22.121094],[113.020638,22.125978],[113.02562,21.949425],[112.911586,21.856291],[112.82602,21.966132],[112.645112,21.849351],[112.608002,21.775092],[112.550873,21.772854],[112.426036,21.84516],[112.411143,21.90119],[112.493663,21.966132],[112.390636,21.955512],[112.397472,22.068508],[112.356537,21.979722],[112.40211,21.801418],[112.363292,21.733344],[112.286225,21.708808],[112.182384,21.752997],[112.192638,21.843166],[112.172699,21.814439],[112.028168,21.797349],[112.007091,21.818671],[112.04127,21.884182],[111.969249,21.824042],[111.890391,21.925116],[111.904063,21.815253],[112.000255,21.774319],[111.867931,21.676703],[111.838878,21.678127],[111.87672,21.698554],[111.836192,21.716986],[111.835053,21.766832],[111.806895,21.743313],[111.678071,21.781155],[111.76059,21.725816],[111.779633,21.675442],[111.746918,21.643948],[111.787934,21.616034],[111.712901,21.62344],[111.630463,21.529853],[111.581879,21.581855],[111.595551,21.534084],[111.476085,21.513617],[111.432221,21.602973],[111.411143,21.568264],[111.437999,21.534084],[111.362804,21.541205],[111.404307,21.526679],[111.267345,21.439358],[111.30128,21.499335],[111.192393,21.531195],[111.15797,21.513617],[111.226329,21.499335],[111.08839,21.472642],[111.129975,21.499335],[111.08839,21.493109],[111.027599,21.54092],[110.985932,21.513617],[111.013927,21.485663],[110.979747,21.444729],[111.042247,21.484565],[111.068614,21.472642],[110.992931,21.424872],[110.869884,21.383246],[110.768158,21.397528],[110.65089,21.260403],[110.677582,21.348538],[110.643321,21.321845],[110.636485,21.370266],[110.755382,21.413398],[110.76002,21.444729],[110.63559,21.381049],[110.615733,21.301215],[110.636485,21.23017],[110.575206,21.246731],[110.588715,21.225572],[110.431163,21.191474],[110.424327,21.287665],[110.478852,21.273383],[110.486339,21.301337],[110.444835,21.307563],[110.486339,21.335517],[110.465343,21.348538],[110.43393,21.308783],[110.437348,21.397528],[110.400971,21.38703],[110.368988,21.424872],[110.389496,21.452135],[110.35849,21.435736],[110.389496,21.328681],[110.328136,21.335517],[110.408214,21.238023],[110.399425,21.176581],[110.218842,21.027574],[110.195567,21.071275],[110.143077,20.992255],[110.177257,20.862494],[110.156749,20.876776],[110.156749,20.848863],[110.368988,20.848863],[110.409434,20.750963],[110.383556,20.713446],[110.356456,20.732327],[110.341807,20.821519],[110.300792,20.65705],[110.328136,20.677558],[110.314464,20.636542],[110.362804,20.643378],[110.408539,20.585924],[110.478852,20.567694],[110.53419,20.478258],[110.40683,20.305162],[110.280284,20.252997],[110.237153,20.27497],[110.127533,20.247992],[110.037852,20.301703],[109.917247,20.239325],[109.928722,20.326361],[109.862804,20.406317],[109.903575,20.431098],[109.982432,20.351549],[110.009776,20.434231],[109.964936,20.478258],[109.943614,20.460679],[109.930919,20.506252],[109.917247,20.44477],[109.896088,20.49258],[109.822113,20.516547],[109.848237,20.595649],[109.821056,20.554633],[109.802013,20.616278],[109.74586,20.629788],[109.751557,20.673733],[109.841401,20.684394],[109.860444,20.715481],[109.786876,20.691148],[109.75644,20.749701],[109.759532,20.855048],[109.731537,20.855048],[109.739024,20.807847],[109.704356,20.842027],[109.717865,20.807847],[109.661225,20.927558],[109.711681,21.03384],[109.670177,21.123236],[109.704356,21.178453],[109.752045,21.16413],[109.773204,21.215399],[109.765717,21.355943],[109.786876,21.328681],[109.807384,21.355943],[109.924083,21.362779],[109.904796,21.390692],[109.944428,21.493109],[109.858979,21.482815],[109.841401,21.506781],[109.81422,21.458401],[109.773204,21.581855],[109.747813,21.545233],[109.773204,21.485663],[109.649669,21.520453],[109.677013,21.62344],[109.635997,21.568264],[109.608002,21.5751],[109.615489,21.650133],[109.585297,21.630845],[109.560883,21.671291],[109.594493,21.74018],[109.567719,21.759996],[109.492686,21.698554],[109.521007,21.665758],[109.464692,21.664455],[109.572765,21.581732],[109.530772,21.491645],[109.472179,21.465806],[109.472179,21.499335],[109.424408,21.452379],[109.320811,21.480129],[109.244965,21.431627],[109.23878,21.485663],[109.21461,21.417426],[109.149425,21.438544],[109.138682,21.401597],[109.039806,21.450263],[109.142589,21.510199],[109.135753,21.602973],[109.046397,21.602973],[109.066742,21.643948],[108.927989,21.615058],[108.855235,21.684963],[108.865489,21.739732],[108.924083,21.766832],[108.869477,21.753811],[108.86142,21.815253],[108.801362,21.818345],[108.779552,21.815253],[108.821056,21.800971],[108.843516,21.745022],[108.816661,21.716376],[108.805919,21.75845],[108.779552,21.725816],[108.834321,21.685736],[108.821056,21.643948],[108.86142,21.643948],[108.787364,21.641425],[108.745372,21.602973],[108.711192,21.650133],[108.751557,21.650133],[108.751557,21.691718],[108.712657,21.688422],[108.724864,21.746405],[108.683197,21.70539],[108.649181,21.733344],[108.683197,21.74018],[108.646332,21.75137],[108.677013,21.815253],[108.656016,21.794827],[108.642345,21.822089],[108.635509,21.774319],[108.615001,21.787909],[108.628673,21.746405],[108.594493,21.74018],[108.607514,21.787909],[108.569428,21.794379],[108.635509,21.890326],[108.594493,21.91767],[108.560313,21.895494],[108.573334,21.951809],[108.552989,21.951809],[108.491466,21.856269],[108.463145,21.862982],[108.477794,21.945014],[108.448741,21.86579],[108.505138,21.787909],[108.491466,21.74018],[108.463471,21.74018],[108.505138,21.719062],[108.477794,21.70539],[108.505138,21.671291],[108.520112,21.712633],[108.533051,21.719062],[108.518809,21.671291],[108.552989,21.698554],[108.56544,21.678534],[108.511974,21.643948],[108.518809,21.595526],[108.481212,21.581855],[108.491466,21.62344],[108.463471,21.595526],[108.470958,21.561998],[108.389659,21.5751],[108.406749,21.600246],[108.431895,21.583238],[108.443696,21.62344],[108.416352,21.630316],[108.470958,21.671291],[108.409679,21.664455],[108.423839,21.698554],[108.385997,21.672919],[108.337657,21.697455],[108.341319,21.725816],[108.293468,21.589301],[108.313975,21.581855],[108.211029,21.500637],[108.251964,21.581855],[108.238292,21.643948],[108.197276,21.636542],[108.210297,21.602973],[108.176362,21.575751],[108.066254,21.561998],[108.071056,21.536566],[107.991222,21.548407],[108.039561,21.520453],[108.022227,21.485663],[108.080577,21.485663],[107.970714,21.431627],[107.991222,21.485663],[107.929698,21.442613],[107.896739,21.531562],[107.835948,21.488349],[107.826671,21.526679],[107.820567,21.493109],[107.752208,21.513617],[107.788585,21.494452],[107.786388,21.458401],[107.748546,21.4112],[107.63502,21.383246],[107.642345,21.342271],[107.590587,21.293891],[107.522309,21.348538],[107.526622,21.298774],[107.415294,21.328681],[107.443126,21.287665],[107.367442,21.273383],[107.360606,21.239244],[107.35434,21.191474],[107.388438,21.184638],[107.35434,21.082221],[107.374278,21.027574],[107.211192,20.992255],[107.23113,20.979193],[107.197032,20.937649],[107.066091,20.958726],[107.149181,21.040595],[107.083751,21.005845],[107.052989,21.03384],[107.046153,20.999701],[107.044607,21.025092],[107.025645,21.03384],[107.039317,20.999701],[106.997813,21.020168],[107.025645,20.972357],[107.000987,20.951077],[106.85377,20.992255],[106.943126,20.910305],[106.874278,20.937649],[106.867931,20.882717],[106.833263,20.937649],[106.772472,20.957424],[106.820649,20.97602],[106.798106,21.024807],[106.6421,21.020168],[106.682953,21.005845],[106.655772,21.005845],[106.67628,20.958726],[106.755138,20.938544],[106.744477,20.883002],[106.717784,20.90351],[106.699962,20.882758],[106.744477,20.848863],[106.749197,20.804348],[106.717784,20.807847],[106.805919,20.677558],[106.7671,20.713446],[106.662608,20.697984],[106.703136,20.659654],[106.637543,20.628079],[106.586762,20.663275],[106.624766,20.594631],[106.518565,20.540961],[106.579926,20.547187],[106.579926,20.478258],[106.518565,20.437323],[106.594249,20.448188],[106.559581,20.375922],[106.592593,20.275411],[106.581659,20.264177],[106.536957,20.309149],[106.498057,20.308254],[106.548513,20.291449],[106.569615,20.231994],[106.380707,20.211982],[106.176036,19.992336],[106.107107,19.964993],[106.107107,20.033271],[106.083507,19.964993],[106.025157,19.999172],[105.955577,19.925482],[105.928884,19.793647],[105.867442,19.773179],[105.92335,19.766791],[105.866954,19.721096],[105.819021,19.587592],[105.817556,19.610012],[105.803884,19.613023],[105.790863,19.603461],[105.819021,19.57392],[105.812755,19.423163],[105.771251,19.403266],[105.808767,19.280178],[105.743419,19.23192],[105.737071,19.108466],[105.668305,19.089545],[105.624848,19.028469],[105.629649,18.922309],[105.716645,18.85456],[105.702891,18.834133],[105.675059,18.85456],[105.688731,18.826646],[105.751964,18.786322],[105.750743,18.662787],[105.764415,18.758979],[105.879242,18.510932],[105.949474,18.471015],[105.977306,18.402086],[106.110118,18.275539],[106.093435,18.258734],[106.165782,18.26557],[106.270844,18.204088],[106.346039,18.132717],[106.306326,18.100491],[106.340343,18.100491],[106.34669,18.059475],[106.360199,18.100491],[106.434825,18.123521],[106.427745,18.072903],[106.52475,17.949612],[106.436046,17.881985],[106.498057,17.710639],[106.374522,17.765286],[106.285167,17.772121],[106.42921,17.731147],[106.383067,17.719184],[106.408702,17.682766],[106.417491,17.712958],[106.504405,17.682766],[106.634613,17.470404],[106.763927,17.335517],[107.111827,17.088284],[107.121267,17.018541],[107.203868,16.919257],[107.141775,16.867743],[107.216482,16.907945],[107.635265,16.587226],[107.44337,16.648017],[107.635265,16.559272],[107.608409,16.544989],[107.663097,16.551825],[107.663097,16.497219],[107.697113,16.520087],[107.841156,16.379788],[107.794444,16.379218],[107.824067,16.304836],[107.896495,16.278062],[107.937511,16.312079],[107.929942,16.353217],[108.011974,16.319037],[108.042979,16.346381],[108.094493,16.236518],[108.052013,16.262112],[108.053966,16.235989],[108.204356,16.216702],[108.142263,16.148383],[108.19752,16.072008],[108.228282,16.089748],[108.233246,16.037095],[108.19752,16.00373],[108.258962,16.010565],[108.247325,16.123236],[108.224864,16.127265],[108.245372,16.162014],[108.334727,16.151516],[108.31422,16.099921],[108.265798,16.107408],[108.279145,15.995673],[108.388194,15.898383],[108.375173,15.869452],[108.409923,15.880845],[108.455333,15.747016],[108.618663,15.529242],[108.683442,15.517768],[108.628917,15.455715],[108.652517,15.438788],[108.697113,15.490424],[108.703949,15.445136],[108.77296,15.386786],[108.77296,15.325344],[108.8213,15.345852],[108.788585,15.374172],[108.800141,15.429023],[108.827485,15.429023],[108.886567,15.2862],[108.951671,15.25023],[108.903331,15.222886],[108.924327,15.201809],[108.897716,15.153998],[108.862478,15.152493],[108.897716,15.119859],[108.910004,15.146633],[108.93651543018902,15.0],[97.80264661751244,15.0],[97.774262,15.017483],[97.80836,15.031155],[97.822765,15.209296],[97.769379,15.223334],[97.72641,15.339586],[97.79477,15.407904],[97.712901,15.75731],[97.727061,15.843207],[97.575694,16.017401],[97.568858,16.062405],[97.61964,16.125434],[97.65089,16.271308],[97.637218,16.477362],[97.673839,16.533433],[97.740245,16.559272],[97.712901,16.579779],[97.630382,16.531968],[97.423106,16.523424],[97.370291,16.483547],[97.329828,16.679847],[97.311194,16.652366],[97.255445,16.697869],[97.240489,16.874579],[97.219493,16.826158],[97.219493,16.901272],[97.183279,16.921536],[97.198253,17.013495],[97.157237,17.086859],[97.17449,17.112494],[97.260997,17.107327],[97.158051,17.129299],[97.130626,17.079413],[97.10963,17.189276],[96.895518,17.38467],[96.883067,17.457424],[96.855724,17.388495],[96.821544,17.394721],[96.910655,17.317084],[96.849376,17.212958],[96.910899,17.024807],[96.87908,16.934719],[96.835216,16.936021],[96.855724,16.901272],[96.807872,16.908677],[96.84669,16.844916],[96.679473,16.574868],[96.615943,16.518005],[96.436261,16.477768],[96.265961,16.596829],[96.225759,16.761298],[96.28712,16.813137],[96.171153,16.771552],[96.240896,16.650133],[96.23463,16.576361],[96.336436,16.439439],[96.3213,16.415269],[96.285336,16.365993],[96.118988,16.321763],[96.006602,16.387356],[96.067556,16.310248],[95.979991,16.223131],[95.942393,16.219062],[95.951427,16.257636],[95.883067,16.209174],[95.889903,16.243964],[95.797699,16.144924],[95.755544,16.14525],[95.724864,16.222846],[95.73227,16.127265],[95.664724,15.949205],[95.415782,15.722968],[95.287934,15.740139],[95.282563,15.838324],[95.364268,15.984565],[95.361583,16.148383],[95.327485,16.107408],[95.341807,15.983873],[95.251638,15.868232],[95.27296,16.00373],[95.223969,15.918606],[95.212738,15.786566],[95.173595,15.777818],[95.125743,15.817613],[95.137543,16.006659],[95.128917,16.03852],[95.107758,15.983873],[95.097667,16.025133],[95.13795,16.100328],[95.225922,16.11994],[95.135753,16.148383],[95.070567,16.074856],[95.033946,15.805732],[94.975597,15.764146],[94.846853,15.790595],[94.896332,15.847398],[94.882579,15.867174],[94.853201,15.840277],[94.834727,15.949164],[94.924083,16.03852],[94.889334,16.017401],[94.863129,16.127753],[94.900076,16.183783],[94.959239,16.200873],[94.992442,16.2508],[94.854666,16.160224],[94.869395,16.040961],[94.721202,15.856676],[94.658702,15.854478],[94.601329,15.92121],[94.73227,16.017401],[94.793712,16.162014],[94.705333,16.020657],[94.56658,15.935492],[94.678884,16.121283],[94.665212,16.257636],[94.73227,16.360663],[94.705821,16.47309],[94.73227,16.524563],[94.697276,16.508368],[94.677013,16.531968],[94.683849,16.364081],[94.62794,16.260199],[94.583995,16.236518],[94.629731,16.344184],[94.583669,16.274848],[94.521169,16.295478],[94.507009,16.189602],[94.428071,16.074164],[94.360606,16.049262],[94.340017,15.996243],[94.239513,15.976304],[94.209809,16.028998],[94.215099,16.15766],[94.268321,16.527493],[94.341319,16.548407],[94.327647,16.606431],[94.36199,16.635484],[94.40268,16.788275],[94.382335,16.901272],[94.423188,16.901272],[94.464692,16.949652],[94.444347,16.949652],[94.457856,17.059556],[94.48878,17.124213],[94.454356,17.18008],[94.537852,17.187405],[94.508637,17.230129],[94.546153,17.319648],[94.594493,17.292304],[94.560313,17.582099],[94.615001,17.545559],[94.447439,17.973334],[94.494884,18.048814],[94.457856,18.155707],[94.422862,18.242499],[94.327647,18.258734],[94.331065,18.303127],[94.389171,18.286038],[94.417003,18.313951],[94.258962,18.509019],[94.24879,18.638861],[94.148936,18.731024],[94.211599,18.725531],[94.279307,18.738511],[94.212413,18.741848],[94.148936,18.868232],[94.11964,18.816636],[94.038097,18.859117],[94.041189,18.997626],[94.094249,19.087348],[94.029063,19.095404],[94.073904,19.373847],[94.03061,19.315904],[94.033376,19.204535],[93.994395,19.159084],[93.947113,19.159654],[93.925466,19.210273],[93.910411,19.190985],[93.955414,19.126899],[93.984386,18.967841],[93.930431,18.858629],[93.678884,19.019599],[93.642345,19.134223],[93.483246,19.350653],[93.490896,19.40762],[93.552989,19.430569],[93.611339,19.403266],[93.621349,19.334377],[93.796886,19.235175],[93.929942,19.29975],[93.980968,19.37226],[93.991059,19.45718],[93.923839,19.462388],[93.937266,19.492011],[93.882091,19.501899],[93.731212,19.632554],[93.800059,19.65648],[93.827403,19.718573],[93.806814,19.745836],[93.761078,19.674872],[93.709483,19.713528],[93.751638,19.765692],[93.693533,19.724799],[93.648448,19.725165],[93.635509,19.759508],[93.60141,19.718573],[93.606456,19.796129],[93.660655,19.870836],[93.738048,19.882473],[93.740001,19.925116],[93.58074,19.881334],[93.518321,19.939602],[93.525645,19.999172],[93.492198,19.964993],[93.423188,19.965318],[93.382335,20.088528],[93.361827,20.026435],[93.340668,20.1022],[93.272472,20.047512],[93.17628,20.053697],[93.128429,20.094672],[93.238292,19.82099],[93.131521,20.006578],[93.10613,19.93065],[93.168793,19.807318],[93.134532,19.834052],[92.970225,20.129462],[93.042491,20.129462],[93.080089,20.170478],[93.094249,20.14997],[93.120942,20.211982],[92.990489,20.154934],[93.04127,20.332017],[93.091319,20.381008],[93.100434,20.431098],[93.059581,20.36225],[93.031016,20.409654],[93.073253,20.554633],[93.022634,20.452541],[93.016287,20.324856],[92.898448,20.135688],[92.860362,20.124945],[92.772146,20.201483],[92.778168,20.231635],[92.942882,20.321234],[92.846934,20.377346],[92.826915,20.495063],[92.792654,20.506252],[92.769298,20.455064],[92.720714,20.592231],[92.63502,20.697984],[92.708263,20.578681],[92.731212,20.259182],[92.653168,20.41828],[92.539887,20.527533],[92.507009,20.60928],[92.381114,20.700141],[92.265147,21.061103],[92.261485,20.940253],[92.333995,20.746405],[92.301036,20.762274],[92.192882,20.995673],[92.052501,21.154771],[92.050466,21.280463],[92.0,21.376757387740756],[92.0,21.574463436763434],[92.037771,21.659573],[92.025401,21.712836],[92.0,21.649821378368753],[92.0,50.0],[132.0,50.0],[131.999848,43.284084],[131.846039,43.305365],[131.815684,43.336737]]],[[[117.753887,15.154369],[117.753887,15.150082],[117.751856,15.151887],[117.753887,15.154369]]],[[[112.736827,16.660224],[112.725271,16.666205],[112.726248,16.669013],[112.736827,16.660224]]],[[[112.327159,16.829739],[112.33725,16.828437],[112.333181,16.825019],[112.327159,16.829739]]],[[[112.336681,16.932115],[112.340505,16.92357],[112.333669,16.926418],[112.336681,16.932115]]],[[[112.324229,16.941718],[112.325043,16.944322],[112.326915,16.942369],[112.324229,16.941718]]],[[[112.519298,21.606676],[112.555919,21.678127],[112.645356,21.712836],[112.650401,21.640448],[112.519298,21.606676]]],[[[112.764903,21.581855],[112.734386,21.62873],[112.774425,21.691718],[112.715587,21.680243],[112.711681,21.702541],[112.777517,21.77265],[112.862559,21.769436],[112.797537,21.705878],[112.810557,21.589301],[112.764903,21.581855]]],[[[113.155935,21.872748],[113.190929,21.863349],[113.131196,21.850369],[113.155935,21.872748]]],[[[113.03533,21.878445],[113.017345,21.849514],[113.003754,21.869534],[113.03533,21.878445]]],[[[113.258474,21.880439],[113.22169,21.91413],[113.25766,21.946601],[113.283702,21.91352],[113.258474,21.880439]]],[[[113.771747,22.000343],[113.764477,21.966818],[113.748206,21.972788],[113.736279,21.997162],[113.771747,22.000343]]],[[[113.249115,22.038357],[113.201589,21.988756],[113.182791,21.960476],[113.192393,22.033759],[113.249115,22.038357]]],[[[114.28297,22.052558],[114.310069,22.06859],[114.206716,22.025784],[114.28297,22.052558]]],[[[113.323497,22.011949],[113.343598,22.068508],[113.412608,22.075995],[113.405772,22.007025],[113.323497,22.011949]]],[[[113.470225,22.077623],[113.471528,22.114081],[113.518891,22.127265],[113.547618,22.092597],[113.470225,22.077623]]],[[[113.271739,22.120022],[113.364757,22.157904],[113.289073,22.068508],[113.271739,22.120022]]],[[[113.574067,22.156114],[113.546804,22.105373],[113.534434,22.1612],[113.574067,22.156114]]],[[[113.899587,22.163031],[113.910574,22.158433],[113.897146,22.158433],[113.899587,22.163031]]],[[[114.250662,22.16234],[114.26946,22.164578],[114.256114,22.154568],[114.250662,22.16234]]],[[[114.242849,22.175564],[114.253754,22.18651],[114.251475,22.177151],[114.242849,22.175564]]],[[[113.910574,22.178697],[113.903331,22.178697],[113.903331,22.18651],[113.910574,22.178697]]],[[[113.97755,22.193427],[113.983735,22.198961],[113.989106,22.18651],[113.97755,22.193427]]],[[[113.535248,22.207546],[113.55714,22.20246],[113.52475,22.173733],[113.535248,22.207546]]],[[[114.031423,22.195868],[114.014985,22.198188],[114.034516,22.205227],[114.031423,22.195868]]],[[[114.154633,22.203599],[114.11085,22.177069],[114.1067,22.235785],[114.154633,22.203599]]],[[[114.152192,22.230984],[114.142182,22.241889],[114.156342,22.238837],[114.152192,22.230984]]],[[[114.222667,22.23253],[114.207693,22.189561],[114.183849,22.241034],[114.164887,22.227851],[114.160981,22.240383],[114.12908,22.248887],[114.115652,22.279364],[114.23585,22.277818],[114.256114,22.203599],[114.222667,22.23253]]],[[[114.282888,22.249742],[114.298513,22.242662],[114.288259,22.23253],[114.282888,22.249742]]],[[[114.031423,22.249742],[114.020518,22.255194],[114.042979,22.241197],[114.031423,22.249742]]],[[[114.045339,22.262152],[114.051768,22.261379],[114.042979,22.256741],[114.045339,22.262152]]],[[[114.344412,22.263048],[114.34669,22.269192],[114.349946,22.264594],[114.344412,22.263048]]],[[[113.928396,22.284857],[114.054861,22.33633],[114.012706,22.311347],[114.000173,22.216132],[113.945649,22.23725],[113.919119,22.205024],[113.839203,22.204901],[113.892507,22.292711],[113.928396,22.284857]]],[[[114.265636,22.279364],[114.272553,22.27619],[114.264822,22.269965],[114.265636,22.279364]]],[[[114.073497,22.280137],[114.069672,22.285631],[114.074392,22.284084],[114.073497,22.280137]]],[[[114.040701,22.291083],[114.034516,22.279364],[114.034516,22.288723],[114.040701,22.291083]]],[[[113.936127,22.309801],[113.929942,22.292711],[113.942556,22.322252],[113.936127,22.309801]]],[[[114.363943,22.312893],[114.370209,22.311347],[114.368663,22.305162],[114.363943,22.312893]]],[[[114.353038,22.322252],[114.352306,22.312893],[114.34669,22.309801],[114.353038,22.322252]]],[[[114.134369,22.319932],[114.146821,22.313666],[114.12908,22.315985],[114.134369,22.319932]]],[[[114.319509,22.323798],[114.328868,22.337144],[114.331228,22.326117],[114.319509,22.323798]]],[[[114.079112,22.349636],[114.104828,22.326117],[114.089041,22.322252],[114.079112,22.349636]]],[[[114.056407,22.339464],[114.065766,22.348822],[114.061778,22.339464],[114.056407,22.339464]]],[[[114.307791,22.342556],[114.316335,22.376125],[114.328868,22.342556],[114.307791,22.342556]]],[[[114.289724,22.353461],[114.292817,22.371405],[114.29599,22.348822],[114.289724,22.353461]]],[[[113.879893,22.369859],[113.876069,22.383897],[113.883962,22.379218],[113.879893,22.369859]]],[[[113.611816,22.43047],[113.657825,22.423751],[113.621187,22.391419],[113.611816,22.43047]]],[[[114.353038,22.480658],[114.365408,22.474433],[114.359141,22.465806],[114.353038,22.480658]]],[[[114.29363,22.512803],[114.317068,22.518175],[114.300059,22.506415],[114.29363,22.512803]]],[[[114.316335,22.551744],[114.300792,22.535264],[114.285981,22.547065],[114.288992,22.556383],[114.316335,22.551744]]],[[[114.427908,22.548611],[114.43336,22.543891],[114.422537,22.543891],[114.427908,22.548611]]],[[[113.476539,22.731268],[113.559505,22.735],[113.635687,22.656475],[113.641832,22.601624],[113.476539,22.731268]]],[[[113.473155,22.825385],[113.405121,22.908108],[113.475597,22.900702],[113.573009,22.830064],[113.602794,22.762641],[113.558279,22.75788],[113.480805,22.849311],[113.473155,22.825385]]],[[[113.52921,22.960354],[113.553599,22.911281],[113.545014,22.879961],[113.50996,22.921216],[113.52921,22.960354]]],[[[119.407644,23.213446],[119.435639,23.206692],[119.418305,23.191799],[119.407644,23.213446]]],[[[119.413748,23.247585],[119.414154,23.225979],[119.401541,23.249376],[119.413748,23.247585]]],[[[119.329519,23.317369],[119.328298,23.316759],[119.326671,23.318793],[119.329519,23.317369]]],[[[119.326671,23.325263],[119.329682,23.323391],[119.328054,23.319932],[119.326671,23.325263]]],[[[119.311941,23.324246],[119.314708,23.322862],[119.313487,23.322252],[119.311941,23.324246]]],[[[119.309418,23.399563],[119.32073,23.408637],[119.318614,23.399807],[119.309418,23.399563]]],[[[117.128781,23.399369],[116.942989,23.430062],[117.062999,23.478461],[117.125852,23.482692],[117.141794,23.449653],[117.128781,23.399369]]],[[[116.918875,23.554999],[116.970795,23.59984],[116.95882970815146,23.54972268956095],[117.009288,23.554999],[116.970958,23.514635],[116.918875,23.554999]]],[[[119.489431,23.639635],[119.517345,23.6376],[119.49171,23.571031],[119.442393,23.562486],[119.489431,23.639635]]],[[[117.421149,23.646464],[117.431559,23.58263],[117.320483,23.574016],[117.393728,23.679185],[117.340505,23.688951],[117.372732,23.76675],[117.526661,23.740107],[117.484156,23.710793],[117.479835,23.662678],[117.421149,23.646464]]],[[[118.262543,24.430976],[118.208995,24.411607],[118.249034,24.452826],[118.262543,24.430976]]],[[[118.283946,24.401272],[118.282074,24.477362],[118.381414,24.473511],[118.422597,24.527968],[118.44959,24.505528],[118.448785,24.415513],[118.403624,24.43601],[118.283946,24.401272]]],[[[118.072032,24.467475],[118.103038,24.479885],[118.072032,24.49787],[118.09254,24.55622],[118.181407,24.535102],[118.153819,24.437079],[118.092052,24.438463],[118.072032,24.467475]]],[[[118.326508,24.54324],[118.30128,24.55744],[118.300955,24.565212],[118.323985,24.569159],[118.326508,24.54324]]],[[[119.462901,24.975898],[119.476085,24.9949],[119.473643,24.980862],[119.462901,24.975898]]],[[[119.12143,25.027452],[119.10906,25.080593],[119.154145,25.102688],[119.12143,25.027452]]],[[[119.343272,25.57331],[119.334972,25.437974],[119.296886,25.422919],[119.281505,25.482896],[119.307465,25.54682],[119.343272,25.57331]]],[[[119.401215,25.996039],[119.390636,25.966986],[119.257579,26.001451],[119.209239,26.098578],[119.257579,26.047553],[119.401215,25.996039]]],[[[119.494477,34.76081],[119.467052,34.751614],[119.441417,34.774156],[119.494477,34.76081]]],[[[117.718365,38.921352],[117.713711,38.966441],[117.814789,38.930446],[117.789289,38.90463],[117.718365,38.921352]]],[[[117.733231,38.964288],[117.879402,38.946554],[117.88005,38.930526],[117.733231,38.964288]]],[[[118.488193,39.050492],[118.559718,39.003125],[118.628711,39.048554],[118.614637,39.067649],[118.648736,39.044651],[118.502699,38.919028],[118.470698,38.970551],[118.488193,39.050492]]],[[[117.791224,38.989276],[117.77335,39.047577],[117.826843,38.983718],[117.791224,38.989276]]],[[[119.973155,16.350572],[120.005626,16.311754],[120.005544,16.232082],[119.922374,16.303778],[119.973155,16.350572]]],[[[119.909923,16.390937],[119.934906,16.425523],[119.960297,16.376451],[119.955903,16.372382],[119.909923,16.390937]]],[[[122.14324,17.765286],[122.162934,17.593329],[122.25115,17.360175],[122.365408,17.353746],[122.414561,17.319078],[122.443614,17.265611],[122.409434,17.275214],[122.41684,17.145819],[122.45102,17.114163],[122.500987,17.139797],[122.529063,17.090522],[122.422699,16.794338],[122.204275,16.43476],[122.217621,16.394761],[122.231944,16.415269],[122.197113,16.291693],[122.231944,16.319037],[122.203868,16.236518],[121.997895,16.031073],[122.135265,16.260728],[122.087413,16.255316],[122.050548,16.180854],[121.752289,16.07689],[121.567393,15.915717],[121.554861,15.828925],[121.574555,15.774359],[121.642263,15.736884],[121.594493,15.67475],[121.629161,15.661119],[121.495616,15.532457],[121.472911,15.43769],[121.42628,15.373765],[121.389903,15.377875],[121.379161,15.308173],[121.413748,15.231635],[121.481456,15.182522],[121.5535433406187,15.0],[120.05510838721383,15.0],[120.005138,15.269436],[119.888194,15.429023],[119.901866,15.482978],[119.940929,15.475775],[119.963878,15.51435],[119.904307,15.597073],[119.919688,15.690334],[119.867198,15.743069],[119.894054,15.763902],[119.89503,15.87401],[119.854015,15.949164],[119.770844,15.914984],[119.75587,15.944566],[119.778331,16.137844],[119.755707,16.203437],[119.801931,16.357856],[119.891612,16.387356],[119.925792,16.364976],[119.901866,16.2508],[120.087738,16.157213],[120.119151,16.055732],[120.208507,16.03266],[120.292247,16.055609],[120.299083,16.017401],[120.367361,16.065823],[120.326427,16.065823],[120.397716,16.154039],[120.40211,16.205756],[120.336274,16.292182],[120.276134,16.611884],[120.306651,16.613918],[120.319591,16.819322],[120.434093,16.982123],[120.40211,17.206692],[120.443696,17.388495],[120.40211,17.518866],[120.333832,17.556383],[120.353201,17.678127],[120.412446,17.712836],[120.391287,17.78144],[120.477224,18.004828],[120.470063,18.09101],[120.579112,18.325141],[120.57016,18.501776],[120.611095,18.53856],[120.770844,18.561469],[120.778982,18.621812],[120.812999,18.644517],[120.926931,18.56623],[121.106781,18.642727],[121.592052,18.384711],[121.649669,18.313951],[121.64503,18.369452],[121.917328,18.278632],[122.039561,18.320217],[122.111583,18.392768],[122.152843,18.518785],[122.235362,18.515367],[122.25172,18.443061],[122.317149,18.377427],[122.32016,18.292548],[122.262706,18.186103],[122.16977,18.100491],[122.183442,17.984361],[122.14324,17.765286]]],[[[121.279145,18.862006],[121.429861,18.905585],[121.477794,18.881903],[121.318614,18.843207],[121.279145,18.862006]]],[[[121.834158,18.834296],[121.874848,18.900824],[121.871593,18.971259],[121.955821,19.008857],[121.989106,18.949123],[121.865733,18.821926],[121.834158,18.834296]]],[[[121.244965,19.018459],[121.190278,19.087348],[121.210948,19.176703],[121.258962,19.045722],[121.244965,19.018459]]],[[[121.350841,19.375922],[121.516612,19.393541],[121.543305,19.278876],[121.498302,19.259263],[121.398936,19.303371],[121.350841,19.375922]]],[[[121.503184,19.438178],[121.506928,19.451077],[121.510671,19.424547],[121.503184,19.438178]]],[[[121.89324,20.313666],[121.850841,20.273424],[121.83839,20.340766],[121.859386,20.347357],[121.89324,20.313666]]],[[[121.797211,20.319851],[121.808442,20.338243],[121.804047,20.30032],[121.797211,20.319851]]],[[[121.865977,20.838202],[121.867686,20.744289],[121.803396,20.691148],[121.791189,20.730048],[121.865977,20.838202]]],[[[121.60255,21.948798],[121.601248,21.95718],[121.605724,21.953681],[121.60255,21.948798]]],[[[121.588878,22.023505],[121.53891,22.018215],[121.492035,22.08218],[121.56658,22.08218],[121.588878,22.023505]]],[[[120.348318,22.320339],[120.360769,22.353827],[120.378917,22.345038],[120.348318,22.320339]]],[[[121.500011,22.676256],[121.496104,22.63467],[121.471446,22.641791],[121.455414,22.673814],[121.500011,22.676256]]],[[[120.046072,23.052273],[120.034679,23.051703],[120.029307,23.070705],[120.046072,23.052273]]],[[[120.047618,23.145413],[120.03655,23.120958],[120.051443,23.168158],[120.047618,23.145413]]],[[[120.074148,23.224595],[120.076834,23.218533],[120.060395,23.190212],[120.074148,23.224595]]],[[[119.604666,23.247829],[119.600271,23.252794],[119.610688,23.255723],[119.604666,23.247829]]],[[[119.669281,23.258857],[119.662283,23.247219],[119.658865,23.263332],[119.669281,23.258857]]],[[[119.609386,23.256496],[119.610118,23.258979],[119.611176,23.257148],[119.609386,23.256496]]],[[[119.652273,23.265937],[119.652517,23.261461],[119.647716,23.263251],[119.652273,23.265937]]],[[[119.501882,23.274604],[119.504242,23.271186],[119.497406,23.268378],[119.501882,23.274604]]],[[[120.087576,23.296658],[120.083263,23.260403],[120.085623,23.297268],[120.087576,23.296658]]],[[[120.097341,23.31037],[120.113862,23.334621],[120.11671,23.328966],[120.097341,23.31037]]],[[[120.120453,23.36579],[120.110444,23.351426],[120.122325,23.372219],[120.120453,23.36579]]],[[[119.512706,23.362209],[119.527029,23.37523],[119.531912,23.367621],[119.512706,23.362209]]],[[[119.503103,23.356676],[119.479584,23.35814],[119.478689,23.405097],[119.499929,23.390855],[119.503103,23.356676]]],[[[120.132416,23.386746],[120.132416,23.402167],[120.134451,23.390652],[120.132416,23.386746]]],[[[120.157544,23.491476],[120.125029,23.489611],[120.124262,23.520021],[120.184418,23.76439],[120.702159,24.607001],[120.778087,24.665717],[120.826671,24.666083],[120.926036,24.884711],[121.059337,25.050238],[121.378754,25.157945],[121.443207,25.13642],[121.399099,25.192125],[121.461274,25.261908],[121.539724,25.287421],[121.597911,25.27143],[121.703868,25.156887],[121.905121,25.106594],[121.9192,25.02204],[122.005382,25.001899],[121.926768,24.96662],[121.823497,24.854926],[121.814952,24.644355],[121.881847,24.597805],[121.840831,24.590318],[121.840017,24.48135],[121.78004,24.432685],[121.772716,24.309231],[121.662852,24.193101],[121.607432,24.07685],[121.629161,24.01496],[121.400076,23.145494],[121.299571,22.959174],[121.190278,22.843166],[121.177419,22.778632],[121.029063,22.657538],[120.886567,22.365953],[120.879242,22.055813],[120.835704,21.98725],[120.840343,21.904608],[120.767426,21.959296],[120.700369,21.948432],[120.696951,22.113227],[120.621267,22.295071],[120.511974,22.42475],[120.38087,22.483873],[120.331228,22.519721],[120.285167,22.580064],[120.333669,22.525946],[120.239594,22.659084],[120.246349,22.709906],[120.1421,22.980292],[120.166189,23.031724],[120.114106,23.007636],[120.107921,23.04857],[120.055186,23.043687],[120.100434,23.096991],[120.059418,23.110663],[120.089203,23.117743],[120.059418,23.151028],[120.116527,23.317897],[120.148936,23.322252],[120.120779,23.341254],[120.164577,23.361711],[120.130544,23.450995],[120.157544,23.491476]]],[[[120.132416,23.443061],[120.131033,23.43712],[120.12615,23.444525],[120.132416,23.443061]]],[[[119.505626,23.483832],[119.502289,23.494127],[119.533621,23.497341],[119.505626,23.483832]]],[[[120.007656,23.432594],[120.115251,23.547912],[120.12477,23.550454],[120.090301,23.499396],[120.007656,23.432594]]],[[[119.531993,23.548814],[119.587169,23.548814],[119.552419,23.590399],[119.613129,23.610297],[119.606293,23.590399],[119.64796,23.603461],[119.668468,23.548814],[119.640636,23.563544],[119.563975,23.516588],[119.531993,23.548814]]],[[[119.585134,23.624742],[119.545258,23.664944],[119.566417,23.679185],[119.596202,23.653266],[119.585134,23.624742]]],[[[119.588471,23.742987],[119.602712,23.739122],[119.594086,23.727484],[119.588471,23.742987]]],[[[119.542166,25.165351],[119.444672,25.229071],[119.470388,25.252183],[119.567556,25.204901],[119.542166,25.165351]]],[[[119.771983,25.450588],[119.757335,25.404934],[119.703868,25.42357],[119.711599,25.486233],[119.668468,25.48786],[119.778331,25.52204],[119.726329,25.525133],[119.727061,25.590888],[119.692719,25.594224],[119.76352,25.659491],[119.816905,25.57982],[119.874522,25.556789],[119.798839,25.515815],[119.846528,25.461168],[119.771983,25.450588]]],[[[119.717052,25.663926],[119.676606,25.636461],[119.665375,25.644273],[119.717052,25.663926]]],[[[119.60434,25.668972],[119.596853,25.646348],[119.563406,25.63699],[119.56544,25.649034],[119.60434,25.668972]]],[[[119.975841,25.966742],[119.989431,25.961453],[119.966563,25.947414],[119.975841,25.966742]]],[[[119.941987,25.980902],[119.937348,25.964871],[119.928559,25.976671],[119.941987,25.980902]]],[[[119.644054,26.078437],[119.620372,26.064195],[119.553966,26.095649],[119.599376,26.128119],[119.644054,26.078437]]],[[[119.964041,26.166938],[119.932628,26.139919],[119.916677,26.144802],[119.919607,26.169338],[119.964041,26.166938]]],[[[119.975678,26.209621],[119.973074,26.22248],[120.014171,26.220364],[119.975678,26.209621]]],[[[120.491059,26.388739],[120.489594,26.364122],[120.476899,26.370103],[120.491059,26.388739]]],[[[120.035411,26.521064],[120.060802,26.501044],[120.027924,26.496365],[120.035411,26.521064]]],[[[120.160981,26.577338],[120.117361,26.564765],[120.161632,26.60224],[120.160981,26.577338]]],[[[119.775401,26.603909],[119.794607,26.632188],[119.81365,26.623603],[119.775401,26.603909]]],[[[119.715505,26.641669],[119.657644,26.668077],[119.75644,26.674872],[119.715505,26.641669]]],[[[119.944102,26.69538],[119.942393,26.663072],[119.905935,26.692369],[119.944102,26.69538]]],[[[120.297862,26.929063],[120.302664,26.941799],[120.314545,26.936143],[120.297862,26.929063]]],[[[120.385671,26.935167],[120.318533,26.948594],[120.322195,26.962104],[120.385671,26.935167]]],[[[121.103365,27.45188],[121.067264,27.43677],[121.046109,27.465199],[121.074002,27.479484],[121.103365,27.45188]]],[[[121.097992,27.817816],[121.188487,27.863715],[121.171235,27.818793],[121.097992,27.817816]]],[[[121.02203,27.868205],[121.083699,27.865697],[121.015036,27.839781],[121.02203,27.868205]]],[[[121.044688,27.951972],[121.07016,27.982896],[121.139659,27.965766],[121.103282,27.946194],[121.044688,27.951972]]],[[[121.285352,28.101946],[121.151573,28.041232],[121.120372,28.135688],[121.230588,28.219733],[121.268893,28.193942],[121.255531,28.140001],[121.285352,28.101946]]],[[[121.615164,28.541815],[121.62558,28.518622],[121.613617,28.501736],[121.595388,28.51378],[121.615164,28.541815]]],[[[121.842052,29.095038],[121.782725,29.124661],[121.789806,29.149848],[121.843923,29.141913],[121.867361,29.11579],[121.842052,29.095038]]],[[[121.847667,30.083157],[121.910492,30.024115],[121.871593,29.976711],[121.827403,30.004218],[121.847667,30.083157]]],[[[121.85377,31.372992],[121.881847,31.336615],[121.834727,31.292548],[121.7942,31.368801],[121.85377,31.372992]]],[[[121.774181,31.359198],[121.766368,31.320624],[121.584483,31.441392],[121.691254,31.419176],[121.774181,31.359198]]],[[[121.851374,31.439179],[121.314464,31.655585],[121.181443,31.79598],[121.264065,31.841077],[121.386133,31.811736],[121.663223,31.652352],[121.918966,31.578463],[121.986598,31.503897],[121.851374,31.439179]]],[[[120.565359,32.052314],[120.600108,32.060818],[120.631358,32.036078],[120.581879,32.033271],[120.565359,32.052314]]],[[[119.716156,32.27265],[119.814301,32.27558],[119.901866,32.073391],[119.792003,32.121772],[119.819347,32.203762],[119.716156,32.27265]]],[[[120.175304,35.783189],[120.183442,35.754543],[120.159434,35.743313],[120.157319,35.767646],[120.175304,35.783189]]],[[[120.726329,37.90884],[120.748383,37.938707],[120.754568,37.896674],[120.726329,37.90884]]],[[[120.618419,37.947008],[120.601899,37.969306],[120.606781,37.979885],[120.625824,37.972561],[120.618419,37.947008]]],[[[120.690196,37.990627],[120.720063,37.980943],[120.727306,37.969428],[120.700531,37.969875],[120.690196,37.990627]]],[[[120.742686,38.187567],[120.773285,38.159735],[120.746593,38.161851],[120.742686,38.187567]]],[[[120.836192,38.304267],[120.800059,38.287502],[120.819835,38.313666],[120.836192,38.304267]]],[[[120.907563,38.385159],[120.917817,38.395453],[120.924571,38.386868],[120.907563,38.385159]]],[[[121.823578,38.890245],[121.83839,38.870551],[121.82602,38.860582],[121.823578,38.890245]]],[[[121.379649,39.424872],[121.340587,39.440334],[121.259451,39.391506],[121.26588,39.43358],[121.340587,39.48135],[121.45045,39.450263],[121.41627,39.440334],[121.421723,39.373684],[121.336925,39.377387],[121.379649,39.424872]]],[[[120.785085,40.470689],[120.806651,40.516262],[120.821056,40.511257],[120.785085,40.470689]]],[[[121.969412,15.047187],[122.04712014652956,15.0],[121.82494625010209,15.0],[121.844249,15.045396],[121.893728,15.024563],[121.969412,15.047187]]],[[[122.112559,18.506985],[122.108897,18.554836],[122.137462,18.582546],[122.146821,18.526435],[122.112559,18.506985]]],[[[121.900238,19.559231],[121.997895,19.560289],[121.960948,19.491767],[121.900238,19.559231]]],[[[121.916026,20.375922],[121.965994,20.460639],[122.032725,20.473456],[121.963715,20.406643],[121.958018,20.354967],[121.916026,20.375922]]],[[[121.929698,21.064521],[121.934825,21.073228],[121.936697,21.065619],[121.929698,21.064521]]],[[[121.954275,21.118394],[121.949067,21.106879],[121.950694,21.122382],[121.954275,21.118394]]],[[[123.783458,24.062405],[123.781749,24.039089],[123.75766,24.053819],[123.783458,24.062405]]],[[[124.004324,24.215155],[123.994477,24.235704],[123.997081,24.246772],[124.028738,24.234361],[124.004324,24.215155]]],[[[124.09197,24.328559],[124.08961,24.304877],[124.078868,24.319403],[124.09197,24.328559]]],[[[123.968761,24.346829],[123.999278,24.321763],[123.954031,24.328843],[123.968761,24.346829]]],[[[123.668224,24.296617],[123.683767,24.323472],[123.742361,24.319729],[123.769867,24.418362],[123.934418,24.367499],[123.873057,24.258246],[123.668224,24.296617]]],[[[122.998383,24.439521],[122.94752,24.439521],[122.944591,24.466254],[123.016368,24.469794],[122.998383,24.439521]]],[[[124.088634,24.421942],[124.116222,24.467475],[124.211925,24.446967],[124.329112,24.583564],[124.211925,24.337104],[124.14031,24.341986],[124.143077,24.384914],[124.088634,24.421942]]],[[[124.704112,24.748318],[124.68865,24.744574],[124.687429,24.755113],[124.704112,24.748318]]],[[[121.927257,24.848578],[121.956391,24.844224],[121.953624,24.836168],[121.927257,24.848578]]],[[[122.079845,25.630316],[122.071869,25.625352],[122.070486,25.635484],[122.079845,25.630316]]],[[[123.606293,25.739],[123.600434,25.739366],[123.602794,25.745469],[123.606293,25.739]]],[[[123.588634,25.751532],[123.594249,25.752794],[123.593028,25.744371],[123.588634,25.751532]]],[[[123.555593,25.757554],[123.559906,25.756822],[123.558197,25.75434],[123.555593,25.757554]]],[[[123.511485,25.758083],[123.531423,25.773342],[123.545339,25.761786],[123.511485,25.758083]]],[[[123.620453,25.773586],[123.618012,25.774482],[123.620453,25.774482],[123.620453,25.773586]]],[[[123.59547,25.797268],[123.592377,25.797431],[123.595307,25.801907],[123.59547,25.797268]]],[[[124.568858,25.896226],[124.565278,25.895738],[124.566824,25.898424],[124.568858,25.896226]]],[[[123.672699,25.926825],[123.685802,25.922797],[123.675873,25.918158],[123.672699,25.926825]]],[[[123.672048,25.927476],[123.671723,25.929755],[123.673025,25.928697],[123.672048,25.927476]]],[[[121.955414,29.1435],[121.935313,29.062893],[121.888682,29.072333],[121.868175,29.147406],[121.903331,29.166571],[121.955414,29.1435]]],[[[122.271821,29.682644],[122.208181,29.705959],[122.2046,29.719102],[122.271821,29.682644]]],[[[122.032888,29.730943],[122.114757,29.78852],[122.18686,29.673407],[122.162934,29.654527],[122.092784,29.725775],[122.032888,29.730943]]],[[[122.298106,29.749457],[122.257335,29.736965],[122.215912,29.775784],[122.240082,29.786404],[122.298106,29.749457]]],[[[121.977468,29.805406],[122.028982,29.806098],[121.968272,29.77383],[121.977468,29.805406]]],[[[122.271169,29.846829],[122.30836,29.776272],[122.2317,29.836249],[122.271169,29.846829]]],[[[122.292328,29.883043],[122.334402,29.884548],[122.341645,29.876247],[122.304291,29.855577],[122.292328,29.883043]]],[[[122.330089,29.958238],[122.406749,29.952704],[122.395193,29.833319],[122.357107,29.861721],[122.330089,29.958238]]],[[[121.974132,29.899848],[121.933604,29.921332],[121.959972,29.953192],[121.986827,29.929877],[121.974132,29.899848]]],[[[122.038259,29.934516],[122.040457,29.966498],[122.053884,29.953274],[122.038259,29.934516]]],[[[122.161469,29.989936],[122.176524,29.960069],[122.134776,29.974677],[122.161469,29.989936]]],[[[122.37908,30.026394],[122.413748,30.00613],[122.391856,29.974514],[122.372,29.981676],[122.37908,30.026394]]],[[[122.010509,30.000312],[121.963145,30.142401],[122.103282,30.143704],[122.289561,30.067328],[122.326671,30.01081],[122.29363,29.933783],[122.184744,29.994452],[122.010509,30.000312]]],[[[121.908132,30.098456],[121.956391,30.108507],[121.931733,30.069444],[121.908132,30.098456]]],[[[122.771332,30.141059],[122.763276,30.127712],[122.754731,30.141343],[122.771332,30.141059]]],[[[122.20102,30.177314],[122.162364,30.143988],[122.145112,30.162665],[122.169037,30.202094],[122.20102,30.177314]]],[[[122.013845,30.18537],[122.05657,30.192288],[122.023611,30.165758],[122.013845,30.18537]]],[[[122.674815,30.209703],[122.684825,30.181871],[122.669932,30.203518],[122.674815,30.209703]]],[[[122.646169,30.208564],[122.648041,30.186225],[122.632253,30.210598],[122.646169,30.208564]]],[[[122.380626,30.263739],[122.277599,30.235541],[122.323985,30.272162],[122.407725,30.265937],[122.408539,30.243964],[122.380626,30.263739]]],[[[122.211436,30.346625],[122.23878,30.313137],[122.203868,30.291409],[122.231944,30.277737],[122.202322,30.241929],[122.073578,30.291409],[122.211436,30.346625]]],[[[121.955496,30.293362],[121.961111,30.331285],[121.982351,30.344753],[121.970225,30.307359],[121.955496,30.293362]]],[[[122.28712,30.48314],[122.337413,30.458482],[122.369151,30.476996],[122.423106,30.414944],[122.285411,30.422065],[122.28712,30.48314]]],[[[122.26824,30.516832],[122.252452,30.516343],[122.264496,30.529771],[122.26824,30.516832]]],[[[122.071544,30.597235],[122.071869,30.575548],[122.052501,30.588894],[122.071544,30.597235]]],[[[122.56658,30.645819],[122.556895,30.680976],[122.582205,30.663153],[122.56658,30.645819]]],[[[122.773774,30.730902],[122.776947,30.696316],[122.751638,30.707546],[122.773774,30.730902]]],[[[122.429942,30.743069],[122.524587,30.723578],[122.531098,30.704413],[122.431977,30.697984],[122.429942,30.743069]]],[[[122.669851,30.859239],[122.698497,30.853787],[122.682953,30.840847],[122.669851,30.859239]]],[[[122.20753,37.496405],[122.165375,37.50259],[122.180268,37.512966],[122.20753,37.496405]]],[[[124.684581,37.799994],[124.709158,37.847561],[124.724457,37.843655],[124.714203,37.809556],[124.684581,37.799994]]],[[[124.624034,37.980455],[124.704926,37.988674],[124.742035,37.955024],[124.644054,37.924506],[124.613617,37.945054],[124.624034,37.980455]]],[[[122.721528,39.04918],[122.760427,39.016669],[122.758149,39.010443],[122.713796,39.021633],[122.721528,39.04918]]],[[[123.143565,39.080878],[123.180675,39.091946],[123.195567,39.052069],[123.160655,39.029242],[123.143565,39.080878]]],[[[122.3213,39.165961],[122.354828,39.195624],[122.402599,39.213813],[122.402599,39.159125],[122.3213,39.165961]]],[[[122.741954,39.23607],[122.690684,39.193305],[122.69752,39.221259],[122.635997,39.228013],[122.741954,39.23607]]],[[[122.535899,39.223538],[122.487966,39.23314],[122.544444,39.230333],[122.535899,39.223538]]],[[[122.643077,39.255072],[122.505056,39.296942],[122.684418,39.262193],[122.643077,39.255072]]],[[[123.093516,39.442939],[123.081554,39.423651],[123.049653,39.451646],[123.055675,39.454779],[123.093516,39.442939]]],[[[124.602061,39.427395],[124.612559,39.457139],[124.61907,39.43301],[124.602061,39.427395]]],[[[124.630544,39.463406],[124.621267,39.468695],[124.623383,39.473009],[124.630544,39.463406]]],[[[124.621918,39.4855],[124.625092,39.498969],[124.631358,39.489651],[124.621918,39.4855]]],[[[124.69362,39.535079],[124.704845,39.508734],[124.684587,39.503243],[124.69362,39.535079]]],[[[122.989757,39.549506],[123.04005,39.529731],[123.029959,39.50788],[122.979747,39.499335],[122.989757,39.549506]]],[[[124.675548,39.53852],[124.644786,39.547675],[124.595876,39.537909],[124.691254,39.569648],[124.675548,39.53852]]],[[[124.447927,39.686387],[124.453787,39.687649],[124.45696,39.682807],[124.447927,39.686387]]],[[[124.548839,39.730129],[124.521739,39.711493],[124.517507,39.717678],[124.548839,39.730129]]],[[[124.242751,39.804633],[124.211533,39.795573],[124.230017,39.821172],[124.242751,39.804633]]],[[[124.334565,39.86579],[124.352631,39.87523],[124.344981,39.862982],[124.334565,39.86579]]],[[[124.32073,39.900702],[124.340343,39.892808],[124.323578,39.892361],[124.32073,39.900702]]],[[[124.305512,39.928616],[124.292003,39.91946],[124.304373,39.932563],[124.305512,39.928616]]],[[[124.3449,39.939358],[124.358897,39.962144],[124.36085,39.949042],[124.3449,39.939358]]],[[[124.725841,24.646552],[124.701752,24.62991],[124.67628,24.651964],[124.705089,24.669257],[124.725841,24.646552]]],[[[125.2588,24.733385],[125.260265,24.885199],[125.358246,24.78262],[125.452647,24.74494],[125.2588,24.733385]]],[[[125.194509,24.850287],[125.205251,24.804999],[125.140147,24.816392],[125.163585,24.854641],[125.194509,24.850287]]],[[[125.245779,24.935899],[125.25058,24.91531],[125.237559,24.934027],[125.245779,24.935899]]],[[[125.092133,34.071763],[125.122081,34.083808],[125.134288,34.046861],[125.092133,34.071763]]],[[[125.93686,34.229967],[125.936941,34.247423],[125.955251,34.2414],[125.93686,34.229967]]],[[[126.063324,34.251776],[126.056082,34.226671],[126.023123,34.236151],[126.042898,34.237454],[126.063324,34.251776]]],[[[125.926524,34.246283],[125.898448,34.249498],[125.924978,34.258775],[125.926524,34.246283]]],[[[126.084646,34.283881],[126.049327,34.280219],[126.021007,34.301093],[126.082042,34.310736],[126.084646,34.283881]]],[[[125.996593,34.327297],[126.018077,34.341376],[126.057872,34.320421],[125.996593,34.327297]]],[[[125.283783,34.398383],[125.317149,34.386176],[125.29656,34.380113],[125.283783,34.398383]]],[[[125.29656,34.442369],[125.281098,34.438625],[125.290375,34.451483],[125.29656,34.442369]]],[[[126.067719,34.482082],[126.038829,34.460639],[126.04835,34.497138],[126.067719,34.482082]]],[[[126.060069,34.620795],[126.099376,34.605455],[126.099376,34.558661],[126.035167,34.533922],[126.081309,34.580756],[126.060069,34.620795]]],[[[126.020518,34.571438],[126.028575,34.634223],[126.057628,34.572577],[126.020518,34.571438]]],[[[125.855072,34.628485],[125.820649,34.596096],[125.80185,34.621405],[125.855072,34.628485]]],[[[125.964447,34.627387],[125.962576,34.644355],[125.976817,34.618679],[125.964447,34.627387]]],[[[126.185069,34.653876],[126.176199,34.623643],[126.127615,34.613349],[126.115896,34.649359],[126.153982,34.672268],[126.185069,34.653876]]],[[[125.465994,34.655382],[125.465424,34.637356],[125.455577,34.643581],[125.465994,34.655382]]],[[[125.412608,34.63231],[125.412852,34.691962],[125.459239,34.686835],[125.412608,34.63231]]],[[[125.370779,34.666612],[125.374034,34.68126],[125.381358,34.677232],[125.370779,34.666612]]],[[[125.214041,34.699205],[125.178315,34.68126],[125.213796,34.715237],[125.214041,34.699205]]],[[[126.000987,34.704413],[125.976899,34.656399],[125.916026,34.687649],[125.976736,34.728258],[126.000987,34.704413]]],[[[126.107758,34.713365],[126.102631,34.696519],[126.094574,34.702419],[126.107758,34.713365]]],[[[126.173839,34.744452],[126.159434,34.702786],[126.069591,34.76968],[126.117849,34.769965],[126.173839,34.744452]]],[[[125.893891,34.762274],[126.000743,34.790107],[126.007579,34.759711],[125.951671,34.759263],[125.906423,34.719306],[125.893891,34.762274]]],[[[126.149425,34.808092],[126.146251,34.761868],[126.09254,34.787584],[126.149425,34.808092]]],[[[126.139659,34.857896],[126.096202,34.798774],[126.064138,34.842597],[126.122813,34.878811],[126.139659,34.857896]]],[[[125.986501,34.862738],[126.070079,34.9289],[126.08074,34.870998],[125.986501,34.862738]]],[[[126.250173,34.91885],[126.222423,34.931952],[126.253184,34.933498],[126.250173,34.91885]]],[[[126.199474,34.969631],[126.217214,34.98546],[126.211681,34.953152],[126.199474,34.969631]]],[[[126.151622,35.021267],[126.177582,34.978135],[126.129487,34.946967],[126.151785,34.996772],[126.097179,35.00255],[126.151622,35.021267]]],[[[126.174164,35.053168],[126.172374,35.023627],[126.127778,35.048163],[126.174164,35.053168]]],[[[126.238536,35.091864],[126.218516,35.076606],[126.261078,35.024563],[126.158702,35.094224],[126.238536,35.091864]]],[[[126.01531,35.081529],[126.021007,35.100124],[126.025564,35.075832],[126.01531,35.081529]]],[[[126.144786,35.082465],[126.105235,35.050035],[126.056,35.061347],[126.069102,35.102362],[126.165212,35.1435],[126.127778,35.120551],[126.144786,35.082465]]],[[[126.154145,35.276435],[126.130219,35.287909],[126.137869,35.297471],[126.154145,35.276435]]],[[[126.039073,35.342841],[126.006196,35.344346],[126.021658,35.363023],[126.039073,35.342841]]],[[[125.995128,36.111436],[125.970063,36.119086],[125.978608,36.126207],[125.995128,36.111436]]],[[[126.077729,36.23428],[126.0949,36.224921],[126.064708,36.220771],[126.077729,36.23428]]],[[[126.047862,36.671698],[126.083588,36.690579],[126.079031,36.672349],[126.047862,36.671698]]],[[[125.978689,37.040473],[126.013927,37.028469],[125.992035,37.019232],[125.978689,37.040473]]],[[[125.947602,37.094672],[125.952485,37.083075],[125.948822,37.067247],[125.947602,37.094672]]],[[[126.065603,37.103705],[126.075369,37.082831],[126.063324,37.087185],[126.065603,37.103705]]],[[[126.087657,37.18065],[126.112966,37.18008],[126.109467,37.165066],[126.087657,37.18065]]],[[[126.121593,37.210924],[126.104747,37.267524],[126.15919,37.23192],[126.121593,37.210924]]],[[[125.708832,37.611029],[125.7199,37.608791],[125.705821,37.601671],[125.708832,37.611029]]],[[[125.687836,37.65176],[125.699229,37.678127],[125.703136,37.661444],[125.687836,37.65176]]],[[[126.194835,37.683865],[126.195486,37.655911],[126.157888,37.674018],[126.194835,37.683865]]],[[[126.142019,37.686998],[126.125173,37.682644],[126.12322,37.68887],[126.142019,37.686998]]],[[[126.236827,37.72248],[126.243093,37.716986],[126.218435,37.720649],[126.236827,37.72248]]],[[[125.337738,37.768704],[125.226329,37.696357],[125.220551,37.703762],[125.337738,37.768704]]],[[[125.650401,37.73371],[125.646658,37.735256],[125.649587,37.737942],[125.650401,37.73371]]],[[[125.239919,37.754747],[125.234955,37.739976],[125.214285,37.755154],[125.239919,37.754747]]],[[[124.729828,37.758612],[124.765229,37.778551],[124.76824,37.76968],[124.729828,37.758612]]],[[[125.904633,37.769232],[125.888276,37.76793],[125.921316,37.784084],[125.904633,37.769232]]],[[[125.3296,37.781073],[125.351329,37.811713],[125.359955,37.810533],[125.3296,37.781073]]],[[[125.141368,37.799506],[125.192882,37.811103],[125.147716,37.78559],[125.141368,37.799506]]],[[[125.773774,37.809719],[125.760102,37.798529],[125.762462,37.81037],[125.773774,37.809719]]],[[[125.041759,37.817288],[124.997732,37.808417],[125.040782,37.834459],[125.041759,37.817288]]],[[[124.958344,37.914415],[124.966238,37.92418],[124.96518,37.915758],[124.958344,37.914415]]],[[[124.819591,38.058702],[124.824148,38.061387],[124.823822,38.051418],[124.819591,38.058702]]],[[[124.844249,38.555162],[124.903982,38.494371],[124.790294,38.517401],[124.844249,38.555162]]],[[[124.984386,38.622667],[125.003998,38.647528],[124.988292,38.67357],[125.020193,38.659044],[124.984386,38.622667]]],[[[124.716156,39.414171],[124.732921,39.418077],[124.716807,39.408108],[124.716156,39.414171]]],[[[124.769135,39.465481],[124.792003,39.459133],[124.773448,39.447333],[124.769135,39.465481]]],[[[125.109711,39.509263],[125.114594,39.509101],[125.111746,39.503363],[125.109711,39.509263]]],[[[124.809662,39.514146],[124.801524,39.518948],[124.812673,39.513332],[124.809662,39.514146]]],[[[125.210704,39.517076],[125.203787,39.534329],[125.217621,39.525173],[125.210704,39.517076]]],[[[125.144542,39.520779],[125.138194,39.536607],[125.163422,39.540758],[125.144542,39.520779]]],[[[125.137625,39.555569],[125.160492,39.555609],[125.163585,39.544135],[125.137625,39.555569]]],[[[124.736583,39.558661],[124.741466,39.558214],[124.734141,39.54446],[124.736583,39.558661]]],[[[124.818563,39.495444],[124.880471,39.612455],[124.926741,39.604786],[124.933609,39.550543],[124.818563,39.495444]]],[[[124.763357,39.619249],[124.754731,39.614895],[124.759288,39.626085],[124.763357,39.619249]]],[[[124.908458,39.622341],[124.898855,39.628567],[124.905365,39.63231],[124.908458,39.622341]]],[[[124.757986,39.632717],[124.768077,39.639797],[124.76474,39.63109],[124.757986,39.632717]]],[[[124.825206,39.644924],[124.842296,39.643785],[124.838715,39.637926],[124.825206,39.644924]]],[[[127.370779,26.210028],[127.342784,26.170233],[127.364106,26.22134],[127.370779,26.210028]]],[[[126.769867,26.388007],[126.810313,26.342515],[126.795177,26.305609],[126.697765,26.369045],[126.769867,26.388007]]],[[[127.208832,26.581977],[127.222179,26.598944],[127.242361,26.596747],[127.236827,26.579169],[127.208832,26.581977]]],[[[127.809825,26.735419],[127.811209,26.706977],[127.758556,26.712877],[127.754649,26.728583],[127.809825,26.735419]]],[[[126.606919,33.24061],[126.333427,33.238169],[126.27003,33.197577],[126.161143,33.300767],[126.310567,33.464476],[126.484935,33.520758],[126.79236,33.563797],[126.946056,33.478013],[126.840587,33.310207],[126.606919,33.24061]]],[[[126.944835,33.493842],[126.958914,33.51675],[126.963634,33.495998],[126.944835,33.493842]]],[[[126.302582,33.953762],[126.342459,33.956692],[126.321788,33.929755],[126.302582,33.953762]]],[[[126.912446,33.970852],[126.92571,33.989651],[126.935232,33.974107],[126.912446,33.970852]]],[[[127.323497,34.005764],[127.28004,34.05744],[127.295665,34.061469],[127.323497,34.005764]]],[[[127.318696,34.03734],[127.30836,34.060411],[127.334646,34.036892],[127.318696,34.03734]]],[[[126.601085,34.106838],[126.581554,34.101671],[126.588064,34.116319],[126.601085,34.106838]]],[[[126.532888,34.179104],[126.607677,34.165595],[126.615977,34.156968],[126.517751,34.127143],[126.532888,34.179104]]],[[[126.673106,34.180121],[126.679454,34.146552],[126.655528,34.116848],[126.636485,34.187161],[126.673106,34.180121]]],[[[126.924978,34.184882],[126.886974,34.151353],[126.849132,34.174384],[126.882172,34.213284],[126.924978,34.184882]]],[[[126.747325,34.189358],[126.763682,34.212104],[126.759125,34.177029],[126.747325,34.189358]]],[[[126.559744,34.234524],[126.606619,34.1883],[126.549815,34.19123],[126.559744,34.234524]]],[[[127.222423,34.211127],[127.253673,34.250515],[127.258393,34.212063],[127.222423,34.211127]]],[[[126.598481,34.2331],[126.601817,34.250718],[126.625987,34.239325],[126.598481,34.2331]]],[[[127.538422,34.270046],[127.534028,34.261094],[127.525971,34.268134],[127.538422,34.270046]]],[[[126.539236,34.284776],[126.57073,34.280788],[126.53891,34.275743],[126.539236,34.284776]]],[[[127.351573,34.296007],[127.370779,34.288845],[127.34905,34.267971],[127.351573,34.296007]]],[[[127.392182,34.280056],[127.400645,34.294582],[127.399506,34.28262],[127.392182,34.280056]]],[[[127.009044,34.319566],[126.968842,34.305162],[126.955984,34.316596],[126.972748,34.338121],[127.009044,34.319566]]],[[[126.893321,34.341254],[126.840587,34.303371],[126.757579,34.336127],[126.893321,34.341254]]],[[[126.465994,34.346381],[126.474457,34.333401],[126.464854,34.340725],[126.465994,34.346381]]],[[[126.640961,34.360338],[126.653656,34.395209],[126.709972,34.39289],[126.768077,34.289211],[126.688975,34.301093],[126.640961,34.360338]]],[[[127.038829,34.312893],[126.991466,34.356269],[127.025401,34.381334],[127.096934,34.337795],[127.038829,34.312893]]],[[[126.906993,34.355333],[126.868337,34.370632],[126.863129,34.409532],[126.946462,34.404364],[126.906993,34.355333]]],[[[126.861095,34.392768],[126.775727,34.354722],[126.753184,34.386949],[126.823009,34.439846],[126.861095,34.392768]]],[[[127.269786,34.388088],[127.249604,34.401516],[127.239513,34.413682],[127.269786,34.388088]]],[[[127.025483,34.452053],[127.06308,34.449774],[127.063813,34.404608],[127.042003,34.419908],[127.025483,34.452053]]],[[[127.806488,34.416571],[127.78655,34.431545],[127.801524,34.459744],[127.806488,34.416571]]],[[[127.536388,34.44066],[127.49464,34.414252],[127.45338,34.470608],[127.509939,34.470038],[127.536388,34.44066]]],[[[127.12436,34.473334],[127.204275,34.486762],[127.245128,34.464057],[127.228689,34.430243],[127.168956,34.417711],[127.117361,34.437567],[127.12436,34.473334]]],[[[126.414887,34.457913],[126.417166,34.449856],[126.413829,34.452786],[126.414887,34.457913]]],[[[126.41212,34.467922],[126.414887,34.458116],[126.408214,34.461208],[126.41212,34.467922]]],[[[126.153087,34.388495],[126.103282,34.402777],[126.115733,34.436184],[126.226573,34.527574],[126.268321,34.52204],[126.247732,34.574774],[126.349457,34.54682],[126.380056,34.49844],[126.345876,34.409003],[126.309255,34.423977],[126.209972,34.358791],[126.144786,34.355048],[126.153087,34.388495]]],[[[127.822927,34.479926],[127.797293,34.485012],[127.824392,34.496568],[127.822927,34.479926]]],[[[127.466482,34.541409],[127.505138,34.493435],[127.456147,34.478909],[127.435557,34.519558],[127.466482,34.541409]]],[[[127.112885,34.501573],[127.120453,34.513251],[127.134125,34.522121],[127.112885,34.501573]]],[[[127.748057,34.551093],[127.791759,34.492011],[127.70753,34.533881],[127.748057,34.551093]]],[[[127.657888,34.585517],[127.697765,34.567776],[127.637055,34.567939],[127.657888,34.585517]]],[[[127.404959,34.57453],[127.409434,34.580064],[127.395763,34.563218],[127.404959,34.57453]]],[[[127.098643,34.595608],[127.098725,34.611233],[127.107595,34.604641],[127.098643,34.595608]]],[[[127.526622,34.617458],[127.549571,34.594387],[127.524343,34.604763],[127.526622,34.617458]]],[[[127.760753,34.704739],[127.796641,34.714179],[127.782074,34.684556],[127.818126,34.616156],[127.786632,34.579006],[127.73585,34.62523],[127.760753,34.704739]]],[[[127.742686,34.706529],[127.716482,34.712714],[127.725759,34.719875],[127.742686,34.706529]]],[[[126.305919,34.779527],[126.317475,34.772488],[126.315033,34.760077],[126.305919,34.779527]]],[[[127.465505,34.789984],[127.447358,34.795315],[127.467133,34.800564],[127.465505,34.789984]]],[[[126.230724,34.85456],[126.286469,34.912909],[126.33253,34.906724],[126.320079,34.865871],[126.361664,34.837388],[126.230724,34.85456]]],[[[127.694835,34.879136],[127.710134,34.89647],[127.744884,34.891791],[127.722748,34.870836],[127.694835,34.879136]]],[[[126.288585,34.961412],[126.280447,34.936957],[126.262055,34.9678],[126.288585,34.961412]]],[[[126.244721,34.975572],[126.262055,34.999905],[126.271007,34.981716],[126.244721,34.975572]]],[[[126.253673,35.574368],[126.276134,35.61286],[126.307302,35.616645],[126.305675,35.603217],[126.253673,35.574368]]],[[[126.634776,35.800686],[126.625824,35.77912],[126.623627,35.793362],[126.634776,35.800686]]],[[[126.442393,35.831977],[126.485769,35.816026],[126.452078,35.806505],[126.442393,35.831977]]],[[[126.365245,35.852769],[126.380544,35.848334],[126.362966,35.844997],[126.365245,35.852769]]],[[[126.367686,36.336575],[126.339203,36.327623],[126.353201,36.355943],[126.367686,36.336575]]],[[[126.450287,36.355292],[126.387462,36.368923],[126.382986,36.375067],[126.428071,36.384955],[126.450287,36.355292]]],[[[126.356944,36.479641],[126.328143,36.471089],[126.314818,36.581787],[126.360244,36.60936],[126.43214,36.407945],[126.36378,36.411363],[126.356944,36.479641]]],[[[126.429535,37.041368],[126.445323,37.057359],[126.448009,37.049262],[126.429535,37.041368]]],[[[126.392914,37.097805],[126.38144,37.114895],[126.388601,37.115261],[126.392914,37.097805]]],[[[126.250011,37.169298],[126.258393,37.182522],[126.280691,37.156968],[126.250011,37.169298]]],[[[126.642751,37.229519],[126.630707,37.21719],[126.633556,37.232978],[126.642751,37.229519]]],[[[126.542979,37.28498],[126.613536,37.232815],[126.539317,37.198065],[126.542979,37.28498]]],[[[126.287608,37.268744],[126.337413,37.260525],[126.340343,37.255154],[126.322032,37.244737],[126.287608,37.268744]]],[[[126.494395,37.273505],[126.469493,37.233466],[126.43572,37.23843],[126.461192,37.280585],[126.494395,37.273505]]],[[[126.403168,37.407131],[126.434662,37.387397],[126.436127,37.371975],[126.412364,37.367458],[126.403168,37.407131]]],[[[126.443413,37.420625],[126.364973,37.442291],[126.359342,37.47363],[126.47338,37.499257],[126.51483,37.534347],[126.583066,37.490384],[126.443413,37.420625]]],[[[126.465099,37.511094],[126.431977,37.522203],[126.458751,37.539862],[126.465099,37.511094]]],[[[126.331554,37.52558],[126.312511,37.55622],[126.382335,37.532091],[126.331554,37.52558]]],[[[126.23935,37.636054],[126.252778,37.653225],[126.260346,37.627997],[126.23935,37.636054]]],[[[126.369151,37.687323],[126.349864,37.657375],[126.281993,37.699286],[126.319998,37.747219],[126.369151,37.687323]]],[[[126.37379,37.796129],[126.425304,37.824449],[126.516368,37.767239],[126.542003,37.631049],[126.517833,37.603827],[126.410167,37.602037],[126.370128,37.631049],[126.416677,37.651842],[126.366954,37.72724],[126.37379,37.796129]]],[[[126.24643,37.811754],[126.333263,37.800442],[126.34254,37.792141],[126.318207,37.762274],[126.224457,37.760443],[126.24643,37.811754]]],[[[127.515473,39.224962],[127.537039,39.224189],[127.527843,39.219346],[127.515473,39.224962]]],[[[127.622895,39.238186],[127.640229,39.226182],[127.617198,39.222398],[127.622895,39.238186]]],[[[127.945974,26.251899],[127.939464,26.239529],[127.932628,26.250556],[127.945974,26.251899]]],[[[127.989106,26.358466],[127.977631,26.379747],[127.987071,26.38406],[127.989106,26.358466]]],[[[128.158865,26.618801],[128.138357,26.554023],[128.055919,26.550482],[127.947276,26.451158],[127.851736,26.44123],[127.919932,26.309638],[127.828298,26.31623],[127.771007,26.216498],[127.775401,26.185126],[127.823578,26.186754],[127.796886,26.139716],[127.725352,26.089586],[127.651703,26.084377],[127.638194,26.214748],[127.741873,26.320543],[127.722504,26.429918],[127.805186,26.447577],[127.960216,26.564114],[127.955903,26.594794],[127.88559,26.620185],[127.878266,26.694525],[127.987315,26.692939],[127.995616,26.639228],[128.057384,26.644761],[128.225922,26.800971],[128.255056,26.886298],[128.331391,26.813422],[128.337657,26.764309],[128.243337,26.633287],[128.158865,26.618801]]],[[[127.948171,26.911282],[127.918142,26.925198],[127.926199,26.95128],[127.956391,26.941026],[127.948171,26.911282]]],[[[128.454845,27.028754],[128.431407,27.021674],[128.396251,27.049018],[128.444347,27.062567],[128.454845,27.028754]]],[[[127.995372,27.091742],[127.975759,27.03974],[127.925792,27.009752],[127.995372,27.091742]]],[[[128.545421,27.353746],[128.538422,27.417629],[128.706879,27.448635],[128.613129,27.364325],[128.545421,27.353746]]],[[[128.894542,27.728217],[128.894542,27.891303],[128.947032,27.91413],[129.024262,27.756578],[128.947032,27.681383],[128.894542,27.728217]]],[[[128.243419,27.857245],[128.23227,27.852851],[128.229828,27.868964],[128.243419,27.857245]]],[[[129.265798,28.03498],[129.211599,28.023057],[129.207693,28.042263],[129.265798,28.03498]]],[[[129.17449,28.052558],[129.146658,28.015326],[129.168468,28.066392],[129.17449,28.052558]]],[[[129.180837,28.190253],[129.269298,28.174872],[129.251801,28.143785],[129.350434,28.086493],[129.221446,28.099107],[129.180837,28.190253]]],[[[129.487315,28.282538],[129.447439,28.29092],[129.420177,28.249945],[129.467947,28.215766],[129.351817,28.160549],[129.375987,28.119574],[129.286632,28.177924],[129.269298,28.229438],[129.145763,28.249945],[129.270844,28.255357],[129.290375,28.284084],[129.227712,28.304592],[129.263927,28.328843],[129.475352,28.421291],[129.516368,28.393297],[129.626231,28.482733],[129.616466,28.438544],[129.644054,28.439765],[129.687755,28.508979],[129.715994,28.429145],[129.619314,28.400784],[129.487315,28.282538]]],[[[129.192882,29.146918],[129.22047,29.157131],[129.219574,29.126654],[129.192882,29.146918]]],[[[129.598155,29.472357],[129.59962,29.443345],[129.587413,29.458238],[129.598155,29.472357]]],[[[129.539887,29.889879],[129.543305,29.908149],[129.554454,29.897528],[129.539887,29.889879]]],[[[129.428233,30.846422],[129.433849,30.84455],[129.429454,30.840888],[129.428233,30.846422]]],[[[129.451752,31.180691],[129.446137,31.199652],[129.453705,31.199652],[129.451752,31.180691]]],[[[128.34311,32.007229],[128.354666,31.989285],[128.346039,31.986151],[128.34311,32.007229]]],[[[128.404877,32.038642],[128.394054,32.054836],[128.41391,32.054389],[128.404877,32.038642]]],[[[128.890147,32.564683],[128.903575,32.572496],[128.903168,32.560045],[128.890147,32.564683]]],[[[128.832856,32.605943],[128.838959,32.594957],[128.826182,32.598822],[128.832856,32.605943]]],[[[128.790201,32.586385],[128.600439,32.614178],[128.65268,32.667914],[128.660818,32.782782],[128.699653,32.743771],[128.80849,32.799908],[128.810557,32.766059],[128.842296,32.759467],[128.842069,32.703861],[128.899262,32.642524],[128.779633,32.646796],[128.790201,32.586385]]],[[[128.59783,32.709459],[128.594981,32.732245],[128.602631,32.740017],[128.59783,32.709459]]],[[[128.991547,32.791734],[128.986339,32.742499],[128.96518,32.745022],[128.991547,32.791734]]],[[[128.862966,32.835273],[128.902843,32.814154],[128.882335,32.765286],[128.835216,32.787665],[128.83725,32.833808],[128.873871,32.798733],[128.862966,32.835273]]],[[[128.681651,32.808865],[128.677013,32.801703],[128.67392,32.804389],[128.681651,32.808865]]],[[[128.89088,32.870917],[128.929454,32.849799],[128.946544,32.880194],[128.945079,32.804348],[128.89088,32.870917]]],[[[129.602061,32.880927],[129.59254,32.88406],[129.599294,32.888577],[129.602061,32.880927]]],[[[128.979666,32.91649],[129.020681,32.916693],[129.024099,32.848049],[128.97755,32.864],[128.979666,32.91649]]],[[[128.934255,32.910712],[128.952078,32.916897],[128.948578,32.904446],[128.934255,32.910712]]],[[[129.187918,32.916287],[129.184174,32.920762],[129.194509,32.924262],[129.187918,32.916287]]],[[[129.616303,32.916287],[129.594005,32.945583],[129.625173,32.938096],[129.616303,32.916287]]],[[[129.100352,32.919013],[129.045723,32.822093],[129.04782,32.909965],[128.979423,32.947609],[129.054454,32.979315],[129.048622,33.039603],[129.083995,33.023383],[129.10818,33.166688],[129.097992,32.988267],[129.169628,33.005817],[129.182807,32.984686],[129.100352,32.919013]]],[[[129.246186,33.022854],[129.24586,32.992296],[129.224213,32.996975],[129.246186,33.022854]]],[[[129.352143,33.000393],[129.344086,33.01907],[129.353608,33.021918],[129.352143,33.000393]]],[[[129.189789,33.00731],[129.177338,33.016059],[129.195893,33.015041],[129.189789,33.00731]]],[[[129.63502,33.062364],[129.559418,32.997301],[129.535818,33.008165],[129.63502,33.062364]]],[[[129.679942,33.134914],[129.672455,33.143052],[129.680837,33.141506],[129.679942,33.134914]]],[[[129.530203,33.130601],[129.503266,33.140082],[129.542328,33.152411],[129.530203,33.130601]]],[[[128.903168,33.166083],[128.896983,33.1706],[128.899425,33.173529],[128.903168,33.166083]]],[[[129.576915,33.184027],[129.592214,33.169338],[129.582205,33.161119],[129.576915,33.184027]]],[[[129.132904,33.157986],[129.119314,33.174791],[129.119721,33.212755],[129.143484,33.189765],[129.132904,33.157986]]],[[[129.082367,33.201931],[129.051199,33.182766],[129.029063,33.199612],[129.049001,33.219387],[129.082367,33.201931]]],[[[129.014578,33.211534],[129.022146,33.199042],[129.014252,33.199734],[129.014578,33.211534]]],[[[129.075043,33.259914],[129.128266,33.301581],[129.149587,33.269029],[129.075043,33.259914]]],[[[129.349869,33.213468],[129.400157,33.185696],[129.377657,33.21464],[129.416769,33.23693],[129.442663,33.348066],[129.522916,33.368377],[129.525321,33.404927],[129.555684,33.410805],[129.538317,33.315595],[129.446605,33.19852],[129.376021,33.169719],[129.342501,33.17962],[129.349869,33.213468]]],[[[129.409679,33.352647],[129.424571,33.435899],[129.431163,33.44066],[129.433604,33.356676],[129.409679,33.352647]]],[[[129.680837,33.413642],[129.681814,33.425238],[129.685557,33.407782],[129.680837,33.413642]]],[[[129.507009,33.438015],[129.544932,33.442206],[129.506033,33.425238],[129.507009,33.438015]]],[[[129.576427,33.488349],[129.554454,33.473456],[129.503184,33.4737],[129.541759,33.50731],[129.576427,33.488349]]],[[[129.641449,33.73371],[129.626801,33.742418],[129.643728,33.741726],[129.641449,33.73371]]],[[[129.276587,34.129111],[129.220421,34.088878],[129.171634,34.106807],[129.207361,34.329277],[129.224053,34.293443],[129.280197,34.322872],[129.312528,34.279756],[129.347103,34.286978],[129.276587,34.129111]]],[[[129.360118,34.270006],[129.383149,34.303534],[129.390961,34.299302],[129.360118,34.270006]]],[[[129.393181,34.4108],[129.407969,34.35158],[129.368242,34.307432],[129.305464,34.324875],[129.345064,34.327244],[129.347003,34.355852],[129.305104,34.343206],[129.309322,34.384402],[129.286359,34.344008],[129.228913,34.355601],[129.272349,34.375697],[129.268569,34.433051],[129.310867,34.460511],[129.276044,34.462188],[129.326119,34.535439],[129.289107,34.569867],[129.3233,34.648072],[129.378337,34.644852],[129.464561,34.700805],[129.488278,34.635678],[129.452647,34.619452],[129.478201,34.597113],[129.359464,34.390622],[129.393181,34.4108]]],[[[128.29713,34.637315],[128.236257,34.61046],[128.225271,34.632839],[128.239513,34.652411],[128.29713,34.637315]]],[[[128.584239,34.639228],[128.561534,34.632392],[128.578624,34.649156],[128.584239,34.639228]]],[[[128.380382,34.639065],[128.348969,34.637519],[128.340668,34.66352],[128.380382,34.639065]]],[[[128.221772,34.680325],[128.256521,34.675564],[128.2435,34.668484],[128.223643,34.672268],[128.221772,34.680325]]],[[[128.175059,34.710557],[128.19516,34.685858],[128.167898,34.702419],[128.175059,34.710557]]],[[[128.469574,34.740465],[128.489268,34.748074],[128.512218,34.734524],[128.492035,34.73192],[128.469574,34.740465]]],[[[128.304047,34.743232],[128.293305,34.761827],[128.307791,34.752305],[128.304047,34.743232]]],[[[128.508556,34.761217],[128.557628,34.755357],[128.557628,34.749416],[128.543061,34.748684],[128.508556,34.761217]]],[[[128.470632,34.760688],[128.476573,34.816514],[128.508474,34.77143],[128.470632,34.760688]]],[[[128.423083,34.763253],[128.380089,34.810404],[128.332049,34.825702],[128.437997,34.819572],[128.423083,34.763253]]],[[[128.260509,34.814643],[128.205821,34.815619],[128.227306,34.838568],[128.260509,34.814643]]],[[[127.937673,34.767035],[127.906261,34.71308],[127.868012,34.721869],[127.830333,34.833564],[127.840831,34.886949],[127.90211,34.940009],[127.938243,34.913967],[127.90561,34.868964],[127.919932,34.835435],[128.074718,34.803656],[128.055919,34.698228],[127.975271,34.699937],[127.937673,34.767035]]],[[[128.140147,34.834784],[128.133962,34.823554],[128.126394,34.837307],[128.140147,34.834784]]],[[[128.226003,34.84398],[128.18629,34.825914],[128.169119,34.847154],[128.173676,34.854438],[128.226003,34.84398]]],[[[128.693858,34.736151],[128.583995,34.705146],[128.618175,34.725572],[128.560395,34.781806],[128.604503,34.835435],[128.528819,34.808092],[128.488455,34.868964],[128.573741,34.910061],[128.645518,34.890692],[128.610606,34.954901],[128.693858,34.986274],[128.702891,35.032945],[128.734386,34.935452],[128.714366,34.87641],[128.744314,34.887763],[128.747406,34.857123],[128.720551,34.842271],[128.74171,34.790717],[128.686371,34.808092],[128.662852,34.769965],[128.693858,34.736151]]],[[[128.018728,34.866156],[128.045909,34.893622],[128.082367,34.835598],[127.963634,34.859768],[128.017833,34.916571],[128.018728,34.866156]]],[[[128.533214,34.97248],[128.528819,34.927517],[128.518809,34.922024],[128.513194,34.96251],[128.533214,34.97248]]],[[[128.61142,34.977281],[128.650971,35.019639],[128.632009,34.971096],[128.61142,34.977281]]],[[[128.804373,35.056342],[128.843272,35.047187],[128.826671,34.992377],[128.809093,35.025865],[128.804373,35.056342]]],[[[128.561778,35.052191],[128.542491,35.068264],[128.554779,35.069648],[128.561778,35.052191]]],[[[129.069745,35.093495],[129.088846,35.050215],[129.04739,35.091608],[129.069745,35.093495]]],[[[128.163178,39.992906],[128.174815,40.009263],[128.229096,40.011461],[128.220063,39.992336],[128.163178,39.992906]]],[[[131.252452,25.819037],[131.212087,25.829047],[131.241059,25.875678],[131.27711,25.858385],[131.252452,25.819037]]],[[[131.3213,25.947699],[131.301524,25.926744],[131.289724,25.951361],[131.3213,25.947699]]],[[[129.995453,28.29092],[129.913585,28.297105],[130.030284,28.373481],[129.995453,28.29092]]],[[[129.721039,29.606147],[129.714854,29.654527],[129.745942,29.661038],[129.743826,29.622301],[129.721039,29.606147]]],[[[129.927257,29.825873],[129.863402,29.824607],[129.832772,29.873078],[129.888682,29.877509],[129.927257,29.825873]]],[[[129.945323,29.961615],[129.900645,29.972561],[129.92199,30.00473],[129.945323,29.961615]]],[[[130.423361,30.398968],[130.498951,30.467962],[130.674571,30.374579],[130.647146,30.290513],[130.57728,30.235906],[130.437713,30.23897],[130.386264,30.339606],[130.376247,30.394436],[130.423361,30.398968]]],[[[130.141766,30.489301],[130.242867,30.463612],[130.262157,30.435024],[130.212468,30.420691],[130.141766,30.489301]]],[[[131.003404,30.551167],[130.962177,30.372808],[130.870381,30.343904],[130.851495,30.470144],[130.930221,30.54086],[130.9393,30.672251],[131.061538,30.840588],[131.078937,30.699084],[131.035564,30.557209],[131.003404,30.551167]]],[[[130.838145,30.727484],[130.857758,30.766547],[130.854666,30.725613],[130.838145,30.727484]]],[[[130.295746,30.805976],[130.31072,30.780382],[130.259044,30.781643],[130.295746,30.805976]]],[[[130.443533,30.799709],[130.403168,30.806138],[130.400401,30.81155],[130.426117,30.819037],[130.443533,30.799709]]],[[[129.903982,30.834418],[129.93214,30.851752],[129.959809,30.828681],[129.939464,30.813422],[129.903982,30.834418]]],[[[130.169363,31.361029],[130.162039,31.349758],[130.158865,31.356187],[130.169363,31.361029]]],[[[131.409841,31.542589],[131.417735,31.511054],[131.405365,31.523505],[131.409841,31.542589]]],[[[129.655381,31.659785],[129.753591,31.743801],[129.783214,31.799628],[129.799571,31.745429],[129.695977,31.621447],[129.655381,31.659785]]],[[[129.824555,31.814602],[129.846528,31.79918],[129.829926,31.773342],[129.824555,31.814602]]],[[[129.844981,31.880601],[129.909923,31.845689],[129.913422,31.867743],[129.93336,31.867825],[129.92921,31.826728],[129.875987,31.811265],[129.850434,31.857408],[129.820567,31.845526],[129.844981,31.880601]]],[[[130.113292,32.207587],[130.187266,32.196357],[130.167328,32.114325],[130.134613,32.117987],[130.113292,32.207587]]],[[[130.028982,32.191148],[130.044281,32.156399],[130.017751,32.161078],[130.028982,32.191148]]],[[[130.203787,32.203111],[130.188487,32.221015],[130.191987,32.243191],[130.211843,32.218329],[130.203787,32.203111]]],[[[130.173839,32.233018],[130.169851,32.256334],[130.187104,32.268093],[130.173839,32.233018]]],[[[130.243907,32.301825],[130.232677,32.258775],[130.210704,32.255357],[130.243907,32.301825]]],[[[130.301199,32.305854],[130.346283,32.349799],[130.369477,32.348131],[130.331309,32.305487],[130.301199,32.305854]]],[[[130.318777,32.339504],[130.315929,32.369127],[130.340424,32.352281],[130.318777,32.339504]]],[[[130.074962,32.220771],[129.995453,32.19066],[130.009125,32.252143],[129.958344,32.237535],[130.064301,32.306789],[129.979747,32.332994],[130.030284,32.482408],[130.00294,32.533352],[130.160492,32.546332],[130.198985,32.48017],[130.20338,32.338853],[130.074962,32.220771]]],[[[130.431733,32.378648],[130.407807,32.393093],[130.412852,32.399888],[130.431733,32.378648]]],[[[130.213064,32.43651],[130.363048,32.527086],[130.468516,32.511623],[130.362315,32.374986],[130.353852,32.42414],[130.241954,32.395494],[130.213064,32.43651]]],[[[131.447622,31.847435],[131.496349,31.795966],[131.455333,31.620917],[131.390798,31.548814],[131.338227,31.372626],[131.249848,31.388129],[131.212657,31.454739],[131.071788,31.449612],[131.013611,31.36307],[131.104015,31.328843],[131.074217,31.282104],[131.132114,31.279513],[131.008159,31.221082],[130.940684,31.121324],[130.657722,31.003191],[130.663339,31.069506],[130.742686,31.121283],[130.795252,31.344425],[130.703417,31.459305],[130.695567,31.545803],[130.590889,31.585988],[130.687836,31.619452],[130.722667,31.563422],[130.758637,31.563788],[130.810313,31.650946],[130.776378,31.710273],[130.644786,31.714748],[130.529145,31.513251],[130.516124,31.453315],[130.562673,31.334377],[130.66033,31.27143],[130.639822,31.186469],[130.536794,31.162177],[130.451144,31.249388],[130.222205,31.2463],[130.179382,31.327781],[130.207774,31.336615],[130.118988,31.408637],[130.162364,31.421942],[130.228282,31.381293],[130.317068,31.493069],[130.337657,31.607896],[130.171431,31.790137],[130.190319,31.835088],[130.235118,31.819525],[130.197004,31.858485],[130.220438,31.929595],[130.174106,31.998756],[130.204048,32.048285],[130.179861,32.093451],[130.248302,32.133734],[130.278656,32.100531],[130.331879,32.128607],[130.469574,32.347113],[130.512462,32.338202],[130.51002,32.378485],[130.5713,32.45189],[130.550466,32.491685],[130.598806,32.505357],[130.564708,32.546332],[130.668305,32.648749],[130.448009,32.621405],[130.625987,32.704006],[130.59197,32.748725],[130.611339,32.785468],[130.441254,32.923651],[130.420665,33.087592],[130.241396,33.188234],[130.127565,33.120937],[130.22231,32.975205],[130.188536,32.915321],[130.105317,32.875922],[130.153635,32.842457],[130.243588,32.875284],[130.33942,32.856579],[130.374848,32.780178],[130.360827,32.687963],[130.165987,32.592956],[130.128133,32.683871],[130.207585,32.752162],[130.178427,32.792922],[130.093789,32.79486],[129.990808,32.746917],[129.958508,32.764782],[129.894929,32.662689],[129.740351,32.568442],[129.814496,32.662551],[129.796923,32.692245],[129.85906,32.724514],[129.823795,32.721985],[129.771007,32.813951],[129.73271,32.80557],[129.63843,32.926546],[129.681612,33.094092],[129.759665,33.047889],[129.741664,32.991035],[129.766328,33.017954],[129.823277,32.979538],[129.806677,32.914697],[129.786945,32.947805],[129.7944,32.874921],[129.84544,32.838308],[129.883206,32.875693],[130.003148,32.845379],[129.931224,32.928894],[129.945623,33.015758],[129.881444,33.062763],[129.823859,33.043119],[129.797515,33.077309],[129.74648,33.06559],[129.758677,33.138941],[129.728526,33.122301],[129.709764,33.16257],[129.704112,33.111802],[129.666515,33.101264],[129.687022,33.142239],[129.65268,33.190253],[129.552144,33.225839],[129.591498,33.28341],[129.580413,33.371007],[129.644379,33.362372],[129.673185,33.398539],[129.701008,33.353007],[129.807465,33.348131],[129.851573,33.280015],[129.868663,33.397447],[129.787257,33.454519],[129.81844,33.484212],[129.871349,33.442939],[129.836835,33.513254],[129.853187,33.552502],[129.868789,33.5394],[129.942149,33.531684],[129.941209,33.479537],[130.016856,33.445787],[130.055294,33.495226],[130.167979,33.534084],[130.093028,33.573432],[130.208011,33.665076],[130.290294,33.574205],[130.390866,33.604874],[130.398692,33.669135],[130.348972,33.64113],[130.2949,33.664351],[130.294281,33.689239],[130.386485,33.677232],[130.467674,33.743564],[130.449555,33.802232],[130.488943,33.855373],[130.633067,33.882473],[130.705251,33.938707],[130.828228,33.939585],[130.896983,33.889309],[131.007148,33.966055],[130.961681,33.81623],[131.006945,33.813088],[131.009776,33.746161],[131.102976,33.624253],[131.36762,33.574802],[131.417703,33.581682],[131.521045,33.676371],[131.667366,33.667192],[131.729538,33.580236],[131.737295,33.484608],[131.706243,33.409583],[131.64031,33.416571],[131.596234,33.3494],[131.506029,33.363074],[131.51038,33.273404],[131.822174,33.244032],[131.902625,33.266042],[131.809574,33.127649],[131.911457,33.124815],[131.868938,33.09434],[131.880511,33.07504],[131.942384,33.092557],[131.976085,33.060248],[132.0,33.08546465269843],[132.0,33.049082982037575],[131.92955,33.04709],[131.903168,32.983059],[132.0,32.93968569281859],[132.0,32.87100929925116],[131.955577,32.827541],[131.996593,32.810533],[131.882498,32.783433],[131.855925,32.686084],[131.821938,32.702686],[131.743337,32.587958],[131.704713,32.581575],[131.685069,32.522447],[131.736501,32.491685],[131.65979,32.47682],[131.689132,32.421737],[131.633474,32.395494],[131.59254,32.303656],[131.447622,31.847435]]],[[[129.79005,32.558743],[129.775157,32.54621],[129.776703,32.565294],[129.79005,32.558743]]],[[[130.462576,32.541653],[130.460378,32.575751],[130.474946,32.58511],[130.4817,32.561428],[130.462576,32.541653]]],[[[130.446462,32.616604],[130.445811,32.552558],[130.427582,32.537299],[130.398774,32.593166],[130.446462,32.616604]]],[[[130.479666,32.606757],[130.510834,32.593044],[130.487153,32.575588],[130.479666,32.606757]]],[[[129.756847,32.662828],[129.753429,32.649115],[129.74407,32.660956],[129.756847,32.662828]]],[[[131.837576,32.668687],[131.81308,32.655585],[131.809174,32.669176],[131.837576,32.668687]]],[[[129.780121,32.689602],[129.760265,32.715725],[129.78533,32.691921],[129.780121,32.689602]]],[[[131.93214,32.720282],[131.922211,32.717353],[131.923188,32.73074],[131.93214,32.720282]]],[[[131.911143,32.769884],[131.911957,32.77794],[131.925304,32.771552],[131.911143,32.769884]]],[[[131.947195,32.994208],[131.928071,33.014268],[131.944102,33.015489],[131.947195,32.994208]]],[[[131.981944,33.168565],[131.989431,33.173082],[131.983165,33.162991],[131.981944,33.168565]]],[[[131.949067,33.271959],[131.938324,33.280707],[131.958344,33.280788],[131.949067,33.271959]]],[[[129.752859,33.471015],[129.789806,33.432278],[129.720795,33.417467],[129.752859,33.471015]]],[[[129.726899,33.460435],[129.727224,33.450141],[129.715424,33.463853],[129.726899,33.460435]]],[[[129.963227,33.539211],[129.976736,33.531399],[129.968272,33.526109],[129.963227,33.539211]]],[[[129.872732,33.545356],[129.883474,33.565863],[129.889903,33.553494],[129.872732,33.545356]]],[[[129.770193,33.572211],[129.739757,33.575629],[129.745209,33.58279],[129.770193,33.572211]]],[[[129.862722,33.618272],[129.848155,33.599799],[129.854991,33.617662],[129.862722,33.618272]]],[[[130.293305,33.613023],[130.301443,33.63821],[130.313243,33.62051],[130.293305,33.613023]]],[[[131.665294,33.739732],[131.681814,33.726711],[131.633149,33.71898],[131.665294,33.739732]]],[[[130.361827,33.754136],[130.379405,33.760932],[130.379731,33.758002],[130.361827,33.754136]]],[[[131.975108,33.796576],[131.971202,33.771145],[131.94516,33.77912],[131.975108,33.796576]]],[[[129.646658,33.772773],[129.687022,33.759182],[129.656934,33.815454],[129.688648,33.871146],[129.767263,33.84455],[129.799653,33.751044],[129.735064,33.736739],[129.721039,33.69774],[129.646658,33.772773]]],[[[131.999522,33.857693],[132.0,33.85766845242596],[132.0,33.856776931203946],[131.999522,33.857693]]],[[[130.407481,33.90884],[130.442068,33.913398],[130.424327,33.889675],[130.407481,33.90884]]],[[[130.507091,33.894924],[130.486501,33.914211],[130.498057,33.912828],[130.507091,33.894924]]],[[[131.806244,33.94066],[131.84783,33.953884],[131.860688,33.989285],[131.858572,33.949693],[131.806244,33.94066]]],[[[130.867931,33.978013],[130.861013,33.96898],[130.864675,33.982693],[130.867931,33.978013]]],[[[130.716482,34.000108],[130.710704,33.998928],[130.714041,34.006822],[130.716482,34.000108]]],[[[131.73349,33.98782],[131.691417,34.007921],[131.712576,34.034369],[131.73349,33.98782]]],[[[131.7553,34.031277],[131.724946,34.033596],[131.765961,34.044745],[131.7553,34.031277]]],[[[130.796072,34.109117],[130.796072,34.093573],[130.774913,34.116604],[130.796072,34.109117]]],[[[130.113617,34.246039],[130.104747,34.238715],[130.107758,34.249579],[130.113617,34.246039]]],[[[130.865326,34.37637],[130.84726,34.342108],[130.83725,34.353624],[130.865326,34.37637]]],[[[131.791352,33.964057],[131.777517,33.985745],[131.822765,34.026679],[131.741466,34.05622],[131.593272,34.037299],[131.578868,33.985745],[131.482921,34.03205],[131.441173,33.978909],[131.393321,33.985745],[131.389903,34.03974],[131.272227,33.926825],[131.215831,33.950751],[131.178233,33.930487],[131.103165,34.030217],[131.035595,34.047975],[130.915753,33.91399],[130.879405,33.937934],[130.912577,34.053342],[130.861583,34.112738],[130.92335,34.183783],[130.871593,34.279242],[130.893077,34.343492],[131.033607,34.381789],[130.93393,34.395982],[130.976396,34.438967],[131.009776,34.410305],[131.133923,34.411562],[131.172699,34.367743],[131.171315,34.429535],[131.252632,34.437387],[131.281214,34.407958],[131.229503,34.417711],[131.208995,34.36933],[131.414317,34.423977],[131.454763,34.51911],[131.536469,34.565619],[131.557299,34.614857],[131.595876,34.616848],[131.596872,34.659589],[131.840784,34.705329],[132.0,34.840439612439205],[132.0,33.91197470016987],[131.852061,33.998358],[131.791352,33.964057]]],[[[131.413015,34.515123],[131.406505,34.490953],[131.401134,34.505601],[131.413015,34.515123]]],[[[131.275971,34.521511],[131.29127,34.513861],[131.276866,34.499091],[131.275971,34.521511]]],[[[131.128103,34.784329],[131.160492,34.7685],[131.140147,34.759101],[131.128103,34.784329]]],[[[131.861042,37.244006],[131.861704,37.241606],[131.860148,37.242399],[131.861042,37.244006]]],[[[130.903575,37.545844],[130.896739,37.463121],[130.811046,37.487006],[130.814301,37.52261],[130.903575,37.545844]]],[[[130.273855,42.177436],[130.273936,42.146308],[130.263682,42.167507],[130.273855,42.177436]]],[[[130.910004,42.471788],[130.933116,42.467515],[130.909841,42.456081],[130.910004,42.471788]]],[[[131.463959,42.672634],[131.460867,42.637152],[131.420339,42.643378],[131.455089,42.651638],[131.463959,42.672634]]],[[[131.659028,42.885688],[131.678477,42.874172],[131.639496,42.865424],[131.659028,42.885688]]],[[[131.714773,42.901597],[131.718435,42.924343],[131.744884,42.919827],[131.745372,42.906236],[131.714773,42.901597]]],[[[131.724213,42.984239],[131.75644,42.959296],[131.726736,42.932196],[131.710867,42.951768],[131.724213,42.984239]]],[[[131.787364,43.034369],[131.859386,43.037258],[131.826508,43.065172],[131.854991,43.061347],[131.920909,43.024156],[131.91505,42.98428],[131.83725,42.961127],[131.757009,42.990058],[131.791189,42.996283],[131.787364,43.034369]]],[[[131.847179,43.089911],[132.0,43.243741077826336],[132.0,43.10054220837465],[131.929942,43.069566],[131.886485,43.085639],[131.920665,43.120429],[131.847179,43.089911]]]]}}]}